subject,grade,year,code,jurisdiction,mean,pct_basic,pct_proficient,p10,p25,p50,p75,p90
Mathematics,4,2003,AK,Alaska,232.99,74.77,30.16,195.08,213.82,234.23,252.92,269.16
Mathematics,4,2003,AL,Alabama,223.34,64.63,18.78,186.35,205.15,224.66,243.23,259.19
Mathematics,4,2003,AR,Arkansas,229.01,71.15,26.2,189.11,210.01,231.23,250,265.24
Mathematics,4,2003,AZ,Arizona,228.91,70.05,25.43,190.4,209.19,230.45,249.44,264.92
Mathematics,4,2003,CA,California,227.45,67.15,24.73,188.23,206.96,227.68,248.75,266.45
Mathematics,4,2003,CO,Colorado,235.19,76.99,33.9,196.17,216.09,236.87,256.03,271.49
Mathematics,4,2003,CT,Connecticut,240.62,82.4,41.06,203.09,222.34,242.81,260.31,274.83
Mathematics,4,2003,DC,District of Columbia,204.92,36.38,7.1,167.94,185.3,203.81,223.65,242.75
Mathematics,4,2003,DE,Delaware,235.86,80.7,31.1,203.07,219.08,236.57,253.67,268.04
Mathematics,4,2003,DS,DoDEA,237.19,84.13,30.99,206.88,222.15,238.07,252.94,266.17
Mathematics,4,2003,FL,Florida,233.73,75.56,31.04,196.18,214.61,234.96,253.97,269.8
Mathematics,4,2003,GA,Georgia,230.25,71.6,26.86,191.86,210.91,231.23,250.53,266.92
Mathematics,4,2003,HI,Hawaii,226.83,68.39,23.23,189.26,207.87,227.76,247.43,262.54
Mathematics,4,2003,IA,Iowa,238.48,83.16,35.53,204.61,221.98,239.63,256.16,270.2
Mathematics,4,2003,ID,Idaho,234.94,79.62,30.58,200.27,218.5,236.74,253.05,267.11
Mathematics,4,2003,IL,Illinois,232.86,72.95,31.53,192.21,211.91,234.03,254.83,271.92
Mathematics,4,2003,IN,Indiana,237.97,82.35,35.13,203.65,221.12,239.34,256.02,270.69
Mathematics,4,2003,KS,Kansas,241.75,84.86,41.26,206.41,224.69,242.96,260.99,275.08
Mathematics,4,2003,KY,Kentucky,228.73,72.24,22.12,194.36,211.65,229.63,246.78,261.54
Mathematics,4,2003,LA,Louisiana,226.25,66.83,21.28,190.32,207.58,226.7,245.48,261.73
Mathematics,4,2003,MA,Massachusetts,241.66,84.47,41.19,206.01,223.52,242.92,260.74,275.16
Mathematics,4,2003,MD,Maryland,233.08,72.55,31.25,192.5,211.58,233.55,254.85,272.73
Mathematics,4,2003,ME,Maine,237.62,82.54,33.9,204.35,221.28,238.75,255.18,268.68
Mathematics,4,2003,MI,Michigan,235.69,77.02,34.19,196.5,216.14,237.44,256.34,271.93
Mathematics,4,2003,MN,Minnesota,241.91,83.87,41.77,204.25,223.78,243.25,261.61,277.15
Mathematics,4,2003,MO,Missouri,234.84,79.15,29.86,201.27,217.81,235.5,252.51,267.15
Mathematics,4,2003,MS,Mississippi,222.89,62.4,17.04,188.62,204.55,222.95,241.86,257.56
Mathematics,4,2003,MT,Montana,235.75,81.38,31.1,202.43,219.99,236.77,253.3,266.95
Mathematics,4,2003,NC,North Carolina,242.04,84.85,40.76,207.16,223.77,242.69,260.83,275.59
Mathematics,4,2003,ND,North Dakota,237.58,83.16,34.11,205.49,221.39,239.08,254.87,267.69
Mathematics,4,2003,NE,Nebraska,236.25,79.93,33.61,200.39,218.86,237.78,255.58,269.82
Mathematics,4,2003,NH,New Hampshire,243.11,87.19,42.64,209.81,226.67,244.2,261.05,275.14
Mathematics,4,2003,NJ,New Jersey,238.78,80.41,38.82,199.3,220.3,241.05,259.51,274.16
Mathematics,4,2003,NM,New Mexico,222.52,62.98,17.19,185.68,203.88,223.63,242.03,257.31
Mathematics,4,2003,NP,National public,233.95,76.1,31.22,196.34,215.07,235.22,254.06,269.7
Mathematics,4,2003,NV,Nevada,227.51,69.49,23.07,190.97,209.17,228.83,247.44,261.8
Mathematics,4,2003,NY,New York,235.93,78.7,32.89,199.58,217.52,237.23,255.32,270.4
Mathematics,4,2003,OH,Ohio,237.78,80.91,35.75,202.46,220.14,239.05,257.06,271.28
Mathematics,4,2003,OK,Oklahoma,229.1,73.56,22.56,195.58,212.65,230.32,247.08,260.61
Mathematics,4,2003,OR,Oregon,236.31,78.93,33.21,200.18,218.08,237.17,255.63,270.96
Mathematics,4,2003,PA,Pennsylvania,235.95,77.55,35.72,195.97,216.75,238.6,257.01,271.28
Mathematics,4,2003,RI,Rhode Island,230.3,71.55,28.09,190.35,210.5,232.01,251.72,267.56
Mathematics,4,2003,SC,South Carolina,235.79,79.22,31.85,201.21,217.76,235.73,254.64,270.39
Mathematics,4,2003,SD,South Dakota,237.26,82.18,33.72,203.77,221,238.64,255.11,268.74
Mathematics,4,2003,TN,Tennessee,227.76,69.58,23.74,189,208.65,228.78,247.91,264.4
Mathematics,4,2003,TX,Texas,237.31,82.31,32.88,204.38,220.48,237.81,254.92,269.59
Mathematics,4,2003,UT,Utah,234.78,79,31.28,200.19,217.87,236.55,253.37,266.85
Mathematics,4,2003,VA,Virginia,239.2,82.78,36.11,204.81,221.33,239.87,257.13,273.01
Mathematics,4,2003,VT,Vermont,241.93,84.75,41.89,206.32,224.14,243.63,260.7,274.92
Mathematics,4,2003,WA,Washington,238.29,80.99,36.21,201.69,220.42,239.38,257.49,272.75
Mathematics,4,2003,WI,Wisconsin,236.76,79.38,35.24,198.81,218.66,238.6,256.65,271.79
Mathematics,4,2003,WV,West Virginia,230.77,75.26,23.88,198.14,214.19,231.36,248.23,262.18
Mathematics,4,2003,WY,Wyoming,241.09,87.1,38.8,209.94,225.78,242.45,257.46,270.53
Mathematics,4,2005,AK,Alaska,235.51,76.91,33.71,197.11,216.14,237.29,256.01,271.47
Mathematics,4,2005,AL,Alabama,225.07,66.44,20.89,186.55,206.08,226.66,245.39,261.03
Mathematics,4,2005,AR,Arkansas,235.55,77.81,33.96,197.21,216.89,237.31,255.92,271.36
Mathematics,4,2005,AZ,Arizona,229.8,70.36,27.86,189.64,209.44,231.59,251.37,267.52
Mathematics,4,2005,CA,California,230.37,70.91,28.01,189.93,209.87,231.8,251.63,268.68
Mathematics,4,2005,CO,Colorado,239.22,80.51,38.8,200.32,219.88,240.97,260.26,275.49
Mathematics,4,2005,CT,Connecticut,242.12,84.26,42.46,205.07,224.22,243.78,261.96,276.82
Mathematics,4,2005,DC,District of Columbia,211.12,44.57,9.6,175.02,191.67,209.97,229.9,248.1
Mathematics,4,2005,DE,Delaware,239.72,84.24,36.15,206.82,222.69,240.2,257.05,272.05
Mathematics,4,2005,DS,DoDEA,238.78,84.63,34.76,206.97,223.02,239.97,255.58,268.89
Mathematics,4,2005,FL,Florida,238.93,82.15,36.59,203.53,220.81,239.64,258.06,273.59
Mathematics,4,2005,GA,Georgia,233.64,76.01,29.51,196.45,214.89,235,252.51,268.72
Mathematics,4,2005,HI,Hawaii,230.1,72.64,26.68,192.11,211.78,232.39,250.41,265.65
Mathematics,4,2005,IA,Iowa,239.88,84.74,37.3,206.76,223.34,241.02,257.44,271.61
Mathematics,4,2005,ID,Idaho,241.65,86.39,40.4,208.31,225.74,243.21,259.17,272.91
Mathematics,4,2005,IL,Illinois,233.07,73.93,31.62,191.81,212.9,234.85,254.58,271.45
Mathematics,4,2005,IN,Indiana,240.07,83.85,38.18,205.31,222.91,240.96,258.31,272.97
Mathematics,4,2005,KS,Kansas,245.78,88.1,46.84,210.66,228.23,246.85,264.38,278.92
Mathematics,4,2005,KY,Kentucky,231.49,75.01,26.08,196.31,213.97,232.2,249.81,265.14
Mathematics,4,2005,LA,Louisiana,230.23,73.96,23.92,196.69,213.07,230.54,248.13,263.62
Mathematics,4,2005,MA,Massachusetts,247.34,90.59,48.78,214.91,231.16,248.19,264.34,279
Mathematics,4,2005,MD,Maryland,238.42,78.81,37.96,197.68,218.02,240.01,259.82,277.05
Mathematics,4,2005,ME,Maine,240.69,84.34,38.83,205.72,223.76,241.58,259.45,274.47
Mathematics,4,2005,MI,Michigan,237.71,79.09,37.7,197.63,219.14,240.3,258.48,274.06
Mathematics,4,2005,MN,Minnesota,245.75,87.57,47.26,210.04,228.62,247.1,264.81,279.6
Mathematics,4,2005,MO,Missouri,235.04,78.65,31.05,200.07,217.21,236.29,253.4,268.29
Mathematics,4,2005,MS,Mississippi,226.7,69.26,19.43,193.46,209.23,227.13,244.26,259.52
Mathematics,4,2005,MT,Montana,240.58,85.4,38.27,207.38,224.66,241.85,257.86,271.2
Mathematics,4,2005,NC,North Carolina,241.24,83.3,39.9,205.26,222.66,241.85,259.92,276.15
Mathematics,4,2005,ND,North Dakota,242.74,88.83,40.36,212.29,227.96,243.49,258.78,272.43
Mathematics,4,2005,NE,Nebraska,237.71,80.25,36.09,200.46,219.7,239.3,257.32,272.12
Mathematics,4,2005,NH,New Hampshire,245.63,89.11,46.92,212.74,229.45,247.02,262.99,275.94
Mathematics,4,2005,NJ,New Jersey,243.98,85.72,45.39,206.84,226.65,245.93,263.04,278.24
Mathematics,4,2005,NM,New Mexico,224.03,64.8,19.04,187.17,205.17,224.53,243.5,259.91
Mathematics,4,2005,NP,National public,237.1,79.47,35.33,199.39,218.61,238.62,256.89,272.45
Mathematics,4,2005,NV,Nevada,229.87,71.7,26.15,191.39,210.92,231.69,250,265.17
Mathematics,4,2005,NY,New York,238.17,81.29,36.08,201.98,220.42,239.8,257.17,271.88
Mathematics,4,2005,OH,Ohio,242.11,83.95,42.51,204.61,224.33,243.67,261.72,276.71
Mathematics,4,2005,OK,Oklahoma,233.96,79.02,28.59,200.38,217.55,234.85,251.48,266.64
Mathematics,4,2005,OR,Oregon,238.32,80.36,36.97,200.56,219.41,239.48,258.25,273.9
Mathematics,4,2005,PA,Pennsylvania,240.57,82.24,41.46,201.4,222.57,243.12,260.78,275.62
Mathematics,4,2005,RI,Rhode Island,233.44,76.26,30.52,194.88,215.26,235.52,253.35,268.87
Mathematics,4,2005,SC,South Carolina,238.3,81.47,35.85,203.09,220.03,239.06,257.26,272.72
Mathematics,4,2005,SD,South Dakota,241.59,86.4,40.64,208.04,226.32,243.46,258.69,272.32
Mathematics,4,2005,TN,Tennessee,231.69,73.83,27.67,195,212.93,232.56,251.22,267.47
Mathematics,4,2005,TX,Texas,241.99,86.71,40.01,209.58,225.39,242.31,259.03,273.4
Mathematics,4,2005,UT,Utah,238.8,82.63,36.78,203.62,221.8,240.76,257.01,271.15
Mathematics,4,2005,VA,Virginia,240.5,82.83,39.33,204.13,222.16,241.67,259.91,274.49
Mathematics,4,2005,VT,Vermont,243.53,86.88,43.51,209.19,226.67,244.85,262.01,275.86
Mathematics,4,2005,WA,Washington,241.68,84.01,41.64,205.39,223.55,243.1,261.03,275.77
Mathematics,4,2005,WI,Wisconsin,240.57,83.81,40.32,203.84,223.72,242.67,259.26,273.23
Mathematics,4,2005,WV,West Virginia,230.84,75.37,25.1,196.38,214.28,232.52,249.06,262.44
Mathematics,4,2005,WY,Wyoming,242.96,87.13,42.61,209.89,227.2,244.21,260.5,274.03
Mathematics,4,2007,AK,Alaska,237.27,78.84,37.89,195.39,218.29,239.97,259.21,274.63
Mathematics,4,2007,AL,Alabama,228.52,70.16,25.8,188.81,209.27,230.51,249.67,265.3
Mathematics,4,2007,AR,Arkansas,237.67,80.72,36.71,199.74,220.38,239.75,257.58,271.94
Mathematics,4,2007,AZ,Arizona,231.94,73.67,30.62,191.36,212.61,233.91,253.69,269.28
Mathematics,4,2007,CA,California,230.03,69.56,29.67,186.81,208.47,231.68,253.27,270.75
Mathematics,4,2007,CO,Colorado,240.21,81.78,41.2,201.14,221.68,242.84,260.94,275.74
Mathematics,4,2007,CT,Connecticut,242.76,83.92,44.65,202.95,224.97,245.34,263.15,278.08
Mathematics,4,2007,DC,District of Columbia,213.7,49.27,13.53,172.25,192.24,213.37,234.45,255.68
Mathematics,4,2007,DE,Delaware,241.79,86.94,39.95,209.56,225.82,242.69,258.83,272.71
Mathematics,4,2007,DS,DoDEA,240.08,85.86,37.35,208.08,224.59,241.58,257.02,270.22
Mathematics,4,2007,FL,Florida,242.02,86.19,40.29,208.67,225.37,242.78,259.87,274.65
Mathematics,4,2007,GA,Georgia,235.21,78.61,31.62,200.52,217.18,235.63,254.36,270.08
Mathematics,4,2007,HI,Hawaii,234.29,76.9,33.28,193.96,216.1,237.04,255.67,271.45
Mathematics,4,2007,IA,Iowa,242.82,86.57,43.03,208.56,226.66,244.85,260.78,274.16
Mathematics,4,2007,ID,Idaho,240.9,84.51,40.06,205.4,224.23,242.57,259.42,274.15
Mathematics,4,2007,IL,Illinois,237.29,78.65,36.32,198.43,217.9,238.71,258,274.46
Mathematics,4,2007,IN,Indiana,245.14,88.88,46.29,212.15,229.49,246.85,262.67,276.82
Mathematics,4,2007,KS,Kansas,247.92,89.38,51.1,212.94,231.35,249.63,266.56,280.26
Mathematics,4,2007,KY,Kentucky,235.09,79.27,30.77,200.24,218.02,236.07,253.54,268.41
Mathematics,4,2007,LA,Louisiana,230.04,72.86,24.4,195.48,212.08,230.77,248.46,263.97
Mathematics,4,2007,MA,Massachusetts,252.43,93.2,57.57,220.45,236.99,253.53,269.45,283
Mathematics,4,2007,MD,Maryland,240.33,79.97,40.1,200.59,219.78,241.24,261.91,278.92
Mathematics,4,2007,ME,Maine,242.37,85.46,41.78,207,225.16,243.84,260.88,276.04
Mathematics,4,2007,MI,Michigan,237.61,79.85,37.09,198.08,219.29,240.07,258.06,273.42
Mathematics,4,2007,MN,Minnesota,247,87.45,50.59,209.7,229.66,249.53,266.51,280.95
Mathematics,4,2007,MO,Missouri,239.41,82.04,38.39,202.97,221.27,240.82,258.79,273.72
Mathematics,4,2007,MS,Mississippi,227.61,69.92,21.27,193.97,209.82,228.16,245.89,260.57
Mathematics,4,2007,MT,Montana,243.62,87.67,44.38,210.25,227.76,245.63,260.79,274.47
Mathematics,4,2007,NC,North Carolina,241.62,84.93,40.97,206.43,224.08,242.94,260.69,275.21
Mathematics,4,2007,ND,North Dakota,245.42,90.76,45.72,215.2,230.55,246.51,261.29,274.3
Mathematics,4,2007,NE,Nebraska,238.04,80.06,37.87,199.62,219.54,240.37,258.61,272.92
Mathematics,4,2007,NH,New Hampshire,248.57,91.34,51.78,216.23,233.27,250.04,265.89,278.63
Mathematics,4,2007,NJ,New Jersey,248.62,89.65,51.82,213.2,231.59,250.18,267.32,281.31
Mathematics,4,2007,NM,New Mexico,228.06,70.26,24.45,189.03,209.41,229.93,248.53,264.11
Mathematics,4,2007,NP,National public,239.06,81.41,38.56,201.22,220.92,240.97,259.18,274.29
Mathematics,4,2007,NV,Nevada,231.78,73.67,30.15,192.02,212.62,234.2,252.88,267.93
Mathematics,4,2007,NY,New York,242.54,85.08,43.33,205.53,225.18,244.66,261.77,276.36
Mathematics,4,2007,OH,Ohio,244.53,87.48,45.87,209.83,227.29,246.2,262.9,276.93
Mathematics,4,2007,OK,Oklahoma,236.8,82.42,32.58,204.21,220.92,238.33,254.01,267.77
Mathematics,4,2007,OR,Oregon,236.04,78.59,34.96,197.29,217.72,238.17,256.75,271.72
Mathematics,4,2007,PA,Pennsylvania,244,85.11,47.03,206.37,226.54,246.96,263.96,277.84
Mathematics,4,2007,RI,Rhode Island,235.88,79.58,33.99,198.64,218.79,238.47,255.45,270.04
Mathematics,4,2007,SC,South Carolina,237.11,79.66,35.85,199.03,219.04,238.95,257.42,272.92
Mathematics,4,2007,SD,South Dakota,241.21,86.08,40.57,207.47,225.83,243.25,259.1,272.17
Mathematics,4,2007,TN,Tennessee,232.75,76.12,28.73,196.63,215.03,234.42,251.7,266.84
Mathematics,4,2007,TX,Texas,242.34,87.39,40.24,210.19,226.22,242.72,259.43,273.76
Mathematics,4,2007,UT,Utah,239.4,82.69,39.44,202.37,222.27,242.07,258.93,272.5
Mathematics,4,2007,VA,Virginia,243.52,87.33,41.94,209.99,226.43,244.15,261.05,276.47
Mathematics,4,2007,VT,Vermont,246.36,88.97,49.05,211.99,230.36,248.47,264.67,278.15
Mathematics,4,2007,WA,Washington,242.54,84.35,43.82,204.4,224.81,244.76,262.7,277.42
Mathematics,4,2007,WI,Wisconsin,244.18,85.27,46.91,205.95,227.45,246.97,263.65,277.38
Mathematics,4,2007,WV,West Virginia,236.34,81.17,32.57,202.58,219.55,237.47,254.17,268.35
Mathematics,4,2007,WY,Wyoming,243.87,88.46,44.26,211.4,228.23,245.52,260.86,273.7
Mathematics,4,2009,AK,Alaska,237.21,78.34,37.84,195.29,218.25,240.13,259.17,274.79
Mathematics,4,2009,AL,Alabama,227.96,70.26,24.46,189.35,209.55,229.88,248.56,264.12
Mathematics,4,2009,AR,Arkansas,237.54,80,36.25,199.35,219.29,239.49,257.44,273.36
Mathematics,4,2009,AZ,Arizona,229.99,70.54,27.95,189.18,209.73,231.29,251.68,268.54
Mathematics,4,2009,CA,California,231.67,71.69,30.24,189.64,210.66,232.72,254.19,271.94
Mathematics,4,2009,CO,Colorado,243.13,83.79,45.23,203.36,224.07,245.61,264.17,278.93
Mathematics,4,2009,CT,Connecticut,244.72,85.51,46.18,207.33,226.11,246.28,265,279.67
Mathematics,4,2009,DC,District of Columbia,219.26,56.29,17,178.32,197.74,218.64,239.88,261.07
Mathematics,4,2009,DE,Delaware,239.49,83.67,36.42,205.61,222.18,239.75,257.34,272.91
Mathematics,4,2009,DS,DoDEA,240.29,85.55,37.52,208.54,224.37,241.24,257.23,270.65
Mathematics,4,2009,FL,Florida,241.94,86.13,40.39,208.85,224.81,242.55,259.78,274.51
Mathematics,4,2009,GA,Georgia,236.03,77.97,33.85,198.9,217.23,237.24,255.86,272
Mathematics,4,2009,HI,Hawaii,235.68,77.46,36.74,191.86,217.04,239.17,258.4,273.83
Mathematics,4,2009,IA,Iowa,242.6,86.87,41.39,209.69,225.94,243.83,259.97,274.22
Mathematics,4,2009,ID,Idaho,241.04,84.62,40.53,206.47,224.24,242.56,259.41,273.08
Mathematics,4,2009,IL,Illinois,238.29,79.56,37.63,198.13,218.8,239.81,259.43,276.38
Mathematics,4,2009,IN,Indiana,242.62,87.14,41.59,209.95,226.34,243.75,259.96,274.33
Mathematics,4,2009,KS,Kansas,245.31,88.9,46.27,212.17,229.31,246.61,263.18,276.6
Mathematics,4,2009,KY,Kentucky,238.84,80.96,36.5,202.59,220.28,239.14,257.94,274.19
Mathematics,4,2009,LA,Louisiana,229.43,72.34,22.85,195.22,211.79,229.79,247.23,263.08
Mathematics,4,2009,MA,Massachusetts,252.25,92.35,56.83,218.79,236.29,253.21,270.1,284.61
Mathematics,4,2009,MD,Maryland,243.8,85.16,43.72,206.8,224.62,244.09,263.69,280.38
Mathematics,4,2009,ME,Maine,244.46,87.21,45.01,209.62,227.46,245.8,262.67,277.4
Mathematics,4,2009,MI,Michigan,236.28,77.95,35.13,196.4,217.4,238.03,257.35,273.18
Mathematics,4,2009,MN,Minnesota,249.46,88.63,53.82,211.5,231.45,251.53,269.61,283.82
Mathematics,4,2009,MO,Missouri,240.68,82.62,41.11,203.1,222.5,242.86,260.68,275.48
Mathematics,4,2009,MS,Mississippi,227.26,69.07,22.23,191.9,209.08,227.65,246.47,261.79
Mathematics,4,2009,MT,Montana,244.4,88.38,45.46,211.69,228.15,245.8,262.02,275.2
Mathematics,4,2009,NC,North Carolina,243.78,86.55,43.22,208.88,226.26,244.3,262.29,279.02
Mathematics,4,2009,ND,North Dakota,245.19,91.16,44.53,215.6,230.22,245.83,260.98,274.45
Mathematics,4,2009,NE,Nebraska,238.75,82.13,37.94,202.42,221.73,240.79,257.98,272.05
Mathematics,4,2009,NH,New Hampshire,251.07,92.08,55.75,217.8,234.86,252.62,268.63,282.15
Mathematics,4,2009,NJ,New Jersey,246.53,87.52,48.84,209.59,228.62,248.16,265.73,280.41
Mathematics,4,2009,NM,New Mexico,230.03,71.82,26.19,192.33,211,230.77,250.13,266.78
Mathematics,4,2009,NP,National public,239.09,81.2,38.35,201.16,220.55,240.62,259.2,274.82
Mathematics,4,2009,NV,Nevada,235.15,78.55,32.06,198.86,217.47,236.89,254.26,269.03
Mathematics,4,2009,NY,New York,240.64,83.33,40.16,204.43,223,242.2,260.08,274.26
Mathematics,4,2009,OH,Ohio,243.69,85.31,45.28,206.71,225.43,245.46,263.47,278.17
Mathematics,4,2009,OK,Oklahoma,236.78,81.73,32.67,203.96,220.15,238.05,254.11,268.18
Mathematics,4,2009,OR,Oregon,238.03,80.11,37.14,199.38,219.33,239.72,257.84,273.43
Mathematics,4,2009,PA,Pennsylvania,243.59,84.48,45.51,205.68,224.86,245.73,263.65,278.77
Mathematics,4,2009,RI,Rhode Island,238.77,80.93,39.39,199.17,220.62,241.44,259.71,273.88
Mathematics,4,2009,SC,South Carolina,235.67,77.76,34.01,197.12,216.83,237.2,256.15,272.07
Mathematics,4,2009,SD,South Dakota,242.1,86.06,41.8,207.95,226.56,243.94,259.96,273.78
Mathematics,4,2009,TN,Tennessee,231.83,74.19,28.43,194.93,213.22,233.07,251.88,266.63
Mathematics,4,2009,TX,Texas,240.46,85.37,38.36,207.46,223.86,241.48,258.16,272.3
Mathematics,4,2009,UT,Utah,240.32,81.42,41.25,200.8,221.46,242.87,260.83,276.02
Mathematics,4,2009,VA,Virginia,243.07,85.49,42.55,207.79,224.45,243.54,262.49,277.79
Mathematics,4,2009,VT,Vermont,247.77,88.74,50.7,211.65,230.63,249.44,266.82,281.11
Mathematics,4,2009,WA,Washington,242.26,83.84,43.21,203.97,224.06,244.43,262.09,277.45
Mathematics,4,2009,WI,Wisconsin,243.59,84.96,45.08,205.78,225.62,245.46,263.51,278.29
Mathematics,4,2009,WV,West Virginia,232.98,77.39,28.1,199.2,216.16,233.98,251.32,265.72
Mathematics,4,2009,WY,Wyoming,242.01,87.41,40.46,209.98,226.21,242.93,259.24,272.26
Mathematics,4,2011,AK,Alaska,236.36,77.8,36.56,194.65,217.13,238.92,258.11,274.28
Mathematics,4,2011,AL,Alabama,231.29,74.63,27.29,195.32,213.59,232.49,250.7,266.15
Mathematics,4,2011,AR,Arkansas,237.81,80.52,37.28,199.72,219.68,239.94,258.05,272.54
Mathematics,4,2011,AZ,Arizona,235.16,77.35,33.58,195.92,216.46,237.01,256.14,271.77
Mathematics,4,2011,CA,California,234.16,73.83,33.8,191.59,212.71,235.36,256.98,274.61
Mathematics,4,2011,CO,Colorado,244.46,84.33,46.84,204.76,225.1,246.64,265.18,281.51
Mathematics,4,2011,CT,Connecticut,242.41,81.87,45.45,200.65,222.67,245.57,264.17,279.38
Mathematics,4,2011,DC,District of Columbia,221.81,59.81,21.56,176.04,198.59,222.31,245.16,266.54
Mathematics,4,2011,DE,Delaware,240.36,83.72,38.57,204.89,223.37,241.4,258.9,273.42
Mathematics,4,2011,DS,DoDEA,240.82,85.83,38.66,208.72,224.85,242.02,257.98,271.54
Mathematics,4,2011,FL,Florida,239.83,83.56,37.34,205.38,222.27,240.65,258.31,273.86
Mathematics,4,2011,GA,Georgia,238.37,79.6,37,200.25,218.89,238.95,259.1,275.71
Mathematics,4,2011,HI,Hawaii,238.82,80.44,39.68,197.59,220.4,241.36,260.7,276.41
Mathematics,4,2011,IA,Iowa,242.6,85.68,43.11,206.98,225.87,244.59,261.07,274.99
Mathematics,4,2011,ID,Idaho,240.33,83.08,39.47,203.75,222.47,241.83,259.67,274.17
Mathematics,4,2011,IL,Illinois,238.84,79.8,38.34,198.98,219.09,239.94,260.16,276.76
Mathematics,4,2011,IN,Indiana,243.84,86.57,44.07,208.83,226.95,245,262.19,277.16
Mathematics,4,2011,KS,Kansas,246.26,89.88,47.66,213.71,230.41,247.62,263.43,277.2
Mathematics,4,2011,KY,Kentucky,240.83,84.77,38.85,206.42,223.71,241.61,258.89,273.93
Mathematics,4,2011,LA,Louisiana,230.78,73.12,25.86,195.46,212.35,231.56,249.75,265.39
Mathematics,4,2011,MA,Massachusetts,253.4,92.55,58.45,219.04,236.74,254.73,271.68,286.14
Mathematics,4,2011,MD,Maryland,247.11,86.21,47.62,208.23,226.52,247.14,267.9,285.94
Mathematics,4,2011,ME,Maine,244.26,86.74,44.99,209.09,227.28,245.74,263.13,277.66
Mathematics,4,2011,MI,Michigan,236.4,78.24,34.79,197.65,217.19,237.96,256.75,272.33
Mathematics,4,2011,MN,Minnesota,249.19,88.04,52.93,210.56,231.27,251.2,269.61,284.3
Mathematics,4,2011,MO,Missouri,240.49,82.71,41.41,202.36,222.53,242.85,260.85,274.8
Mathematics,4,2011,MS,Mississippi,229.87,72.41,25.08,193.73,211.65,230.67,249.1,265
Mathematics,4,2011,MT,Montana,243.8,86.8,45.29,208.6,228.04,245.99,262.11,275.39
Mathematics,4,2011,NC,North Carolina,244.52,88.22,44.26,211.22,227.39,245.33,262.66,277.33
Mathematics,4,2011,ND,North Dakota,245.16,89.69,46.41,213.49,229.96,246.99,261.62,275.03
Mathematics,4,2011,NE,Nebraska,239.8,82.52,39.42,203.09,221.71,241.8,259.62,273.69
Mathematics,4,2011,NH,New Hampshire,251.78,92.43,57.21,218.88,236.2,253.6,268.91,282.6
Mathematics,4,2011,NJ,New Jersey,248,89.03,50.75,212.22,231.31,249.6,266.88,281.81
Mathematics,4,2011,NM,New Mexico,232.84,74.95,29.51,195.04,213.93,233.82,252.72,269.1
Mathematics,4,2011,NP,National public,240.11,81.94,39.68,202.1,221.51,241.56,260.28,275.97
Mathematics,4,2011,NV,Nevada,237.03,79.11,35.67,199.44,218.29,238.59,256.91,272.28
Mathematics,4,2011,NY,New York,237.52,79.79,35.87,199.54,218.92,239.01,257.37,273.04
Mathematics,4,2011,OH,Ohio,244.04,86.11,45.31,208.12,226.44,245.81,263.33,277.36
Mathematics,4,2011,OK,Oklahoma,237.43,82.77,33.48,204.85,221.16,238.54,254.98,268.93
Mathematics,4,2011,OR,Oregon,236.91,77.26,36.61,197.03,216.18,238.04,258.59,275.72
Mathematics,4,2011,PA,Pennsylvania,245.65,86.63,47.88,207.84,227.97,247.67,265.69,280.7
Mathematics,4,2011,RI,Rhode Island,241.62,83.84,42.77,202.63,224.03,243.97,262.17,277.5
Mathematics,4,2011,SC,South Carolina,237.3,79.12,36.07,199.91,217.92,238.1,258.1,274.05
Mathematics,4,2011,SD,South Dakota,240.98,85.56,40.01,207.15,225.18,242.55,258.78,272.95
Mathematics,4,2011,TN,Tennessee,232.9,75.3,29.52,195.55,214.31,233.86,252.81,269.34
Mathematics,4,2011,TX,Texas,241.1,85.17,39.02,207.76,224.43,241.9,258.53,272.79
Mathematics,4,2011,UT,Utah,242.54,84.72,43,205.84,224.64,244.29,262.39,277.68
Mathematics,4,2011,VA,Virginia,245.33,87.22,45.87,209.71,226.98,246.11,264.19,279.97
Mathematics,4,2011,VT,Vermont,246.64,88.64,49.14,211.67,230.48,248.41,264.95,278.94
Mathematics,4,2011,WA,Washington,243.18,83.31,44.78,202.49,223.88,245.27,264.64,280.57
Mathematics,4,2011,WI,Wisconsin,244.69,86.03,46.84,207.23,226.57,246.67,264.57,279.11
Mathematics,4,2011,WV,West Virginia,234.66,78.12,31.19,199.48,216.89,235.82,253.46,268.99
Mathematics,4,2011,WY,Wyoming,243.87,87.88,43.92,211.01,227.69,245.27,261.22,274.98
Mathematics,4,2013,AK,Alaska,236.12,76.55,36.67,193.19,215.68,238.61,258.8,275.39
Mathematics,4,2013,AL,Alabama,232.86,75.05,29.79,195.78,214.04,233.88,252.84,268.29
Mathematics,4,2013,AR,Arkansas,239.89,82.92,39.29,203.75,222.22,241.64,259.37,274.1
Mathematics,4,2013,AZ,Arizona,240.3,81.92,39.6,202.02,221.58,241.68,260.28,277.2
Mathematics,4,2013,CA,California,233.65,73.76,32.6,193.18,212.7,234.85,255.6,273.05
Mathematics,4,2013,CO,Colorado,246.98,87,49.94,209.15,228.33,248.95,267.5,282.84
Mathematics,4,2013,CT,Connecticut,243.44,83.5,45.15,203.25,224.37,245.49,264.33,280.03
Mathematics,4,2013,DC,District of Columbia,228.57,66.46,27.89,183.84,205.4,228.51,252.27,273.44
Mathematics,4,2013,DE,Delaware,243.11,85.86,42.13,207.55,225.42,243.78,261.81,277.58
Mathematics,4,2013,DS,DoDEA,245.01,89.42,45.28,213.08,229.42,246.02,261.97,275.64
Mathematics,4,2013,FL,Florida,241.68,84.42,40.74,205.93,223.85,242.68,260.86,276.12
Mathematics,4,2013,GA,Georgia,240.05,80.98,39.4,201.98,220.11,240.94,260.78,277.2
Mathematics,4,2013,HI,Hawaii,243.31,83.32,46,202.15,224.02,245.92,265.17,280.27
Mathematics,4,2013,IA,Iowa,245.79,86.58,47.69,208.22,227.66,247.47,265.58,281.18
Mathematics,4,2013,ID,Idaho,240.72,83.12,39.7,203.82,222.51,241.82,260.25,276.02
Mathematics,4,2013,IL,Illinois,239,78.57,39.09,197.33,217.93,239.92,261.4,279.18
Mathematics,4,2013,IN,Indiana,248.6,89.68,51.82,213.41,231.6,250.15,267.15,282.15
Mathematics,4,2013,KS,Kansas,246.19,89,47.56,212.28,229.55,247.46,264.12,278.6
Mathematics,4,2013,KY,Kentucky,241.47,83.78,41.46,204.32,223.32,242.87,261.18,276.09
Mathematics,4,2013,LA,Louisiana,231.37,74.61,26.33,196.19,213.64,232.38,250.02,265.66
Mathematics,4,2013,MA,Massachusetts,253.03,90.16,58.35,214.26,234.7,255.05,273.41,288.7
Mathematics,4,2013,MD,Maryland,245.17,82.3,46.51,201.68,222.86,245.99,268.36,287.28
Mathematics,4,2013,ME,Maine,245.85,87.53,47.49,209.77,228.66,247.33,264.63,279.9
Mathematics,4,2013,MI,Michigan,236.82,76.72,36.88,194.31,215.94,238.84,259.03,276.03
Mathematics,4,2013,MN,Minnesota,253.42,90.07,59.41,214.22,235.4,256.01,273.78,288.98
Mathematics,4,2013,MO,Missouri,239.55,82.66,38.75,202.44,222.39,241.55,258.77,273.62
Mathematics,4,2013,MS,Mississippi,231.11,73.98,26.08,196.12,213.15,231.47,249.94,265.7
Mathematics,4,2013,MT,Montana,243.7,85.88,45.02,207.28,226.43,245.74,262.8,277.02
Mathematics,4,2013,NC,North Carolina,244.8,86.81,45.24,209.3,226.84,245.78,263.99,279.09
Mathematics,4,2013,ND,North Dakota,246.42,89.24,48.05,212.78,230.08,247.77,264.03,278.08
Mathematics,4,2013,NE,Nebraska,243.16,84.36,44.66,204.66,224.76,245.1,263.6,279.06
Mathematics,4,2013,NH,New Hampshire,252.99,92.56,58.69,219.49,237.21,254.51,270.8,284.76
Mathematics,4,2013,NJ,New Jersey,246.87,87.02,49.39,208.77,228.66,248.55,266.85,282.62
Mathematics,4,2013,NM,New Mexico,232.78,73.96,30.56,194.16,213,234.03,253.67,270.07
Mathematics,4,2013,NP,National public,241.18,82.24,41.33,202.36,221.99,242.64,261.77,277.97
Mathematics,4,2013,NV,Nevada,236.26,79.94,33.98,199.4,219.02,238.34,255.58,270.4
Mathematics,4,2013,NY,New York,240.35,82.39,39.65,202.69,222.05,241.64,260.31,276.2
Mathematics,4,2013,OH,Ohio,245.55,85.52,48.03,206.42,227.17,247.61,265.57,281.58
Mathematics,4,2013,OK,Oklahoma,238.92,82.76,36.42,204.19,221.64,240.05,257.31,272.2
Mathematics,4,2013,OR,Oregon,240.1,80.8,40.23,200.57,220.29,241.39,261.22,277.97
Mathematics,4,2013,PA,Pennsylvania,244.01,85.28,44.48,206.44,225.6,245.09,263.74,279.61
Mathematics,4,2013,RI,Rhode Island,241.42,82.66,42.5,202.08,223.14,243.72,262.25,277.69
Mathematics,4,2013,SC,South Carolina,236.63,78.8,35.13,198.41,217.9,238.07,256.93,273.04
Mathematics,4,2013,SD,South Dakota,240.98,84.23,40.36,205.23,224.11,242.79,259.69,273.91
Mathematics,4,2013,TN,Tennessee,239.77,80.34,40.25,200.18,219.83,241.6,260.9,276.8
Mathematics,4,2013,TX,Texas,241.93,84.15,41.12,205.75,223.56,242.83,261.1,277.08
Mathematics,4,2013,UT,Utah,242.82,83.41,44.03,203.38,223.88,244.6,263.53,279.16
Mathematics,4,2013,VA,Virginia,246.18,87.61,47.21,210.43,228.08,247.11,265.06,280.94
Mathematics,4,2013,VT,Vermont,247.8,87.35,51.5,209.48,229.35,250.01,268.27,283.08
Mathematics,4,2013,WA,Washington,246.29,86.28,48.43,207.48,227.44,247.86,266.28,282.83
Mathematics,4,2013,WI,Wisconsin,244.71,85.03,47.18,206.05,225.91,246.98,265.63,280.85
Mathematics,4,2013,WV,West Virginia,237.44,80.75,35.23,201.56,219.81,238.76,256.49,271.45
Mathematics,4,2013,WY,Wyoming,246.52,90.19,47.81,214.32,230.6,247.62,263.44,276.95
Mathematics,4,2015,AK,Alaska,236.33,77.71,35.11,196.03,216.86,237.78,257.25,274.05
Mathematics,4,2015,AL,Alabama,230.98,74.6,26.08,195.72,213.63,231.84,249.88,265
Mathematics,4,2015,AR,Arkansas,235.22,78.6,31.95,199.05,217.5,236.65,254.34,269.52
Mathematics,4,2015,AZ,Arizona,237.61,78.77,37.84,197.86,217.95,239.59,258.67,274.66
Mathematics,4,2015,CA,California,231.55,72.36,29.16,191.73,211.48,232.81,252.6,269.9
Mathematics,4,2015,CO,Colorado,241.56,82.01,42.66,201.02,221.92,243.28,263.06,279.41
Mathematics,4,2015,CT,Connecticut,240.16,80.53,40.89,200.17,219.99,242.01,261.61,277.19
Mathematics,4,2015,DC,District of Columbia,231.31,69.18,30.68,187.14,208.3,231.6,254.94,275.59
Mathematics,4,2015,DE,Delaware,238.68,81.76,36.8,202.3,220.99,239.94,258.08,273.49
Mathematics,4,2015,DS,DoDEA,247.58,90.41,49.09,214.62,230.9,248.37,265.2,279
Mathematics,4,2015,FL,Florida,242.66,84.98,42.03,206.54,225.02,243.64,261.21,277.16
Mathematics,4,2015,GA,Georgia,236.45,77.72,34.63,198.62,216.63,237.44,256.82,272.71
Mathematics,4,2015,HI,Hawaii,237.9,78.76,38.28,197.06,218.13,239.65,260.32,276.42
Mathematics,4,2015,IA,Iowa,243.34,84.12,44.3,204.55,224.37,244.8,264.27,280.06
Mathematics,4,2015,ID,Idaho,238.8,80.18,38.15,200.29,219.39,240.03,259.53,274.87
Mathematics,4,2015,IL,Illinois,237.31,77.07,36.64,195.28,216.3,238.2,259.71,277.94
Mathematics,4,2015,IN,Indiana,247.65,89.27,49.75,212.67,230.69,248.84,265.91,281.06
Mathematics,4,2015,KS,Kansas,241.07,82.88,41.32,202.74,222.68,242.86,261.16,277.24
Mathematics,4,2015,KY,Kentucky,241.73,84.08,40.48,205.62,223.57,242.58,260.38,276.67
Mathematics,4,2015,LA,Louisiana,234.28,77.52,29.64,199.48,216.43,234.93,252.61,268.38
Mathematics,4,2015,MA,Massachusetts,250.57,89.6,53.94,213.23,231.79,251.76,269.9,286.49
Mathematics,4,2015,MD,Maryland,239.5,78.94,40.15,197.17,218.73,241.45,261.39,278.19
Mathematics,4,2015,ME,Maine,242.24,84.81,41.11,206.75,224.16,242.76,261.5,277.77
Mathematics,4,2015,MI,Michigan,235.73,77.5,33.95,197,216.64,236.93,256.24,272.96
Mathematics,4,2015,MN,Minnesota,249.58,87.2,53.42,208.64,230.32,251.65,271.32,287.77
Mathematics,4,2015,MO,Missouri,238.96,81.87,38.37,201.43,221.32,240.83,259.06,274.05
Mathematics,4,2015,MS,Mississippi,234.24,77.67,29.55,199.23,216.31,234.86,252.68,268.4
Mathematics,4,2015,MT,Montana,241.29,83.74,40.95,205.04,223.21,242.63,260.94,276.17
Mathematics,4,2015,NC,North Carolina,243.74,85.21,44.36,206.34,225.65,244.95,263.48,278.97
Mathematics,4,2015,ND,North Dakota,244.71,87.55,44.79,210.21,227.71,245.52,263.18,278.8
Mathematics,4,2015,NE,Nebraska,243.86,85.69,45.55,206.67,226.63,246.09,263.11,277.5
Mathematics,4,2015,NH,New Hampshire,249.15,91.01,51.43,215.82,232.47,249.95,267.01,282.03
Mathematics,4,2015,NJ,New Jersey,245.38,86.27,46.87,207.85,227.14,246.8,264.97,281.07
Mathematics,4,2015,NM,New Mexico,231.17,73.46,26.88,194.56,212.64,232.08,250.57,266.79
Mathematics,4,2015,NP,National public,239.85,81.11,39.38,200.89,220.61,241.18,260.39,276.9
Mathematics,4,2015,NV,Nevada,233.83,75.95,31.88,194.77,214.93,235.64,254.36,270.26
Mathematics,4,2015,NY,New York,236.8,78.87,34.91,198.92,217.95,237.97,256.7,272.81
Mathematics,4,2015,OH,Ohio,243.6,85.2,44.59,206.45,225.23,244.99,263.67,278.69
Mathematics,4,2015,OK,Oklahoma,239.76,84.27,36.68,206.36,222.85,239.94,257.69,273.36
Mathematics,4,2015,OR,Oregon,237.75,78.99,37.05,198.13,218.26,239.21,258.76,274.79
Mathematics,4,2015,PA,Pennsylvania,243.31,82.67,44.98,202.47,223.23,245.11,264.91,281.46
Mathematics,4,2015,RI,Rhode Island,238,80.13,37.49,198.92,219.44,239.87,258.75,274.46
Mathematics,4,2015,SC,South Carolina,237.09,79.06,36.03,198.1,218.24,238.93,258.02,273.95
Mathematics,4,2015,SD,South Dakota,239.72,82.83,39.76,202.94,222.87,242.05,259.25,272.56
Mathematics,4,2015,TN,Tennessee,240.67,82.5,40.17,202.8,222.4,242.26,260.51,275.98
Mathematics,4,2015,TX,Texas,244,85.88,43.98,207.15,226.08,244.96,263.39,279.14
Mathematics,4,2015,UT,Utah,242.56,84.1,43.76,204.21,224.48,244.64,262.75,277.91
Mathematics,4,2015,VA,Virginia,246.61,87.32,47.35,209.84,227.71,247.07,266.12,282.5
Mathematics,4,2015,VT,Vermont,243.25,84.65,43.19,205.94,223.85,243.84,263.63,280.13
Mathematics,4,2015,WA,Washington,244.98,83.03,46.93,202.53,223.73,246.33,267.63,285.26
Mathematics,4,2015,WI,Wisconsin,243.31,82.74,45.41,202.42,223.23,245.34,264.69,280.73
Mathematics,4,2015,WV,West Virginia,235.2,77.66,32.57,197.69,216.66,236.31,255.18,271.09
Mathematics,4,2015,WY,Wyoming,246.76,88.42,48.3,211.23,229.54,247.88,265.4,280.41
Mathematics,4,2017,AK,Alaska,230.46,70.93,31.66,183.11,209.13,233.51,255.27,272.65
Mathematics,4,2017,AL,Alabama,232.17,73.34,31.2,192.12,212.32,233.99,253.81,269.39
Mathematics,4,2017,AR,Arkansas,233.85,75,32.73,192.91,213.99,235.52,255.49,272.18
Mathematics,4,2017,AZ,Arizona,234.44,73.3,33.88,191.49,212.25,235.03,257.41,275.96
Mathematics,4,2017,CA,California,232.26,71.02,31.22,189.2,209.74,233.12,254.82,273.98
Mathematics,4,2017,CO,Colorado,240.7,80.13,42.38,197.76,220.02,242.86,263.3,279.92
Mathematics,4,2017,CT,Connecticut,239.24,79.33,39.92,197.8,219,240.98,261.27,277.99
Mathematics,4,2017,DC,District of Columbia,231.32,68.57,31.51,184.8,207.16,231.85,255.72,276.5
Mathematics,4,2017,DE,Delaware,236.13,76.71,35.92,193.75,215.82,237.81,258.26,276.19
Mathematics,4,2017,DS,DoDEA,248.59,91.45,50.59,216.29,232.28,249.38,265.68,280.29
Mathematics,4,2017,FL,Florida,246.37,88.06,47.53,210.97,228.33,247.28,265.52,280.88
Mathematics,4,2017,GA,Georgia,236.38,76.63,35.43,195.78,215.66,237.45,257.9,275.37
Mathematics,4,2017,HI,Hawaii,237.92,78.53,38.11,197.01,217.93,239.94,259.47,275.82
Mathematics,4,2017,IA,Iowa,243.11,82.76,45.73,201.11,223.47,245.58,265.19,280.81
Mathematics,4,2017,ID,Idaho,239.97,81.29,40.19,200.82,220.75,241.87,260.52,276.41
Mathematics,4,2017,IL,Illinois,238.12,76.24,38.6,194.4,215.41,239.28,261.83,280.37
Mathematics,4,2017,IN,Indiana,246.51,85.6,48.01,206.23,226.76,247.53,267.9,285.21
Mathematics,4,2017,KS,Kansas,241.21,82.24,41.82,201.79,222.34,242.92,261.77,277.61
Mathematics,4,2017,KY,Kentucky,239.18,80.09,39.78,198.93,219.63,241.35,260.56,276.3
Mathematics,4,2017,LA,Louisiana,228.97,70.62,26.77,189.06,209.5,230.77,250.47,266.81
Mathematics,4,2017,MA,Massachusetts,249.1,87.11,52.91,208.98,229.11,251.3,270.53,286.11
Mathematics,4,2017,MD,Maryland,240.6,78.17,42.34,195.53,217.65,242.33,264.9,283.54
Mathematics,4,2017,ME,Maine,239.9,81.37,40.24,199.69,221.33,242.1,260.62,276.69
Mathematics,4,2017,MI,Michigan,235.56,74.61,35.51,191.98,213.56,236.94,258.51,276.86
Mathematics,4,2017,MN,Minnesota,248.8,85.99,52.57,205.45,229.04,251.04,271.27,288.06
Mathematics,4,2017,MO,Missouri,239.5,79.12,40.34,197.96,218.87,241.59,261.56,277.9
Mathematics,4,2017,MS,Mississippi,234.69,77.24,31.41,198.24,216.11,235.45,254.15,269.91
Mathematics,4,2017,MT,Montana,240.72,82.86,41.32,202.58,222.73,242.77,261.43,276.08
Mathematics,4,2017,NC,North Carolina,240.95,80.72,42.01,199.22,220.7,242.81,262.7,279.59
Mathematics,4,2017,ND,North Dakota,244.24,85.42,45.8,206.64,226.18,246.16,264.04,278.95
Mathematics,4,2017,NE,Nebraska,245.59,85.41,48.63,205.73,226.96,248.07,266.46,281.71
Mathematics,4,2017,NH,New Hampshire,245.32,85.3,47.71,206.1,226.61,247.21,266.19,281.73
Mathematics,4,2017,NJ,New Jersey,247.86,87.43,49.93,209.33,228.69,248.96,268.55,285.26
Mathematics,4,2017,NM,New Mexico,229.7,69.34,27.18,189.69,208.59,230.15,251.04,268.88
Mathematics,4,2017,NP,National public,239.16,78.99,39.54,197.27,218.51,240.7,261.28,278.59
Mathematics,4,2017,NV,Nevada,231.69,72.87,30.73,188.99,211.71,234.03,253.86,269.87
Mathematics,4,2017,NY,New York,235.55,76.11,35.47,193.12,215.19,237.9,257.32,273.39
Mathematics,4,2017,OH,Ohio,240.93,81.16,41.15,200.86,220.81,242.4,261.5,278.84
Mathematics,4,2017,OK,Oklahoma,237.33,80.48,35.18,200.24,219.64,239.07,256.65,271.8
Mathematics,4,2017,OR,Oregon,233.13,72.82,33.26,188.26,211.53,234.75,256.72,275.18
Mathematics,4,2017,PA,Pennsylvania,241.67,80.35,43.63,197.9,220.26,243.77,264.87,282.15
Mathematics,4,2017,RI,Rhode Island,237.55,78.55,38.64,195,218.13,240.39,260.05,276.12
Mathematics,4,2017,SC,South Carolina,234.04,74.79,31.9,194.49,213.8,234.88,255.26,273.49
Mathematics,4,2017,SD,South Dakota,241.59,83.07,42.84,203.24,223.24,243.85,261.71,276.79
Mathematics,4,2017,TN,Tennessee,236.69,77.2,35.98,195.45,216.22,237.99,258.54,275.69
Mathematics,4,2017,TX,Texas,240.94,81.55,41.18,200.9,221.1,242.06,262.65,279.48
Mathematics,4,2017,UT,Utah,242.48,81.39,45.34,198.98,222.31,245.46,264.75,281.13
Mathematics,4,2017,VA,Virginia,248.04,86.69,50.23,208.67,228.31,249.19,269.09,285.21
Mathematics,4,2017,VT,Vermont,240.89,80.95,42.21,198.12,221.12,242.73,263.42,280.03
Mathematics,4,2017,WA,Washington,241.7,80.49,42.42,198.65,220.44,242.93,264,282.87
Mathematics,4,2017,WI,Wisconsin,240.39,79.5,41.83,196.57,219.52,242.58,263.31,280.2
Mathematics,4,2017,WV,West Virginia,236.06,78.48,34.96,196.12,217.76,238.26,256.59,272.83
Mathematics,4,2017,WY,Wyoming,247.82,88.62,50.78,211.55,230.3,249.56,267.14,282.07
Mathematics,4,2019,AK,Alaska,232.31,72.86,33.17,185.56,211.28,235.85,255.88,273.13
Mathematics,4,2019,AL,Alabama,229.65,71.49,28.1,189.15,210.46,231.78,251.62,268.08
Mathematics,4,2019,AR,Arkansas,233.25,75.12,33.25,190.06,214.18,236.37,255.83,271.6
Mathematics,4,2019,AZ,Arizona,237.61,77.49,37.35,195.46,216.8,239.06,259.6,277.27
Mathematics,4,2019,CA,California,234.72,74.58,33.63,190.86,213.52,236.17,256.82,276
Mathematics,4,2019,CO,Colorado,241.87,80.48,44.46,197.46,220.86,244.59,265.45,282.53
Mathematics,4,2019,CT,Connecticut,243.26,82.46,45,202.19,222.59,245.08,264.83,282.15
Mathematics,4,2019,DC,District of Columbia,234.64,73.15,34.16,189.65,212.02,235.41,258.19,278.44
Mathematics,4,2019,DE,Delaware,239.32,78.74,39.14,196.97,218.09,240.36,261.48,280.86
Mathematics,4,2019,DS,DoDEA,250.48,92.46,53.79,218.65,234.52,251.31,267.67,281.8
Mathematics,4,2019,FL,Florida,245.96,87.36,47.53,209.62,227.69,247.26,265.16,280.67
Mathematics,4,2019,GA,Georgia,237.65,77.23,36.49,195.93,216.45,238.03,259.65,278.82
Mathematics,4,2019,HI,Hawaii,238.57,78.38,39.77,194.71,217.94,240.8,261.3,278.06
Mathematics,4,2019,IA,Iowa,240.69,80.93,42,198.88,221.18,242.72,262.42,279.15
Mathematics,4,2019,ID,Idaho,241.9,81.95,43.02,201.83,221.98,243.93,263.27,279.66
Mathematics,4,2019,IL,Illinois,237.4,77.28,38.5,193.62,216.66,239.93,260.63,278.55
Mathematics,4,2019,IN,Indiana,244.88,84.11,47.07,203.9,225.05,246.77,266.46,283.44
Mathematics,4,2019,KS,Kansas,239.44,79.38,40.31,198,218.86,241.29,261.77,278.26
Mathematics,4,2019,KY,Kentucky,239.31,80.69,39.92,198.12,220.7,241.5,260.78,277.18
Mathematics,4,2019,LA,Louisiana,231.3,73.42,28.77,191.09,212.34,233.61,252.02,268.16
Mathematics,4,2019,MA,Massachusetts,247.32,85.18,50.19,205.32,226.95,249.12,269.45,286.68
Mathematics,4,2019,MD,Maryland,238.56,75.78,39.11,192.15,215.02,239.45,262.94,283.78
Mathematics,4,2019,ME,Maine,240.76,81.45,41.77,199.28,221.33,242.78,262.38,278.84
Mathematics,4,2019,MI,Michigan,236.15,76.16,35.59,194.42,215.3,237.37,258.18,275.7
Mathematics,4,2019,MN,Minnesota,248.41,85.33,52.85,204.24,228.45,251.33,271.36,287.6
Mathematics,4,2019,MO,Missouri,238.41,79.72,39.32,196.65,219.45,240.71,260.51,276.69
Mathematics,4,2019,MS,Mississippi,240.71,84.21,38.83,205.95,223.03,241.51,258.93,274.72
Mathematics,4,2019,MT,Montana,241.11,82.43,42.58,200.99,223.01,243.69,261.67,277.1
Mathematics,4,2019,NC,North Carolina,241.41,82.11,41.37,202.07,221.87,242.67,262.34,279.39
Mathematics,4,2019,ND,North Dakota,242.93,84.22,44.34,204.5,224.71,245,263.08,277.92
Mathematics,4,2019,NE,Nebraska,243.77,84.13,45.48,203.16,225.27,245.7,265.07,281.62
Mathematics,4,2019,NH,New Hampshire,244.56,85.7,45.82,206.24,226.65,246.03,264.96,280.53
Mathematics,4,2019,NJ,New Jersey,245.93,85.24,48.16,205.4,226.71,247.68,267.66,284.23
Mathematics,4,2019,NM,New Mexico,231.11,72.3,28.72,190.35,211.39,232.5,252.17,269.39
Mathematics,4,2019,NP,National public,240,80.05,40.44,198.19,219.83,241.6,261.91,279.46
Mathematics,4,2019,NV,Nevada,235.63,77.12,34.3,195.56,216.1,237.15,256.49,273.38
Mathematics,4,2019,NY,New York,236.73,76.48,36.94,193.18,215.65,238.6,259.21,277.86
Mathematics,4,2019,OH,Ohio,241.14,81.91,41.13,201.97,221.78,242.6,261.43,278.02
Mathematics,4,2019,OK,Oklahoma,237.2,80.3,34.5,200.71,219.39,238.36,256.34,272.28
Mathematics,4,2019,OR,Oregon,236.35,75.4,37.25,190.68,214.41,238.07,260.64,279.48
Mathematics,4,2019,PA,Pennsylvania,243.94,81.32,47.31,197.6,222.57,246.78,267.56,285.97
Mathematics,4,2019,RI,Rhode Island,239.34,80.56,40.47,198,220.74,241.96,260.55,276.35
Mathematics,4,2019,SC,South Carolina,236.75,76.65,36.33,195.25,215.79,237.88,258.98,276.86
Mathematics,4,2019,SD,South Dakota,241.3,82.91,43.03,201.48,223.62,244.17,261.98,276.93
Mathematics,4,2019,TN,Tennessee,239.7,79.44,39.89,198.57,218.92,241,261.7,279.45
Mathematics,4,2019,TX,Texas,243.62,84.39,43.67,205.42,224.25,244.5,263.74,280.75
Mathematics,4,2019,UT,Utah,243.79,82.42,46.34,201.05,223.25,246.14,266.1,283.13
Mathematics,4,2019,VA,Virginia,246.89,86.98,47.91,208.59,227.95,247.47,266.66,285.01
Mathematics,4,2019,VT,Vermont,238.9,81.03,38.8,198.02,220.59,240.69,260.15,276.79
Mathematics,4,2019,WA,Washington,239.51,78.8,39.28,196.91,218.41,240.84,261.52,280.99
Mathematics,4,2019,WI,Wisconsin,241.67,79.92,44.76,194.74,220.44,244.58,265.5,282.92
Mathematics,4,2019,WV,West Virginia,231.5,74.12,29.65,190.77,213.01,234.36,252.73,268.2
Mathematics,4,2019,WY,Wyoming,245.84,87.1,47.8,209.09,228.35,247.46,265.33,280.45
Mathematics,4,2022,AK,Alaska,225.92,64.95,27.7,175.72,201.81,228.73,251.44,270.39
Mathematics,4,2022,AL,Alabama,230.04,70.98,27.17,189.82,210.15,231.32,250.86,268.56
Mathematics,4,2022,AR,Arkansas,228.14,69.02,27.94,182.63,207.42,231.25,251.52,268.55
Mathematics,4,2022,AZ,Arizona,231.98,70.22,32.31,186.8,208.68,232.98,256.52,275.76
Mathematics,4,2022,CA,California,230.36,66.86,30.08,184.67,205.52,230.27,254.21,275.96
Mathematics,4,2022,CO,Colorado,236.17,75.1,36.4,191.91,214.19,237.67,259.34,277.82
Mathematics,4,2022,CT,Connecticut,236.36,73.92,37.01,189.53,212.55,237.87,260.76,281.63
Mathematics,4,2022,DC,District of Columbia,222.65,57.24,24.27,176.85,197.37,220.41,247.99,272.28
Mathematics,4,2022,DE,Delaware,225.58,63.84,25.66,180.07,202.02,226.84,249.56,268.29
Mathematics,4,2022,DS,DoDEA,249.6,91.8,51.34,217.07,233.22,249.94,267.01,281.86
Mathematics,4,2022,FL,Florida,240.83,81.19,40.8,200.78,221.23,242.09,261.85,278.79
Mathematics,4,2022,GA,Georgia,234.91,75.46,33.95,194.22,214.46,236.42,256.54,272.89
Mathematics,4,2022,HI,Hawaii,236.5,76.74,37,194,216.07,238.94,258.92,275.78
Mathematics,4,2022,IA,Iowa,239.83,80.27,40.42,198.28,220.19,242.09,261.11,278.19
Mathematics,4,2022,ID,Idaho,236.2,76.04,36.33,192.72,215.25,238.18,258.73,276.62
Mathematics,4,2022,IL,Illinois,237.08,75.57,37.52,192.19,214.68,238.44,260.46,279.75
Mathematics,4,2022,IN,Indiana,239.15,78.35,39.57,195.37,218.03,240.65,261.93,280.07
Mathematics,4,2022,KS,Kansas,235.03,74.66,34.87,192.16,213.61,236.59,257.73,276.32
Mathematics,4,2022,KY,Kentucky,233.8,75.08,32.59,191.85,214.08,235.53,255.54,272.92
Mathematics,4,2022,LA,Louisiana,228.57,68.83,27.16,185.1,207.54,230.88,250.79,268.42
Mathematics,4,2022,MA,Massachusetts,241.73,79.23,42.9,197.98,219.09,243.17,264.5,283.21
Mathematics,4,2022,MD,Maryland,228.59,65.11,31.09,178.05,202.51,229.84,255.6,276.57
Mathematics,4,2022,ME,Maine,233.07,75.02,31.94,190.35,213.96,235.91,254.46,271.01
Mathematics,4,2022,MI,Michigan,232.2,70.71,32.26,186.91,209.02,234.41,255.44,274.4
Mathematics,4,2022,MN,Minnesota,239.01,77.66,40.7,192.37,217.38,241.17,263,281.24
Mathematics,4,2022,MO,Missouri,232.38,71.76,34.17,184.56,210.11,235.34,257.13,274.38
Mathematics,4,2022,MS,Mississippi,233.56,74.1,32.07,194.07,213.16,235.02,254.79,271.14
Mathematics,4,2022,MT,Montana,238.52,80.38,38.03,198.98,220.03,240.46,258.98,275.34
Mathematics,4,2022,NC,North Carolina,235.96,75.03,35.4,192.31,214.07,237,258.93,278.35
Mathematics,4,2022,ND,North Dakota,240.08,81.04,40.35,200.33,221,242.02,261.14,276.79
Mathematics,4,2022,NE,Nebraska,241.56,80.35,43.2,197.11,220.47,243.44,264.53,282.35
Mathematics,4,2022,NH,New Hampshire,239.39,79.87,39.96,197.65,219.82,241.46,260.9,277.31
Mathematics,4,2022,NJ,New Jersey,239.23,77.01,39.42,194.01,216.37,240.02,262.46,282.89
Mathematics,4,2022,NM,New Mexico,221.25,59.89,19.12,180.73,200.3,221.86,242.76,261.4
Mathematics,4,2022,NP,National public,234.86,73.82,35.1,190.16,212.66,236.49,258.22,276.89
Mathematics,4,2022,NV,Nevada,229.35,69.4,28.39,185.41,207.97,231.22,251.88,269.78
Mathematics,4,2022,NY,New York,227.09,66.21,28.42,178.65,203.66,229.43,252.25,271.39
Mathematics,4,2022,OH,Ohio,237.76,76.32,39.99,190.92,215.8,240.93,261.71,279.62
Mathematics,4,2022,OK,Oklahoma,229.49,70.63,26.83,189.22,209.41,231.08,250.56,267.52
Mathematics,4,2022,OR,Oregon,228.19,66.45,28.61,182.51,204.83,228.96,252.66,272.08
Mathematics,4,2022,PA,Pennsylvania,237.54,76.03,40.24,189.95,215.36,240.56,262.4,279.65
Mathematics,4,2022,RI,Rhode Island,234.13,73.58,33.65,190.97,212.42,235.95,256.58,274.53
Mathematics,4,2022,SC,South Carolina,234.22,74.39,33.96,190.64,213.42,236.11,256.82,274.88
Mathematics,4,2022,SD,South Dakota,239.01,79.62,40.28,196.8,219.54,241.78,260.89,276.27
Mathematics,4,2022,TN,Tennessee,236.35,75.86,36.05,193.76,214.9,237.84,258.89,277.4
Mathematics,4,2022,TX,Texas,238.58,78.49,38.13,197.06,218.07,239.62,260.46,278.08
Mathematics,4,2022,UT,Utah,239.61,78.19,42.08,192.39,218.3,242.43,263.63,282.03
Mathematics,4,2022,VA,Virginia,236.36,74.81,37.72,190.27,213.91,238.24,261.18,278.68
Mathematics,4,2022,VT,Vermont,234.29,73.83,34.43,190.51,212.61,236.18,257.19,274.34
Mathematics,4,2022,WA,Washington,234.93,73.81,34.97,189.93,212.72,236.23,258.34,277.76
Mathematics,4,2022,WI,Wisconsin,240.26,78.97,42.9,192.98,219.44,243.3,263.83,282.41
Mathematics,4,2022,WV,West Virginia,225.97,67.4,22.84,185.26,206.94,227.64,247.02,264.05
Mathematics,4,2022,WY,Wyoming,243.15,83.52,44.14,203.31,224.11,244.74,263.52,279.79
Mathematics,4,2024,AK,Alaska,225.86,64.19,29.89,172.19,199.38,229.79,253.94,273.98
Mathematics,4,2024,AL,Alabama,236.36,76.41,36.9,192.4,215.63,238.54,259.56,276.7
Mathematics,4,2024,AR,Arkansas,230.33,70.12,31.26,183.39,208.46,233.07,254.67,273.09
Mathematics,4,2024,AZ,Arizona,232.41,70.03,33.81,185.11,208.36,234.11,257.87,277.19
Mathematics,4,2024,CA,California,233.05,70.35,34.92,184.91,208.61,234.7,259.03,279.04
Mathematics,4,2024,CO,Colorado,239.13,76.81,41.64,192.21,216.27,241.63,263.51,281.47
Mathematics,4,2024,CT,Connecticut,239.07,75.83,41.9,189.72,215.11,241.55,265.08,284.33
Mathematics,4,2024,DC,District of Columbia,230.63,65.24,32.77,178.43,202.66,230.48,258.27,283.16
Mathematics,4,2024,DE,Delaware,233.19,71.49,34.93,184.43,209.86,235.72,258.34,277.97
Mathematics,4,2024,DS,DoDEA,250.71,91.25,54.26,216.27,233.78,251.83,268.69,283.52
Mathematics,4,2024,FL,Florida,243.4,82.09,44.78,199.88,223.01,245.03,265.75,283.72
Mathematics,4,2024,GA,Georgia,236.11,75.39,37.66,189.76,214.49,238.45,260.06,278.18
Mathematics,4,2024,HI,Hawaii,239.28,77.27,42.08,191.37,217.1,242.09,264.08,281.88
Mathematics,4,2024,IA,Iowa,237.04,76.5,38.94,191.98,215.72,240.12,260.16,276.89
Mathematics,4,2024,ID,Idaho,238.39,76.49,40.75,191.94,215.65,240.87,263.13,280.85
Mathematics,4,2024,IL,Illinois,236.08,74.02,38.05,188.87,212.8,238.55,260.86,279.65
Mathematics,4,2024,IN,Indiana,240.31,79.18,43.04,193.78,219.18,243.07,264.31,281.93
Mathematics,4,2024,KS,Kansas,237.2,76.08,39.56,190.87,215.37,240.57,261.29,278.06
Mathematics,4,2024,KY,Kentucky,237.81,78.15,38.44,195.38,217.78,240.23,259.77,275.81
Mathematics,4,2024,LA,Louisiana,234.55,74.99,34.8,190.65,213.98,237.18,257.24,273.1
Mathematics,4,2024,MA,Massachusetts,246.49,82.07,51.18,197.62,224.21,249.96,270.84,289.23
Mathematics,4,2024,MD,Maryland,234.09,70.23,37.45,181.67,207.43,236.33,262.07,283.17
Mathematics,4,2024,ME,Maine,233.13,73.37,32.62,188.9,212.03,235.11,255.79,274.19
Mathematics,4,2024,MI,Michigan,235.22,73.94,37.19,188.32,212.73,237.65,259.75,277.07
Mathematics,4,2024,MN,Minnesota,240.66,78.17,44.77,190.84,218.42,244.46,266.09,283.97
Mathematics,4,2024,MO,Missouri,235,74.8,36.44,190.09,213.8,237.8,259.02,275.68
Mathematics,4,2024,MS,Mississippi,239.18,81.36,37.8,202.09,220.67,240.36,258.91,274.31
Mathematics,4,2024,MT,Montana,238.47,77.83,40.41,193.34,217.86,241.48,261.58,279.11
Mathematics,4,2024,NC,North Carolina,238.86,77.28,41.26,191.87,216.96,241.73,263.13,280.85
Mathematics,4,2024,ND,North Dakota,241.28,80.92,42.96,199.41,221.46,243.91,263.17,279.19
Mathematics,4,2024,NE,Nebraska,238.2,78.14,39.88,193.32,217.79,240.95,261.17,278.03
Mathematics,4,2024,NH,New Hampshire,241.56,81.11,42.6,199.92,221.08,243.31,263.08,280.6
Mathematics,4,2024,NJ,New Jersey,240.14,77.36,43.88,190.47,217.48,243.81,265.37,283.99
Mathematics,4,2024,NM,New Mexico,223.85,62.29,23.3,179.09,200.68,225.3,247.37,266.35
Mathematics,4,2024,NP,National public,237.3,75.58,39.42,190.27,214.72,239.91,261.85,279.93
Mathematics,4,2024,NV,Nevada,233.24,71.63,35.89,183.66,209.85,236.65,259.1,277.08
Mathematics,4,2024,NY,New York,234.16,72.31,36.61,184.77,210.62,236.84,260,278.52
Mathematics,4,2024,OH,Ohio,239.42,77.5,42.65,192.37,217.39,242.61,264.03,280.46
Mathematics,4,2024,OK,Oklahoma,232.56,73.61,31.28,189.3,212.65,234.12,254.75,272.96
Mathematics,4,2024,OR,Oregon,228.69,67.1,30.9,178.47,204.33,231.08,255.01,274.08
Mathematics,4,2024,PA,Pennsylvania,238.18,75.27,41.39,189.69,214.34,241.05,263.33,281.98
Mathematics,4,2024,RI,Rhode Island,237.29,75.74,38.38,190.15,215.02,239.29,261.44,280.26
Mathematics,4,2024,SC,South Carolina,237.65,75.83,39.96,191.33,215.15,240.38,262.37,279.49
Mathematics,4,2024,SD,South Dakota,239.88,79.36,42.47,195.48,219.64,243.16,262.38,278.6
Mathematics,4,2024,TN,Tennessee,239.62,78.35,41.7,192.62,218.44,242.63,263.19,280.54
Mathematics,4,2024,TX,Texas,240.51,79.14,42.69,195.98,219.38,243.14,263.27,279.9
Mathematics,4,2024,UT,Utah,241.54,79.36,45.19,193.87,220.1,245,265.41,282.21
Mathematics,4,2024,VA,Virginia,237.87,76.28,40.04,190.4,215.75,240.41,262.6,281.37
Mathematics,4,2024,VT,Vermont,234.85,74.68,35.73,191.01,213.58,236.7,258.49,275.61
Mathematics,4,2024,WA,Washington,237.59,74.62,39.78,189.87,213.55,239.45,262.86,281.86
Mathematics,4,2024,WI,Wisconsin,239.25,77.04,42.06,190.87,216.87,242.13,264.29,282.52
Mathematics,4,2024,WV,West Virginia,231.51,72.08,31.17,186.56,210.65,234.14,254.07,271.16
Mathematics,4,2024,WY,Wyoming,243.4,83.41,45.51,202.12,224.62,245.86,264.42,280.26
Mathematics,8,2003,AK,Alaska,279.03,69.69,29.95,230.42,255.82,280.96,304.43,323.92
Mathematics,8,2003,AL,Alabama,261.94,52.85,15.74,212.34,238.92,264.65,288.24,307.17
Mathematics,8,2003,AR,Arkansas,265.77,57.92,18.55,214.81,242.1,269.87,292.32,311.16
Mathematics,8,2003,AZ,Arizona,271.18,61.46,20.89,227.25,248.27,272.37,294.48,314.54
Mathematics,8,2003,CA,California,267.05,55.72,21.7,215.33,240.7,267.88,294.8,317.52
Mathematics,8,2003,CO,Colorado,283.4,73.82,34.38,235.42,260.62,285.01,308.16,328.15
Mathematics,8,2003,CT,Connecticut,283.73,73.23,35.22,235.56,260.17,284.87,309.45,329.96
Mathematics,8,2003,DC,District of Columbia,243.06,29.37,5.92,197.78,219.09,243.17,266.83,287.79
Mathematics,8,2003,DE,Delaware,277.16,68.46,25.69,234.49,255.49,278.11,299.68,319.24
Mathematics,8,2003,DS,DoDEA,284.76,78.54,32.68,245.73,265.46,285.86,305.49,323.24
Mathematics,8,2003,FL,Florida,271.37,61.65,23.27,222.55,247.73,272.97,297.16,318.28
Mathematics,8,2003,GA,Georgia,269.68,59.42,21.52,221.62,245.74,270.78,294.92,316.65
Mathematics,8,2003,HI,Hawaii,265.73,55.68,16.75,220.36,242.67,267.03,289.31,309.51
Mathematics,8,2003,IA,Iowa,283.95,76.43,33.39,240.71,263.37,285.83,306.54,324.66
Mathematics,8,2003,ID,Idaho,279.94,72.69,28.26,237.3,259.43,281.92,302.03,320.93
Mathematics,8,2003,IL,Illinois,277.16,66.47,29.25,228.27,252.14,279.04,303.47,323.58
Mathematics,8,2003,IN,Indiana,281.22,73.53,30.7,237.24,260.25,282.82,304.5,323.26
Mathematics,8,2003,KS,Kansas,284.19,75.6,33.97,239.79,262.77,285.8,307.61,325.66
Mathematics,8,2003,KY,Kentucky,274.28,65.28,23.66,230.52,251.88,275.61,297.7,317.06
Mathematics,8,2003,LA,Louisiana,266.33,56.96,17.21,221.18,244.74,267.94,290.56,308.75
Mathematics,8,2003,MA,Massachusetts,286.52,76.27,38.28,240.18,263.42,288.32,311.38,330.12
Mathematics,8,2003,MD,Maryland,277.72,66.89,29.75,228.02,252.42,278.58,304.53,325.93
Mathematics,8,2003,ME,Maine,281.9,74.82,29.36,241.16,261.79,282.85,302.66,320.85
Mathematics,8,2003,MI,Michigan,276.44,67.8,27.83,228.47,253.56,278.27,302.12,321.09
Mathematics,8,2003,MN,Minnesota,290.68,81.89,43.67,243.86,271.1,294.42,314.3,331.08
Mathematics,8,2003,MO,Missouri,278.77,70.7,27.95,235.88,257.72,280.21,301.74,319.61
Mathematics,8,2003,MS,Mississippi,260.91,47.16,12.34,220.88,239.03,259.98,282.71,302.91
Mathematics,8,2003,MT,Montana,285.93,79.15,34.86,244.17,266.71,287.93,307.59,324.83
Mathematics,8,2003,NC,North Carolina,281.24,71.67,32.22,232.39,257.8,283.39,305.92,326.93
Mathematics,8,2003,ND,North Dakota,287.14,81.23,36.32,248.15,269.25,289.52,307.63,323.27
Mathematics,8,2003,NE,Nebraska,282.19,74.37,32.3,238.29,261.33,284.31,305.56,322.97
Mathematics,8,2003,NH,New Hampshire,286.2,78.61,34.7,246.04,265.99,286.63,308,326.32
Mathematics,8,2003,NJ,New Jersey,281.41,71.73,33.25,232.36,257.88,284.11,307.02,325.89
Mathematics,8,2003,NM,New Mexico,263.27,52.37,15.06,218.48,240.59,263.95,287.28,307.13
Mathematics,8,2003,NP,National public,276.12,66.65,27.32,228.48,252.68,277.81,301.42,321.29
Mathematics,8,2003,NV,Nevada,268.04,58.99,20.3,219,244.29,270.59,293.51,313.26
Mathematics,8,2003,NY,New York,279.75,70.5,31.98,230.88,256.53,282.34,305.76,324.54
Mathematics,8,2003,OH,Ohio,281.61,73.9,30.43,239.73,260.71,282.79,303.61,322.23
Mathematics,8,2003,OK,Oklahoma,271.91,64.54,20.1,228.21,252.17,273.75,293.76,312.03
Mathematics,8,2003,OR,Oregon,280.89,70.3,31.95,234.15,256.77,282.56,306.27,326.12
Mathematics,8,2003,PA,Pennsylvania,278.54,68.67,29.89,231.53,254.61,280.66,303.47,322.81
Mathematics,8,2003,RI,Rhode Island,272,62.64,23.79,223.8,248.39,274.17,297.79,316.45
Mathematics,8,2003,SC,South Carolina,277.3,67.8,26.31,234.08,255.12,277.64,300.3,320.42
Mathematics,8,2003,SD,South Dakota,284.88,78.18,34.69,244.07,265.58,287.26,306.94,322.82
Mathematics,8,2003,TN,Tennessee,268.18,58.63,20.98,218.49,244.22,270.11,294.74,314.53
Mathematics,8,2003,TX,Texas,277.05,68.61,24.87,235.83,255.98,277.14,298.87,318.7
Mathematics,8,2003,UT,Utah,280.65,71.68,31.01,234.5,258.08,282.23,304.81,324.21
Mathematics,8,2003,VA,Virginia,281.68,72.47,31.15,238.16,259.41,282.37,305.28,324.75
Mathematics,8,2003,VT,Vermont,285.65,77.21,34.96,243.01,264.35,286.79,308.11,327.02
Mathematics,8,2003,WA,Washington,281.15,71.94,32.28,233.95,258.59,283.23,305.87,324.85
Mathematics,8,2003,WI,Wisconsin,283.92,75.18,35.18,236.79,262.18,286.28,308.59,326.28
Mathematics,8,2003,WV,West Virginia,270.77,62.51,19.62,229.45,250.38,271.75,293.22,311.3
Mathematics,8,2003,WY,Wyoming,283.5,76.72,32.33,242.71,263.64,285.22,305.11,322.07
Mathematics,8,2005,AK,Alaska,278.96,68.89,28.73,234.44,255.6,279.6,303.02,323.39
Mathematics,8,2005,AL,Alabama,262.21,53.03,15.2,212.81,239.52,264.65,287.43,307.63
Mathematics,8,2005,AR,Arkansas,271.64,64.06,22.02,225,250.48,274.25,295.9,314.72
Mathematics,8,2005,AZ,Arizona,274.31,63.92,25.74,226.5,250.16,275.6,299.84,320.18
Mathematics,8,2005,CA,California,268.56,57.05,21.76,218.89,243.05,268.97,295.08,318.17
Mathematics,8,2005,CO,Colorado,280.82,70.48,32.02,233.74,257.06,282.59,305.9,325.54
Mathematics,8,2005,CT,Connecticut,281.07,69.86,34.56,229.95,255.62,283.29,308.87,329.14
Mathematics,8,2005,DC,District of Columbia,245.22,30.7,6.87,200.36,221.71,244.44,267.2,290.61
Mathematics,8,2005,DE,Delaware,280.95,72.3,29.67,239.93,259.61,281.03,303.71,322.11
Mathematics,8,2005,DS,DoDEA,283.9,76.22,32.55,243.67,263.39,284.48,306,323.77
Mathematics,8,2005,FL,Florida,274.05,64.96,25.63,224.8,250.86,276.24,299.72,319.81
Mathematics,8,2005,GA,Georgia,272.19,61.81,23.18,225.89,248.27,272.65,296.7,318.71
Mathematics,8,2005,HI,Hawaii,265.63,55.68,18.24,218.1,242.33,266.99,290.83,311.49
Mathematics,8,2005,IA,Iowa,283.81,75.48,33.66,240.57,262.48,285.44,307.08,324.59
Mathematics,8,2005,ID,Idaho,280.97,73.26,29.96,237.62,260.09,282.71,303.86,322.21
Mathematics,8,2005,IL,Illinois,277.67,68.3,28.58,229.89,254.33,279.65,302.31,321.8
Mathematics,8,2005,IN,Indiana,281.71,74.05,30.38,239.16,260.9,283.52,303.87,322.59
Mathematics,8,2005,KS,Kansas,284.03,76.66,34.16,240.93,263.85,285.63,306.77,324.29
Mathematics,8,2005,KY,Kentucky,273.98,64.34,22.54,232.51,252.09,274.41,296.54,316.12
Mathematics,8,2005,LA,Louisiana,267.76,58.91,16.14,225.56,246.99,268.81,289.74,308.09
Mathematics,8,2005,MA,Massachusetts,291.51,80.08,43.3,245.93,268.31,293.03,316.49,335.29
Mathematics,8,2005,MD,Maryland,277.93,66.16,29.61,229.02,252.1,278.51,304.07,326.06
Mathematics,8,2005,ME,Maine,281.06,73.75,29.86,237.62,260.73,282.4,303.65,321.94
Mathematics,8,2005,MI,Michigan,277.35,67.67,29.29,229.59,253.27,278.61,303.2,323.31
Mathematics,8,2005,MN,Minnesota,290.07,79.02,42.74,242.89,267.5,292.71,315.6,334.44
Mathematics,8,2005,MO,Missouri,276.45,68.07,26.02,231.35,254.09,278.23,299.94,318.65
Mathematics,8,2005,MS,Mississippi,262.46,51.7,13.55,220.17,240.55,263.29,285.12,304.26
Mathematics,8,2005,MT,Montana,286.43,79.54,35.98,245.06,267.45,288.38,308.12,324.75
Mathematics,8,2005,NC,North Carolina,281.83,72.23,31.94,235.22,258.82,282.8,305.94,326.89
Mathematics,8,2005,ND,North Dakota,286.96,80.81,34.57,249.48,268.04,288.02,306.72,323.41
Mathematics,8,2005,NE,Nebraska,283.96,74.93,34.93,239.76,261.98,285.92,307.95,325.52
Mathematics,8,2005,NH,New Hampshire,285.25,77.35,34.55,243.29,264.22,286.06,307.3,325.77
Mathematics,8,2005,NJ,New Jersey,283.9,74.18,35.94,234.41,260.84,285.64,310.09,330.6
Mathematics,8,2005,NM,New Mexico,263.28,52.72,13.98,219.15,241.93,264.44,286.05,305.57
Mathematics,8,2005,NP,National public,277.52,67.87,28.46,230.09,254.05,278.89,302.6,323.05
Mathematics,8,2005,NV,Nevada,269.91,60.42,21.35,222.34,246.61,271.44,294.83,314.71
Mathematics,8,2005,NY,New York,279.72,70.03,30.79,233.19,256.33,280.98,304.61,324.76
Mathematics,8,2005,OH,Ohio,283.25,74.27,33.12,238.36,261.16,284.96,306.43,326.42
Mathematics,8,2005,OK,Oklahoma,271.36,63.47,20.57,227.09,250.56,272.72,294.11,313.03
Mathematics,8,2005,OR,Oregon,282.24,72.31,33.65,235.02,259.08,283.31,307.5,327.96
Mathematics,8,2005,PA,Pennsylvania,280.71,72.17,30.9,235.38,258.68,282.21,304.84,324.25
Mathematics,8,2005,RI,Rhode Island,272.35,63.46,23.52,225.7,249.72,273.95,297.25,316.93
Mathematics,8,2005,SC,South Carolina,281.23,71.42,29.91,238.14,258.18,281.19,304.06,325.5
Mathematics,8,2005,SD,South Dakota,287.3,80.34,36.47,246.4,268.16,288.68,308.76,326.23
Mathematics,8,2005,TN,Tennessee,270.52,60.95,20.56,225.81,247.67,271.56,293.82,313.88
Mathematics,8,2005,TX,Texas,281.1,72.07,30.74,236.09,258.79,282.12,304.64,324.65
Mathematics,8,2005,UT,Utah,279.16,71.13,29.51,233.2,257.52,280.75,303.66,321.64
Mathematics,8,2005,VA,Virginia,284.37,74.63,33.37,241.37,261.65,283.86,307.62,328.55
Mathematics,8,2005,VT,Vermont,287.36,77.52,37.8,243.03,264.93,288.43,311.33,330.85
Mathematics,8,2005,WA,Washington,285.05,75.27,35.97,237.05,262.24,286.53,309.83,330.83
Mathematics,8,2005,WI,Wisconsin,284.54,76.12,35.83,239.16,263.33,286.81,308.17,326.57
Mathematics,8,2005,WV,West Virginia,269.1,60,17.9,228.02,248.72,269.95,291.49,309.8
Mathematics,8,2005,WY,Wyoming,282.1,76.34,29.03,243.11,263.4,283.1,302.6,319.16
Mathematics,8,2007,AK,Alaska,282.56,72.98,32.23,238.1,259.97,283.19,306.83,327.05
Mathematics,8,2007,AL,Alabama,266,55.32,18.16,220.24,242.95,266.6,290.86,311.46
Mathematics,8,2007,AR,Arkansas,273.9,64.72,24.38,228.81,251.96,274.89,298.25,318.06
Mathematics,8,2007,AZ,Arizona,275.55,66.47,26.27,229.06,253.02,276.94,300.13,320.72
Mathematics,8,2007,CA,California,270.38,59.08,23.93,220.32,244.14,271.17,297.74,320.06
Mathematics,8,2007,CO,Colorado,286.19,75.08,37.41,239.72,262.1,286.8,311.96,332.23
Mathematics,8,2007,CT,Connecticut,282.47,72.77,34.7,232.96,259.36,284.68,308.86,329.94
Mathematics,8,2007,DC,District of Columbia,248.2,34.06,7.95,203.19,224.81,247.99,271.49,294.49
Mathematics,8,2007,DE,Delaware,282.99,74.26,31.32,240.95,261.19,282.55,305.45,325.93
Mathematics,8,2007,DS,DoDEA,285.07,77.82,32.97,247,264.47,285.54,306,323.29
Mathematics,8,2007,FL,Florida,277.38,68.07,27.41,231.12,254.6,278.8,301.43,321.25
Mathematics,8,2007,GA,Georgia,274.78,64.15,24.71,231.45,251.55,274.59,298.82,318.7
Mathematics,8,2007,HI,Hawaii,268.77,59.11,21.21,220.53,245.42,270.3,294.86,314.94
Mathematics,8,2007,IA,Iowa,285.23,77.23,35.2,241.37,264.24,286.85,308.37,327.42
Mathematics,8,2007,ID,Idaho,283.51,74.73,34.09,238.53,261.77,285.07,307.87,325.52
Mathematics,8,2007,IL,Illinois,280.5,70.3,30.79,234.77,257.28,280.9,305.29,326.44
Mathematics,8,2007,IN,Indiana,285.01,75.66,35.15,240.98,262.79,286.48,308.21,327.87
Mathematics,8,2007,KS,Kansas,290.03,81.36,40.19,248.7,268.85,291.05,312.74,330.48
Mathematics,8,2007,KY,Kentucky,278.7,68.97,27.3,237.38,256.21,278.79,301.41,321.4
Mathematics,8,2007,LA,Louisiana,272.39,63.94,19.01,233.18,252.48,272.75,292.87,310.75
Mathematics,8,2007,MA,Massachusetts,297.92,84.96,50.73,252.16,275.58,299.68,321.95,340.74
Mathematics,8,2007,MD,Maryland,285.73,73.56,36.55,238.71,260.31,285.49,311.3,333.09
Mathematics,8,2007,ME,Maine,286.47,78.26,34.14,246.3,265.38,286.25,307.53,327.54
Mathematics,8,2007,MI,Michigan,276.83,66.45,28.92,227.65,252.24,278.4,303.07,323.98
Mathematics,8,2007,MN,Minnesota,291.85,80.97,43.13,246.56,269.48,293.01,316.44,335.51
Mathematics,8,2007,MO,Missouri,280.62,72.18,29.95,236.97,258.77,281.79,303.78,322.51
Mathematics,8,2007,MS,Mississippi,264.89,53.82,13.6,224.44,244.3,264.86,285.73,304.77
Mathematics,8,2007,MT,Montana,287.08,79.07,37.57,245.09,266.77,288.6,309.73,327.64
Mathematics,8,2007,NC,North Carolina,283.88,72.9,34.49,238.65,259.65,285,308.26,328.89
Mathematics,8,2007,ND,North Dakota,291.56,85.52,40.96,254.66,273.52,292.54,312.03,327.55
Mathematics,8,2007,NE,Nebraska,283.65,74.33,34.63,236.07,261.11,285.34,308.27,328.21
Mathematics,8,2007,NH,New Hampshire,287.56,77.65,37.91,243.48,265.29,289.14,310.74,328.7
Mathematics,8,2007,NJ,New Jersey,288.58,77.49,40.44,241.05,264.86,290.81,313.55,333.99
Mathematics,8,2007,NM,New Mexico,267.54,56.6,17.4,223.8,245.23,267.66,290.32,310.75
Mathematics,8,2007,NP,National public,280.17,70.2,30.96,233.53,256.66,281.42,305.15,325.45
Mathematics,8,2007,NV,Nevada,270.8,60.22,23.03,224.13,247.38,271.42,296.42,317.52
Mathematics,8,2007,NY,New York,280.14,70.32,30.16,234.38,256.6,281.2,304.16,325.14
Mathematics,8,2007,OH,Ohio,284.85,76.44,35.38,240.9,263.74,286.56,308.03,325.37
Mathematics,8,2007,OK,Oklahoma,274.53,66.11,21.28,234.83,253.97,274.62,295.62,313.73
Mathematics,8,2007,OR,Oregon,283.83,73,34.82,236.83,259.43,284.97,309.18,330.17
Mathematics,8,2007,PA,Pennsylvania,286.17,76.92,38.26,239.83,264.6,288.62,310.43,328.94
Mathematics,8,2007,RI,Rhode Island,275.39,65.47,27.65,226.82,250.85,277.12,301.88,321.82
Mathematics,8,2007,SC,South Carolina,281.5,70.93,31.9,236.79,257.8,281.35,306.46,326.94
Mathematics,8,2007,SD,South Dakota,288.46,81.24,39.07,247.49,269.13,289.95,310.72,327.86
Mathematics,8,2007,TN,Tennessee,273.98,63.95,23.12,231.55,251.83,274.12,296.8,316.6
Mathematics,8,2007,TX,Texas,285.87,77.65,34.67,244.69,265.07,286.75,308.05,326.81
Mathematics,8,2007,UT,Utah,281.09,72.06,32.39,232.97,258.27,283.84,306.13,324.71
Mathematics,8,2007,VA,Virginia,287.63,76.95,37.47,244.23,264.32,288.07,311.04,331.17
Mathematics,8,2007,VT,Vermont,291.01,81.13,41.37,247.89,268.94,291.67,314.85,333.54
Mathematics,8,2007,WA,Washington,284.86,74.87,35.93,236.43,261.94,286.66,310.32,331.14
Mathematics,8,2007,WI,Wisconsin,285.62,75.95,36.97,238.67,263.28,287.64,310.35,329.23
Mathematics,8,2007,WV,West Virginia,270.08,61.2,18.52,228.46,249.26,271.04,292.42,310.85
Mathematics,8,2007,WY,Wyoming,286.99,79.8,35.98,245.78,267.19,288.15,308.63,326.34
Mathematics,8,2009,AK,Alaska,283.05,74.51,33.46,237.35,261.31,284.82,307.59,325.76
Mathematics,8,2009,AL,Alabama,268.52,58.26,20.44,220.79,245.1,269.85,293.78,314.66
Mathematics,8,2009,AR,Arkansas,276,66.61,26.98,229.79,253.06,278.11,301.08,320.56
Mathematics,8,2009,AZ,Arizona,277.33,67.4,28.99,227.84,253.72,279.02,303.23,323.91
Mathematics,8,2009,CA,California,270.45,59.06,23.43,219.68,244.5,270.7,297.23,321.29
Mathematics,8,2009,CO,Colorado,287.37,75.51,39.71,239.68,262.62,289.21,313.47,333.06
Mathematics,8,2009,CT,Connecticut,288.61,78.13,39.77,241.75,265.93,290.38,313.63,333.26
Mathematics,8,2009,DC,District of Columbia,253.6,40.45,11.23,205.38,228.63,252.94,278.23,301.77
Mathematics,8,2009,DE,Delaware,283.83,75.46,31.71,242.9,262.57,284,305.62,325.34
Mathematics,8,2009,DS,DoDEA,287.15,79.35,36.09,247.26,266.66,288.14,308.51,326.2
Mathematics,8,2009,FL,Florida,279.34,70.16,28.99,234.96,256.42,280.38,303.11,322.44
Mathematics,8,2009,GA,Georgia,277.56,66.77,26.82,234.11,254.09,277.12,301.14,321.83
Mathematics,8,2009,HI,Hawaii,273.76,65.01,25.33,224.49,250.29,276.3,299.38,319.8
Mathematics,8,2009,IA,Iowa,284.17,76.21,33.9,241.02,263.29,285.87,306.98,326.05
Mathematics,8,2009,ID,Idaho,287.31,78.1,38.36,242.25,265.6,288.97,311.39,329.59
Mathematics,8,2009,IL,Illinois,282.43,72.62,33.08,236.59,259.3,283.91,306.9,326.91
Mathematics,8,2009,IN,Indiana,286.81,77.76,36.15,245.29,265.21,287.12,309.23,328.07
Mathematics,8,2009,KS,Kansas,288.6,79.01,39.5,246.25,266.63,289.81,311.83,329.93
Mathematics,8,2009,KY,Kentucky,279.28,70.29,27.23,237.91,257.59,279.09,301.31,321.21
Mathematics,8,2009,LA,Louisiana,272.38,62.1,20.27,231.01,250.25,271.65,293.53,314.21
Mathematics,8,2009,MA,Massachusetts,298.85,85.21,51.7,252.16,276.44,300.8,323.71,343.53
Mathematics,8,2009,MD,Maryland,288.34,75.19,40.07,239.2,262.29,288.86,315.29,336.97
Mathematics,8,2009,ME,Maine,286.36,77.5,35.27,244.17,264.53,286.66,308.85,329.14
Mathematics,8,2009,MI,Michigan,278.27,67.8,30.53,228.42,253.04,280.01,305.08,325.48
Mathematics,8,2009,MN,Minnesota,294.44,82.58,46.93,249.06,271.62,296.22,318.81,338.23
Mathematics,8,2009,MO,Missouri,285.81,76.91,35.5,242.9,264.02,286.62,308.93,326.98
Mathematics,8,2009,MS,Mississippi,265,54.26,15.18,222.83,242.82,265.53,287.22,306.81
Mathematics,8,2009,MT,Montana,291.54,82.48,43.58,247.97,271.67,293.55,314.92,332.99
Mathematics,8,2009,NC,North Carolina,284.33,73.55,35.57,237.01,260.23,284.87,309.96,331.49
Mathematics,8,2009,ND,North Dakota,292.84,86.38,43.11,255.66,275.1,294.32,312.72,328.4
Mathematics,8,2009,NE,Nebraska,284.26,74.91,34.64,238.57,261.94,286.26,308.37,328.45
Mathematics,8,2009,NH,New Hampshire,292.32,81.64,43.3,248.93,269.95,293.37,315.8,335.06
Mathematics,8,2009,NJ,New Jersey,292.66,80.24,44.39,244.11,268.52,293.85,318.66,340.1
Mathematics,8,2009,NM,New Mexico,269.7,59.4,20.18,224.86,246.94,270,293.56,314.36
Mathematics,8,2009,NP,National public,281.67,71.45,32.55,234.51,257.87,282.78,306.94,327.64
Mathematics,8,2009,NV,Nevada,274.15,63.23,24.76,228.92,250.55,273.96,298.83,319.88
Mathematics,8,2009,NY,New York,282.58,72.93,33.65,234.44,259.44,284.22,307.86,328.41
Mathematics,8,2009,OH,Ohio,285.58,75.99,35.68,241.81,262.87,286.81,309.3,329.12
Mathematics,8,2009,OK,Oklahoma,275.71,67.69,23.82,234.04,254.49,276.32,297.8,317.26
Mathematics,8,2009,OR,Oregon,285.04,75.02,36.58,237.94,262.02,286.97,310.17,329.53
Mathematics,8,2009,PA,Pennsylvania,288.3,78.15,39.85,240.72,266.17,290.86,313.02,332.51
Mathematics,8,2009,RI,Rhode Island,277.92,68.41,27.79,231.8,255.31,278.71,301.92,323.39
Mathematics,8,2009,SC,South Carolina,280.38,69.4,30.16,236.45,256.23,280.34,304.6,325.49
Mathematics,8,2009,SD,South Dakota,290.62,82.77,41.55,250.12,271.29,292.74,312.25,328.12
Mathematics,8,2009,TN,Tennessee,274.76,64.65,25.18,229.27,250.94,275.32,299.2,319.17
Mathematics,8,2009,TX,Texas,286.69,77.57,36.15,243.56,265.04,286.97,309.31,329.71
Mathematics,8,2009,UT,Utah,284.07,74.82,35.11,238.65,261.82,286.04,308.63,326.16
Mathematics,8,2009,VA,Virginia,286.07,76.5,35.62,242.76,263.58,286.54,309.66,329.51
Mathematics,8,2009,VT,Vermont,292.87,81.13,43.49,246.95,269.88,293.34,317.1,337.67
Mathematics,8,2009,WA,Washington,288.72,78.1,39.37,241.81,265.62,289.72,313.55,334.1
Mathematics,8,2009,WI,Wisconsin,288.14,79.04,39.34,242.79,266.84,290.18,312.2,330.16
Mathematics,8,2009,WV,West Virginia,270.42,60.93,19.44,227.81,248.87,271.19,292.83,312.28
Mathematics,8,2009,WY,Wyoming,286.1,78.08,34.65,245.12,265.54,287.17,307.53,326.36
Mathematics,8,2011,AK,Alaska,283.27,74.37,35.17,234.8,261.32,285.92,308.59,328.29
Mathematics,8,2011,AL,Alabama,269.1,60.11,20.06,222.87,246.32,270.66,293.4,312.58
Mathematics,8,2011,AR,Arkansas,279.09,69.77,29.26,234.03,256.39,280.36,302.99,321.84
Mathematics,8,2011,AZ,Arizona,279.03,68.15,31.47,229.19,253.58,280.62,306.03,326.85
Mathematics,8,2011,CA,California,272.77,61.44,25.34,222,246.72,273.42,299.4,323.01
Mathematics,8,2011,CO,Colorado,291.74,80.19,43.46,245.66,268.5,293.17,317.1,336.56
Mathematics,8,2011,CT,Connecticut,287,75.32,38.13,241.38,262.38,287.83,312.36,332.72
Mathematics,8,2011,DC,District of Columbia,260.47,48.02,17.04,209.65,233.66,259.99,287.5,312.09
Mathematics,8,2011,DE,Delaware,282.77,73.69,31.92,239.36,260.55,283.05,305.86,326.04
Mathematics,8,2011,DS,DoDEA,287.85,80.3,36.71,248.17,267.61,288.53,308.64,326.49
Mathematics,8,2011,FL,Florida,277.84,67.98,27.72,232.46,254.5,278.31,301.91,322.93
Mathematics,8,2011,GA,Georgia,278.48,68.49,27.76,233.24,255.27,278.85,302.13,323.7
Mathematics,8,2011,HI,Hawaii,277.84,67.79,30.01,228.6,253.97,280,304.23,324.18
Mathematics,8,2011,IA,Iowa,284.92,76.54,33.62,241.36,263.57,285.61,307.73,328.13
Mathematics,8,2011,ID,Idaho,286.68,77.41,36.85,243.19,264.57,287.52,310.29,330.47
Mathematics,8,2011,IL,Illinois,283.23,73.05,32.83,238.18,259.72,283.41,306.78,328.98
Mathematics,8,2011,IN,Indiana,285,76.76,34.15,243.19,263.81,285.4,307.87,326.52
Mathematics,8,2011,KS,Kansas,289.62,80.04,40.79,246.79,267.88,291.23,312.39,330.27
Mathematics,8,2011,KY,Kentucky,281.61,71.73,30.65,237.72,258.55,281.97,304.82,324.89
Mathematics,8,2011,LA,Louisiana,272.84,63.28,22.29,230.45,250.57,273.94,296.16,315.12
Mathematics,8,2011,MA,Massachusetts,298.51,85.55,51.23,253.64,276.62,300.1,322.24,341.39
Mathematics,8,2011,MD,Maryland,288,74.34,40.42,236.95,261.16,289.38,315.09,336.22
Mathematics,8,2011,ME,Maine,288.73,78.37,38.84,243.88,266.04,288.95,313.01,333.6
Mathematics,8,2011,MI,Michigan,280.18,70.61,30.79,234.88,257.16,281.42,304.83,323.84
Mathematics,8,2011,MN,Minnesota,294.95,83.18,47.61,249.09,273.16,296.86,318.91,338.67
Mathematics,8,2011,MO,Missouri,281.95,72.56,31.53,236.9,259.32,282.52,305.41,325.89
Mathematics,8,2011,MS,Mississippi,269.24,58.13,19.26,226.7,246,269.1,292.35,312.74
Mathematics,8,2011,MT,Montana,292.91,82.87,45.63,246.77,272.61,295.53,316.44,334.77
Mathematics,8,2011,NC,North Carolina,286.27,75.19,36.96,240.57,262.19,286.91,311.04,332.47
Mathematics,8,2011,ND,North Dakota,292,84.51,42.57,251.81,272.68,293.29,313.75,330.22
Mathematics,8,2011,NE,Nebraska,283.2,74.48,32.79,240.06,261.48,284.32,306.51,326.04
Mathematics,8,2011,NH,New Hampshire,292.11,81.54,43.59,247.44,270.66,293.7,315.78,334.57
Mathematics,8,2011,NJ,New Jersey,294.14,82.18,46.83,247.69,271.6,296.28,319.16,338.91
Mathematics,8,2011,NM,New Mexico,274.45,64.24,23.79,231.48,251.84,274.45,297.55,317.69
Mathematics,8,2011,NP,National public,282.73,72.32,33.54,235.79,258.93,283.7,307.68,328.5
Mathematics,8,2011,NV,Nevada,278.11,67.07,28.58,232.53,254.14,278.5,302.97,323.72
Mathematics,8,2011,NY,New York,280.45,70.22,30.02,234.91,256.97,281.07,304.28,325.47
Mathematics,8,2011,OH,Ohio,288.6,78.81,38.91,245.85,266.18,289.51,311.59,330.14
Mathematics,8,2011,OK,Oklahoma,279.18,71.74,27.28,237.31,258.61,280.19,300.89,319.44
Mathematics,8,2011,OR,Oregon,282.52,72.08,32.75,236.71,258.9,283.39,306.75,327.67
Mathematics,8,2011,PA,Pennsylvania,286.1,74.03,38.88,237.26,260.85,288.22,312.13,332.17
Mathematics,8,2011,RI,Rhode Island,282.88,73.5,33.9,235.85,260.38,284.6,307.93,327.58
Mathematics,8,2011,SC,South Carolina,281,70.16,31.75,234.72,256.71,281.5,306.04,326.58
Mathematics,8,2011,SD,South Dakota,290.62,82.01,41.68,247.68,270.37,292.28,313.17,330.31
Mathematics,8,2011,TN,Tennessee,274.04,64.29,23.87,228.63,251.01,274.26,297.73,319.59
Mathematics,8,2011,TX,Texas,290.35,81.43,40.01,249.45,269.14,290.85,312.21,331.23
Mathematics,8,2011,UT,Utah,283.31,73.06,34.91,236.46,259.84,284.72,308.74,327.58
Mathematics,8,2011,VA,Virginia,289.26,77.68,39.75,242.95,265.31,290.18,313.3,335.5
Mathematics,8,2011,VT,Vermont,293.88,81.66,46,246.97,270.59,295.56,319.18,337.7
Mathematics,8,2011,WA,Washington,288.11,76.54,40.45,238.35,263.85,290.46,313.79,334.92
Mathematics,8,2011,WI,Wisconsin,288.67,78.66,40.97,242.59,266.16,291.5,313.29,331.55
Mathematics,8,2011,WV,West Virginia,273.26,64.84,21.33,231,251.94,274.38,295.64,314.26
Mathematics,8,2011,WY,Wyoming,287.77,80.33,37.43,245.83,268.03,289.42,309.43,327.5
Mathematics,8,2013,AK,Alaska,281.56,71.85,33.03,232.73,258.21,283.48,307.16,327.13
Mathematics,8,2013,AL,Alabama,269.19,59.82,19.74,223.63,247.02,270.04,292.99,314.1
Mathematics,8,2013,AR,Arkansas,277.91,69.04,27.68,233.04,255.59,279.26,301.76,320.6
Mathematics,8,2013,AZ,Arizona,279.72,68.81,30.57,231.97,255,280.72,304.8,326.24
Mathematics,8,2013,CA,California,275.9,64.69,27.58,226.67,250.49,276.52,301.95,324.03
Mathematics,8,2013,CO,Colorado,289.68,76.96,41.91,239.84,264.71,291.16,316.43,336.6
Mathematics,8,2013,CT,Connecticut,285.24,73.82,37.11,235.99,260.61,286.49,312,333.15
Mathematics,8,2013,DC,District of Columbia,265.26,53.59,18.84,215.62,239.77,265.44,290.71,314.8
Mathematics,8,2013,DE,Delaware,282.34,71.26,32.71,236.12,257.81,282.15,307.26,328.93
Mathematics,8,2013,DS,DoDEA,290.43,82.83,39.82,251.9,270.22,290.85,311.5,328.82
Mathematics,8,2013,FL,Florida,280.86,70.39,30.75,235.93,257.18,281.02,305.02,325.59
Mathematics,8,2013,GA,Georgia,279.18,68.39,29.37,232.37,254.95,279.13,303.76,325.9
Mathematics,8,2013,HI,Hawaii,281.41,71.65,32.33,233.58,258.08,283.58,306.11,326.88
Mathematics,8,2013,IA,Iowa,285.07,75.82,35.79,241.25,262.96,286.58,309.18,328.15
Mathematics,8,2013,ID,Idaho,286.41,77.73,36.46,243.78,265.07,287.68,309.49,327.74
Mathematics,8,2013,IL,Illinois,284.9,73.85,36.46,235.97,260.62,286.16,310.79,331.9
Mathematics,8,2013,IN,Indiana,287.77,77.4,38.1,242.63,264.89,288.6,311.92,332.78
Mathematics,8,2013,KS,Kansas,289.52,79.24,40.48,244.92,266.95,290.36,313.92,332.87
Mathematics,8,2013,KY,Kentucky,280.65,71.24,30.03,236.93,258.04,280.8,304.13,324.42
Mathematics,8,2013,LA,Louisiana,272.76,63.63,20.83,231.22,251.8,272.59,294.24,314.82
Mathematics,8,2013,MA,Massachusetts,300.57,85.65,54.63,253.12,277.71,303.08,325.73,344.8
Mathematics,8,2013,MD,Maryland,286.64,73.96,37.43,237.48,260.79,286.6,312.59,336.24
Mathematics,8,2013,ME,Maine,288.73,78.37,39.52,243.91,265.93,289.73,312.7,332.52
Mathematics,8,2013,MI,Michigan,280.13,70.32,30.45,233.4,256.63,281.07,304.8,325.65
Mathematics,8,2013,MN,Minnesota,294.59,82.53,47.16,247.56,272.11,296.54,319.93,340.02
Mathematics,8,2013,MO,Missouri,282.99,74.09,32.62,238.94,260.97,283.97,306.36,326
Mathematics,8,2013,MS,Mississippi,271.16,61.44,21.3,225.96,248.02,272.43,295.07,314.66
Mathematics,8,2013,MT,Montana,289.23,79.99,39.64,245.96,267.89,290.64,312.29,330.87
Mathematics,8,2013,NC,North Carolina,285.65,74.94,36.27,239.09,261.95,286.09,310.7,331.78
Mathematics,8,2013,ND,North Dakota,290.52,82,40.59,249.07,269.99,291.64,312.9,330.47
Mathematics,8,2013,NE,Nebraska,285.06,76.24,35.56,239.58,263.55,287.05,308.65,327.24
Mathematics,8,2013,NH,New Hampshire,295.67,84.35,46.76,252.41,273.37,296.22,319.4,338.37
Mathematics,8,2013,NJ,New Jersey,296.05,82.43,48.89,247.91,272.21,298.04,321.84,341.76
Mathematics,8,2013,NM,New Mexico,272.76,62.51,22.66,227.96,249.94,272.58,296.28,317.68
Mathematics,8,2013,NP,National public,283.62,73.12,34.44,236.47,259.84,284.61,308.69,329.56
Mathematics,8,2013,NV,Nevada,278.29,68.29,28.33,233.4,255.22,278.9,302.6,322.63
Mathematics,8,2013,NY,New York,281.81,71.68,32.29,234.47,258.15,282.66,306.6,328.17
Mathematics,8,2013,OH,Ohio,289.53,78.9,40.16,243.52,266.57,290.44,314.11,334.26
Mathematics,8,2013,OK,Oklahoma,275.51,67.83,25.01,230.58,254.7,276.97,299.04,318.05
Mathematics,8,2013,OR,Oregon,283.52,73.1,34.29,236.3,259.92,284.78,308.34,329.18
Mathematics,8,2013,PA,Pennsylvania,289.62,78.48,41.88,242.65,266.4,291.77,314.43,333.26
Mathematics,8,2013,RI,Rhode Island,284.09,74.19,35.98,235.88,260.96,286,310.42,329.97
Mathematics,8,2013,SC,South Carolina,279.82,68.61,30.84,232.42,255.05,280.07,305.86,327.71
Mathematics,8,2013,SD,South Dakota,287.27,78.72,38.38,242.35,266.6,289.89,310.56,328.25
Mathematics,8,2013,TN,Tennessee,277.72,68.95,27.53,231.7,255.27,279.6,301.65,321.71
Mathematics,8,2013,TX,Texas,288.2,79.78,37.92,246.72,267.21,289.13,310.5,328.83
Mathematics,8,2013,UT,Utah,284.33,74.62,36.18,236.64,261.55,287,309.62,328.3
Mathematics,8,2013,VA,Virginia,288.14,77.32,38.09,243.06,264.71,288.48,311.73,333.61
Mathematics,8,2013,VT,Vermont,295.47,83.53,46.86,250.03,272.87,296.36,319.82,339.95
Mathematics,8,2013,WA,Washington,289.96,78.86,41.88,241.76,267,291.7,315.32,336.04
Mathematics,8,2013,WI,Wisconsin,288.75,77.96,39.84,242.28,265.66,289.99,313.53,333.85
Mathematics,8,2013,WV,West Virginia,274.43,65.37,23.51,231.57,252.51,275.48,297.5,316.46
Mathematics,8,2013,WY,Wyoming,288.12,80.65,37.82,248.63,268.06,289.29,309.75,326.72
Mathematics,8,2015,AK,Alaska,280.49,70.95,31.82,232.5,257.3,282.67,305.56,325.94
Mathematics,8,2015,AL,Alabama,266.56,55.69,17.2,221.93,243.74,266.92,289.83,310.9
Mathematics,8,2015,AR,Arkansas,275.06,65.92,24.92,230.49,252.57,276.25,298.94,317.78
Mathematics,8,2015,AZ,Arizona,282.92,72.22,34.83,234.62,258.9,284.01,309.23,328.87
Mathematics,8,2015,CA,California,275.32,63.85,27.12,226.62,249.51,275.81,301.42,323.97
Mathematics,8,2015,CO,Colorado,285.54,73.24,36.93,236.86,259.86,285.97,311.79,333.76
Mathematics,8,2015,CT,Connecticut,283.96,72.28,36.06,233.91,258.69,285.34,310.4,332.5
Mathematics,8,2015,DC,District of Columbia,263.06,51.04,19.14,210.43,236.09,262.93,290.49,315.65
Mathematics,8,2015,DE,Delaware,279.81,68.95,29.53,234.83,255.88,279.22,304.3,326.47
Mathematics,8,2015,DS,DoDEA,290.53,83.03,39.53,251.62,270.29,290.59,312.34,330.96
Mathematics,8,2015,FL,Florida,275.32,64.13,26.12,229.98,250.73,274.95,300.35,321.65
Mathematics,8,2015,GA,Georgia,278.71,67.32,28.35,233.24,254.37,277.37,302.93,327.17
Mathematics,8,2015,HI,Hawaii,279.34,69.81,30.02,232.63,256.26,280.56,304.26,324.38
Mathematics,8,2015,IA,Iowa,286.42,76.19,37.31,241.08,263.35,287.61,311,331.52
Mathematics,8,2015,ID,Idaho,283.74,75.08,34.03,239.69,262.11,285.21,307.13,325.21
Mathematics,8,2015,IL,Illinois,281.97,72.33,32.2,235.29,259.01,282.69,306.29,326.93
Mathematics,8,2015,IN,Indiana,287.18,77.22,38.68,240.83,264.58,288.74,311.86,331.42
Mathematics,8,2015,KS,Kansas,283.87,75.55,33.19,241.3,262.69,284.74,306.86,326
Mathematics,8,2015,KY,Kentucky,277.95,67.65,27.65,233.58,254.75,277.66,301.9,322.79
Mathematics,8,2015,LA,Louisiana,268.43,56.71,17.9,227.09,246.14,267.56,290.58,311.01
Mathematics,8,2015,MA,Massachusetts,296.91,80.87,50.79,244.18,270.95,299.71,324.75,345.34
Mathematics,8,2015,MD,Maryland,283.15,70.7,34.69,233.28,256.74,283.08,310.09,332.75
Mathematics,8,2015,ME,Maine,284.88,75.81,35.36,238.63,263.03,286.25,309.23,329
Mathematics,8,2015,MI,Michigan,278.17,67.65,28.53,231.34,254.02,278.43,302.91,325.11
Mathematics,8,2015,MN,Minnesota,294.15,82.02,47.81,245.88,272.21,297.06,319.89,337.83
Mathematics,8,2015,MO,Missouri,280.82,70.96,31.41,235.14,257.54,281.45,305.53,326.17
Mathematics,8,2015,MS,Mississippi,270.58,60.26,21.83,224.6,246.94,271.51,295.48,315.77
Mathematics,8,2015,MT,Montana,287.46,78.6,38.91,243.81,266.13,289.48,311.48,329.21
Mathematics,8,2015,NC,North Carolina,281.33,69.37,32.6,232.24,255.38,282.05,307.46,330.55
Mathematics,8,2015,ND,North Dakota,288.24,80.21,39.22,246.22,268.08,290.3,310.85,328.39
Mathematics,8,2015,NE,Nebraska,286.5,77.41,37.72,240.85,264.88,288.46,310.75,329.33
Mathematics,8,2015,NH,New Hampshire,294.41,83.8,46.34,250.72,273,295.86,317.77,337.14
Mathematics,8,2015,NJ,New Jersey,293.37,78.68,46.19,239.07,267.47,295.21,321.45,344.52
Mathematics,8,2015,NM,New Mexico,270.9,61.16,20.56,226.97,248.79,271.51,293.95,314.62
Mathematics,8,2015,NP,National public,281.28,70.43,32.13,233.66,256.81,281.88,306.69,328.19
Mathematics,8,2015,NV,Nevada,275.17,64.69,26.07,228.6,251.1,275.49,300.13,321.84
Mathematics,8,2015,NY,New York,280.09,69.46,30.92,232.56,255.81,280.52,305.43,326.86
Mathematics,8,2015,OH,Ohio,285.06,75.25,35.38,238.63,262.25,285.85,309.39,330.26
Mathematics,8,2015,OK,Oklahoma,274.59,67.09,22.89,232.78,254.01,276.08,296.91,315.01
Mathematics,8,2015,OR,Oregon,282.81,72.52,33.71,237.38,259.36,283.51,307.84,327.23
Mathematics,8,2015,PA,Pennsylvania,283.67,71.61,36.02,232.4,257.87,284.96,310.97,331.93
Mathematics,8,2015,RI,Rhode Island,281.45,72.44,31.96,234.95,259.29,282.77,306.33,325.8
Mathematics,8,2015,SC,South Carolina,275.83,65.48,25.7,231.03,252.5,275.8,299.79,321.61
Mathematics,8,2015,SD,South Dakota,284.64,77.4,33.67,242.85,264.6,286.07,306.91,324.97
Mathematics,8,2015,TN,Tennessee,278.2,67.92,29.22,230.3,254.16,279.26,303.34,324.47
Mathematics,8,2015,TX,Texas,283.79,74.74,32.29,240.92,261.67,283.9,306.45,326.99
Mathematics,8,2015,UT,Utah,286.12,76.31,37.88,239.09,263.64,288.39,311.11,329.89
Mathematics,8,2015,VA,Virginia,287.71,76.29,37.64,241.42,263.38,287.73,312.13,333.39
Mathematics,8,2015,VT,Vermont,290.36,78.6,42.09,242.22,266.7,291.78,315.81,335.52
Mathematics,8,2015,WA,Washington,286.51,74.26,39.33,234.13,260.95,288.61,313.8,335.52
Mathematics,8,2015,WI,Wisconsin,289.08,77.7,40.78,240.35,265.39,290.84,314.27,334.61
Mathematics,8,2015,WV,West Virginia,271.45,61.8,20.53,228.82,249.46,272.07,294.11,314.47
Mathematics,8,2015,WY,Wyoming,286.67,78.46,35.27,244.77,265.89,287.44,308.39,327.64
Mathematics,8,2017,AK,Alaska,277.02,65.69,29.23,224.98,250.89,277.9,304,328.59
Mathematics,8,2017,AL,Alabama,268.31,54.68,20.78,222.27,242.64,266.53,293.26,317.5
Mathematics,8,2017,AR,Arkansas,273.76,62.11,25.48,226.33,248.88,273.47,299.54,322.15
Mathematics,8,2017,AZ,Arizona,282.25,70.61,33.53,232.67,256.89,282.86,308.75,331.34
Mathematics,8,2017,CA,California,276.64,62.43,29.14,224.27,247.78,275.32,304.38,331.41
Mathematics,8,2017,CO,Colorado,286.25,73.82,38.27,235.12,260.42,286.91,313.99,335.89
Mathematics,8,2017,CT,Connecticut,284.14,72.04,36.22,233.36,258.35,284.98,311.51,333.46
Mathematics,8,2017,DC,District of Columbia,265.78,51.38,20.93,213.89,236.85,263.37,292.29,322.89
Mathematics,8,2017,DE,Delaware,278.02,66.16,28.45,230.05,252.31,276.92,303.42,328.17
Mathematics,8,2017,DS,DoDEA,292.84,83.46,41.67,252.66,270.79,291.7,315.18,335.32
Mathematics,8,2017,FL,Florida,279.12,66.39,29.15,233.73,253.71,277.56,304.09,327.18
Mathematics,8,2017,GA,Georgia,281.04,68.2,31.4,234.22,254.9,280,306.69,329.84
Mathematics,8,2017,HI,Hawaii,277.34,66.31,27.3,231.26,253.13,276.7,301.79,324.91
Mathematics,8,2017,IA,Iowa,286.24,75.66,37.05,239.14,262.82,287.01,311.24,332.36
Mathematics,8,2017,ID,Idaho,284.37,73.54,35.37,235.49,260.32,285.24,310,332.07
Mathematics,8,2017,IL,Illinois,281.62,68.39,32.46,231.87,254.8,280.61,308.02,332.6
Mathematics,8,2017,IN,Indiana,287.71,74.65,37.79,240.22,261.59,287.17,312.81,336.15
Mathematics,8,2017,KS,Kansas,285.28,73.82,35.37,238.91,260.64,284.99,310.32,332.21
Mathematics,8,2017,KY,Kentucky,277.71,65.4,28.89,229.87,251.68,277.29,303.57,326.29
Mathematics,8,2017,LA,Louisiana,266.51,54.2,18.79,220.87,242.12,265.77,291.27,313.04
Mathematics,8,2017,MA,Massachusetts,297.04,81.05,49.69,244.9,270.97,298.8,324.11,346.48
Mathematics,8,2017,MD,Maryland,280.91,66.33,32.62,230.31,252.6,279.27,309.46,334.53
Mathematics,8,2017,ME,Maine,284,71.82,35.99,234.64,258.32,284.29,311.17,332.8
Mathematics,8,2017,MI,Michigan,279.51,66.57,31.24,228.78,251.91,279.67,306.23,330.61
Mathematics,8,2017,MN,Minnesota,293.96,80.14,46.38,243.82,269.37,295.73,320.04,341.4
Mathematics,8,2017,MO,Missouri,280.6,69.98,30.25,234.68,256.58,280.48,304.89,327.66
Mathematics,8,2017,MS,Mississippi,270.91,59.15,21.52,226.76,246.78,269.94,294.84,316.41
Mathematics,8,2017,MT,Montana,285.6,76.04,37.4,239.1,263.25,288.24,310.02,329.11
Mathematics,8,2017,NC,North Carolina,281.93,68.04,34.88,228.52,253.27,282.27,310.8,335.01
Mathematics,8,2017,ND,North Dakota,288.17,77.87,39.66,242.17,265.46,289.86,312.39,331.65
Mathematics,8,2017,NE,Nebraska,288.41,76.3,40.87,238.82,263.63,290.3,314.84,335.12
Mathematics,8,2017,NH,New Hampshire,293.29,81.04,45.41,246.24,269.97,294.8,318.44,337.9
Mathematics,8,2017,NJ,New Jersey,291.7,76.35,43.76,238.26,263.83,292.3,321.34,343.76
Mathematics,8,2017,NM,New Mexico,269.37,57.39,20.25,223.53,244.65,268.97,293.3,316.28
Mathematics,8,2017,NP,National public,281.96,68.94,33.43,232.1,255.01,281.67,308.9,332.44
Mathematics,8,2017,NV,Nevada,275.37,62.46,27.44,227.55,248.76,274.49,302.16,325.03
Mathematics,8,2017,NY,New York,281.69,68,33.85,230.69,253.97,281.23,309.55,333.51
Mathematics,8,2017,OH,Ohio,287.71,73.87,40.19,234.87,260.41,288.41,316.33,337.98
Mathematics,8,2017,OK,Oklahoma,274.69,64.45,24.15,230.5,251.36,274.75,298.09,319.25
Mathematics,8,2017,OR,Oregon,282.17,69.62,33.7,233.11,255.78,282.36,308.65,331.47
Mathematics,8,2017,PA,Pennsylvania,286.39,72.83,38.13,235.74,259.29,287.05,314.01,336.09
Mathematics,8,2017,RI,Rhode Island,277.18,65.8,30.23,226.82,250.68,278.54,304.75,325.55
Mathematics,8,2017,SC,South Carolina,274.67,62.49,26.27,227.25,249.49,273.97,300.42,323
Mathematics,8,2017,SD,South Dakota,286.38,76.09,38.25,238.93,263.33,288.81,311.31,331.46
Mathematics,8,2017,TN,Tennessee,278.78,67.8,29.69,232.03,254.13,279.06,304.35,325.6
Mathematics,8,2017,TX,Texas,282.32,69.76,32.96,234.58,256,282.03,307.78,330.94
Mathematics,8,2017,UT,Utah,286.82,75.11,39.02,238.48,262.17,288.16,313.01,333.2
Mathematics,8,2017,VA,Virginia,290.08,76.61,40.33,242.6,263.89,288.95,315.74,338.97
Mathematics,8,2017,VT,Vermont,287.62,76.48,39.37,239.64,263.66,289.04,313.76,333.01
Mathematics,8,2017,WA,Washington,289.13,75.12,41.26,237.36,262.11,290.02,317.08,338.95
Mathematics,8,2017,WI,Wisconsin,288.14,75.93,39.31,239.57,263.15,288.59,314.91,335.98
Mathematics,8,2017,WV,West Virginia,273.42,61.91,23.85,228.77,249.36,272.54,297.48,319.87
Mathematics,8,2017,WY,Wyoming,288.76,79.17,38.45,246.1,266.56,289.08,311.74,331.67
Mathematics,8,2019,AK,Alaska,274.34,63.08,29.04,218.31,247.25,276.21,303.79,326.39
Mathematics,8,2019,AL,Alabama,268.7,57.22,21.28,220.84,244,268.58,294.33,316.39
Mathematics,8,2019,AR,Arkansas,274.36,63.04,27.31,223.38,248.08,275.46,301.65,323.17
Mathematics,8,2019,AZ,Arizona,279.93,67.72,31.01,229.57,253.66,279.93,305.99,330.08
Mathematics,8,2019,CA,California,275.61,60.96,28.51,223.2,245.93,273.6,304.01,331.92
Mathematics,8,2019,CO,Colorado,284.67,72.52,36.94,232.75,258.92,286.08,311.87,334.61
Mathematics,8,2019,CT,Connecticut,286.16,71.74,39.23,230.24,257.42,287.13,315.82,339.75
Mathematics,8,2019,DC,District of Columbia,269.18,55.35,23.02,216.08,240.01,267.35,296,325.99
Mathematics,8,2019,DE,Delaware,276.7,65.23,29.22,225.75,250.34,277.46,303.93,326.72
Mathematics,8,2019,DS,DoDEA,292.13,82.55,41.3,250.92,270.25,292.04,313.97,333.92
Mathematics,8,2019,FL,Florida,278.52,65.73,30.64,227.42,251.15,278.18,306.02,329.49
Mathematics,8,2019,GA,Georgia,279.49,66.87,31.14,229.41,252.72,279.09,306.66,330.56
Mathematics,8,2019,HI,Hawaii,275.33,64.58,27.66,224.43,250.78,276.22,302.17,323.89
Mathematics,8,2019,IA,Iowa,281.67,71.6,32.55,233.98,257.99,283.25,306.83,326.96
Mathematics,8,2019,ID,Idaho,285.94,73.95,37.34,236.98,260.7,286.68,311.99,334.14
Mathematics,8,2019,IL,Illinois,282.56,69.46,33.84,231.83,255.7,282.04,309.4,333.31
Mathematics,8,2019,IN,Indiana,285.65,73.38,37.4,235.98,259.99,286.71,312.2,333.77
Mathematics,8,2019,KS,Kansas,282.21,70.56,32.88,234.68,257.01,282.14,308.04,331.25
Mathematics,8,2019,KY,Kentucky,278.1,67.31,29.01,229.89,253.59,278.4,303.43,325.5
Mathematics,8,2019,LA,Louisiana,271.64,60.76,23.07,223.95,246.37,272.22,296.85,318.05
Mathematics,8,2019,MA,Massachusetts,294.47,78.46,47.41,239.87,266.89,296.21,323.32,346.38
Mathematics,8,2019,MD,Maryland,280.15,65.02,32.59,226.3,249.81,278.85,309.49,337.1
Mathematics,8,2019,ME,Maine,282.37,71.09,33.6,232.01,257.34,283.22,308.79,331.09
Mathematics,8,2019,MI,Michigan,280.28,68.07,30.99,232.52,254.22,279.77,305.91,329.61
Mathematics,8,2019,MN,Minnesota,290.79,77.07,44.16,238.3,264.79,292.94,319.32,339.64
Mathematics,8,2019,MO,Missouri,280.76,69.59,31.58,233.18,255.84,281.31,306.07,327.33
Mathematics,8,2019,MS,Mississippi,273.73,62.19,24.33,228.11,249.16,273.23,298.25,320.29
Mathematics,8,2019,MT,Montana,283.96,72.93,35.67,234.36,259.48,285.09,310.2,331.44
Mathematics,8,2019,NC,North Carolina,283.66,70.69,36.51,231.37,256.5,284.97,311.91,335.29
Mathematics,8,2019,ND,North Dakota,285.56,75.37,37.35,237.94,262.55,287.56,310.6,330.15
Mathematics,8,2019,NE,Nebraska,285.01,74.15,36.87,235.57,260.92,287.08,310.62,331.36
Mathematics,8,2019,NH,New Hampshire,287.22,76.51,38.48,239.73,263.8,288.56,311.94,332.32
Mathematics,8,2019,NJ,New Jersey,291.82,75.87,44.09,235.23,263.29,292.45,321.58,347.51
Mathematics,8,2019,NM,New Mexico,268.77,56.19,20.74,222.28,243.59,268.01,293.7,316.2
Mathematics,8,2019,NP,National public,280.99,68.04,32.9,229.73,253.73,280.96,308.44,332.43
Mathematics,8,2019,NV,Nevada,273.79,61.5,25.7,223.93,247.11,273.67,299.84,324.52
Mathematics,8,2019,NY,New York,280.41,65.89,33.52,225.85,250.5,280.07,310.07,335.89
Mathematics,8,2019,OH,Ohio,285.71,73.31,37.52,234.18,259.89,286.7,312.94,335.66
Mathematics,8,2019,OK,Oklahoma,276.47,66.23,25.51,232.21,253.19,276.27,299.61,321.37
Mathematics,8,2019,OR,Oregon,279.5,66.95,31.39,227.45,252.8,279.02,307.09,331.96
Mathematics,8,2019,PA,Pennsylvania,285.02,70.49,38.61,229.22,256.04,286.37,314.92,338.32
Mathematics,8,2019,RI,Rhode Island,275.67,63.82,29.49,221.3,248.12,277.07,304.61,328.49
Mathematics,8,2019,SC,South Carolina,276.35,63.69,28.9,226.06,249.57,275.86,303.76,328.57
Mathematics,8,2019,SD,South Dakota,287.09,76.27,39.44,237.41,263.64,289.45,312.99,333.06
Mathematics,8,2019,TN,Tennessee,280.08,67.84,31.15,231.26,253.94,279.6,306.3,329.72
Mathematics,8,2019,TX,Texas,279.65,67.96,29.55,233.47,254.7,278.75,304.23,326.87
Mathematics,8,2019,UT,Utah,284.93,72.4,37.34,232.75,258.61,286.52,312.54,334.77
Mathematics,8,2019,VA,Virginia,287.06,74.53,37.8,238.15,261.33,287.39,312.84,335.42
Mathematics,8,2019,VT,Vermont,286.6,74.65,38.33,235.76,261.42,287.68,313.33,334.74
Mathematics,8,2019,WA,Washington,285.81,71.55,40.03,230.09,257.16,287.93,316.03,338.28
Mathematics,8,2019,WI,Wisconsin,288.66,75.5,41.31,237.63,262.57,290.54,315.79,337.58
Mathematics,8,2019,WV,West Virginia,272.35,61.52,24.13,224.43,247.74,272.76,297.87,320.1
Mathematics,8,2019,WY,Wyoming,286.31,76.42,37.14,240.09,263.75,287.49,310.52,329.94
Mathematics,8,2022,AK,Alaska,269.92,58.98,23.27,217.52,243.96,270.87,296.82,319.48
Mathematics,8,2022,AL,Alabama,264.36,52.52,18.69,214.03,237.5,264.51,291.1,314.12
Mathematics,8,2022,AR,Arkansas,266.88,55.13,18.93,221.3,242.37,266.79,291.63,313.13
Mathematics,8,2022,AZ,Arizona,270.7,58.05,23.8,219.92,243.05,270.31,297.38,321.16
Mathematics,8,2022,CA,California,269.81,55.57,22.97,218.21,240.74,268.09,296.1,325.33
Mathematics,8,2022,CO,Colorado,275.11,63.2,27.82,223.43,248.8,275.56,302.22,325.46
Mathematics,8,2022,CT,Connecticut,276.49,62.96,29.95,223.14,247.49,276.3,305.35,330.08
Mathematics,8,2022,DC,District of Columbia,259.53,45.78,16.45,209.61,231.47,257.69,285.07,312.01
Mathematics,8,2022,DE,Delaware,264.25,51.32,18.29,216.38,238.81,263.22,289.41,313.47
Mathematics,8,2022,DS,DoDEA,291.62,82.11,40.76,249.82,269.96,291.62,313.28,334.16
Mathematics,8,2022,FL,Florida,271.2,58.29,22.95,223.95,244.81,269.79,296.16,321.63
Mathematics,8,2022,GA,Georgia,271.28,58.93,23.71,221.36,244.3,270.64,297.27,321.96
Mathematics,8,2022,HI,Hawaii,270.1,58.05,22.21,221.51,244.58,269.66,295.44,319.32
Mathematics,8,2022,IA,Iowa,277.13,66.92,28.08,229.07,253.26,277.72,302.44,323.79
Mathematics,8,2022,ID,Idaho,281.77,71.47,32.43,234.14,258,282.61,306.73,327.1
Mathematics,8,2022,IL,Illinois,275.2,61.7,26.52,226.72,247.78,273.37,301.05,326.62
Mathematics,8,2022,IN,Indiana,278.65,66.39,30.11,228.65,252.25,278.74,304.89,328.21
Mathematics,8,2022,KS,Kansas,271.96,60.67,23.22,224.39,247.4,271.96,296.9,318.8
Mathematics,8,2022,KY,Kentucky,269.41,56.94,21.5,222.65,243.99,268.72,294.64,316.78
Mathematics,8,2022,LA,Louisiana,265.6,53.36,18.89,217.32,239.19,265.25,291.23,314.28
Mathematics,8,2022,MA,Massachusetts,283.59,70.13,35.06,232.31,256.16,283.48,310.89,334.48
Mathematics,8,2022,MD,Maryland,268.7,53.97,24.67,214.59,237.91,266.42,298.54,327.05
Mathematics,8,2022,ME,Maine,272.54,60.74,24.37,223.7,246.38,272.28,298.32,322.01
Mathematics,8,2022,MI,Michigan,272.55,59.68,25.43,223.45,245,271.99,299.47,321.6
Mathematics,8,2022,MN,Minnesota,280.07,68.55,31.53,231.09,254.46,281.24,306.2,327.68
Mathematics,8,2022,MO,Missouri,272.15,60.76,23.91,223.81,247.05,272.1,297.66,319.93
Mathematics,8,2022,MS,Mississippi,265.57,54.19,17.75,219.83,241.24,265.88,290.29,310.85
Mathematics,8,2022,MT,Montana,277.43,67.71,28.54,230.42,254.08,279.13,302.48,321.92
Mathematics,8,2022,NC,North Carolina,273.7,61.49,25.38,225.55,247.79,273.44,299.37,322.32
Mathematics,8,2022,ND,North Dakota,278.4,68.64,28.2,233.47,255.01,279.02,302.35,321.56
Mathematics,8,2022,NE,Nebraska,279.38,68.49,30.96,228.64,254.32,280.31,305.48,327.57
Mathematics,8,2022,NH,New Hampshire,278.58,69.72,28.96,230.83,256.05,279.96,302.91,323.6
Mathematics,8,2022,NJ,New Jersey,280.89,67.17,33.14,226.98,251.95,280.75,309.3,334.36
Mathematics,8,2022,NM,New Mexico,258.98,45.32,12.69,215.13,235.2,257.91,281.87,304.03
Mathematics,8,2022,NP,National public,273.13,60.47,25.51,223.14,245.99,272.57,299.63,323.94
Mathematics,8,2022,NV,Nevada,269.22,56.47,20.82,222.15,243.36,268,293.73,318.35
Mathematics,8,2022,NY,New York,274.27,60.18,28.39,220.7,244.52,273.05,303.51,330.8
Mathematics,8,2022,OH,Ohio,276.06,64.37,29.02,224.49,249.07,277.19,303.59,325.82
Mathematics,8,2022,OK,Oklahoma,263.9,52.09,15.93,218.67,240.49,263.71,287.17,309.53
Mathematics,8,2022,OR,Oregon,270.28,57.37,22.03,223.67,244.57,268.93,295.18,318.83
Mathematics,8,2022,PA,Pennsylvania,274.27,61.77,27.41,223.34,246.87,274.54,301.91,324.16
Mathematics,8,2022,RI,Rhode Island,270.3,58.06,23.65,219.35,242.93,270.16,297.33,322.02
Mathematics,8,2022,SC,South Carolina,269.02,56.39,22.02,220.32,242.63,268.26,295.02,319.89
Mathematics,8,2022,SD,South Dakota,281.44,71.59,32.23,235.01,258.15,283.02,306.3,324.88
Mathematics,8,2022,TN,Tennessee,271.98,60.37,24.78,222.01,246.25,272.19,298.7,321.16
Mathematics,8,2022,TX,Texas,272.67,60.58,23.77,225.96,247.34,271.9,297.55,320.51
Mathematics,8,2022,UT,Utah,282.21,70.26,34.5,231.98,256.22,284.04,308.45,329.8
Mathematics,8,2022,VA,Virginia,279.17,65.34,31.21,228.02,250.93,278.16,306.76,331.25
Mathematics,8,2022,VT,Vermont,276.46,66.4,26.92,228.88,252.61,276.88,301.09,322.27
Mathematics,8,2022,WA,Washington,276.08,63.88,27.81,225.47,249.11,276.17,302.25,326.91
Mathematics,8,2022,WI,Wisconsin,281.14,69.83,33.22,230.37,255.56,282.28,307.65,329.25
Mathematics,8,2022,WV,West Virginia,260.39,47.96,15.09,212.84,235.25,260.06,285.27,308.34
Mathematics,8,2022,WY,Wyoming,280.93,71.61,31.38,234.93,258.01,282.32,305.52,324.55
Mathematics,8,2024,AK,Alaska,263.96,53.83,21.55,205.28,234.38,266.19,294.64,318.77
Mathematics,8,2024,AL,Alabama,261.77,49.58,18.37,210.46,234.26,261.57,289.86,313.52
Mathematics,8,2024,AR,Arkansas,266.19,54.47,19.82,216.16,239.5,266.48,292,316.03
Mathematics,8,2024,AZ,Arizona,269.66,56.55,25.79,211.51,238.42,269.84,300.12,327.06
Mathematics,8,2024,CA,California,268.78,54.31,25.25,211.06,237.01,267.09,299.38,328.97
Mathematics,8,2024,CO,Colorado,278.11,65.39,32.47,222.09,249.31,279.38,308.4,332.58
Mathematics,8,2024,CT,Connecticut,276.67,62.89,31.86,219.67,245.68,277.63,307.71,332.44
Mathematics,8,2024,DC,District of Columbia,261.54,45.54,20.09,207.13,230.04,257.2,289.78,324.52
Mathematics,8,2024,DE,Delaware,263.06,50.92,19.34,211.11,234.64,262.99,291.25,315.32
Mathematics,8,2024,DS,DoDEA,291.41,81.23,40.84,248.94,268.91,290.96,314.46,334.93
Mathematics,8,2024,FL,Florida,267.24,54.56,21.12,216.92,240.21,266.64,293.86,318.43
Mathematics,8,2024,GA,Georgia,268.66,56.47,23.66,214.26,240.71,268.89,297.22,322.54
Mathematics,8,2024,HI,Hawaii,270.04,57.97,23.15,220.22,243.14,269.9,296.59,321.26
Mathematics,8,2024,IA,Iowa,274.82,64.66,27.2,224.03,249.85,276.66,301.6,322.23
Mathematics,8,2024,ID,Idaho,278.1,66.71,30.92,226.7,252.28,279.69,305.66,327.31
Mathematics,8,2024,IL,Illinois,277.42,62.04,32.35,220.33,245.14,277.12,308.56,335.39
Mathematics,8,2024,IN,Indiana,278.19,66.58,30.76,226.72,251.81,279.09,305.52,327.8
Mathematics,8,2024,KS,Kansas,274.14,62.89,26.3,223.47,247.72,274.84,300.56,323.83
Mathematics,8,2024,KY,Kentucky,270.81,57.69,24.32,219.91,243.13,269.73,298.03,322.71
Mathematics,8,2024,LA,Louisiana,266.78,53.71,20.84,217.71,239.54,265.64,293.78,317.73
Mathematics,8,2024,MA,Massachusetts,283.47,68.36,37.16,226.72,252.67,284.47,313.74,338.61
Mathematics,8,2024,MD,Maryland,268.21,53.6,24.73,212.68,236.9,266.37,298.47,327.85
Mathematics,8,2024,ME,Maine,272.62,60.73,24.53,222.29,247.43,272.33,298.47,322.75
Mathematics,8,2024,MI,Michigan,269.98,56.74,23.93,219.35,242.02,268.82,297.67,322.31
Mathematics,8,2024,MN,Minnesota,282.09,70.51,34.03,230.62,256.44,283.42,308.37,330.22
Mathematics,8,2024,MO,Missouri,270.36,59.3,22.99,220.03,244.14,271.29,296.74,319.87
Mathematics,8,2024,MS,Mississippi,269.06,57.36,21.58,220.29,242.76,269.06,294.66,318.72
Mathematics,8,2024,MT,Montana,279.08,68.35,32.1,225.76,253.69,281.06,306.92,327.98
Mathematics,8,2024,NC,North Carolina,275.82,62.27,31.47,217.54,245.35,276.68,307.03,331.47
Mathematics,8,2024,ND,North Dakota,279.77,71.14,29.48,235.08,257.97,280.55,303.7,323.15
Mathematics,8,2024,NE,Nebraska,279.88,68.99,32.48,226.46,254.04,282.04,307.28,328.94
Mathematics,8,2024,NH,New Hampshire,279.74,69.27,31.95,228.7,254.71,281.88,305.9,327.17
Mathematics,8,2024,NJ,New Jersey,281.68,65.34,36.77,221.94,248.75,281.87,314.65,340.57
Mathematics,8,2024,NM,New Mexico,256.21,42,13.94,208.37,229.74,254.33,281.19,307.76
Mathematics,8,2024,NP,National public,272.23,58.97,26.88,217.78,242.86,271.86,301.53,326.91
Mathematics,8,2024,NV,Nevada,265.18,51.75,20.2,215.07,237.18,263.63,291.86,318.17
Mathematics,8,2024,NY,New York,270.85,57.6,26.24,215.39,240.46,270.68,300.8,327.84
Mathematics,8,2024,OH,Ohio,278.81,65.37,32.09,224.76,250.34,279.12,307.66,332.5
Mathematics,8,2024,OK,Oklahoma,264.45,53.12,17.37,216.96,239.27,264.83,288.91,312.45
Mathematics,8,2024,OR,Oregon,267.94,55.19,23.75,213.23,238.7,267.59,297.29,322.77
Mathematics,8,2024,PA,Pennsylvania,276.25,62.93,31.4,217.17,246.09,277.5,307.43,333.28
Mathematics,8,2024,RI,Rhode Island,269.83,57,26.01,211.72,238.42,270.09,300.56,328.2
Mathematics,8,2024,SC,South Carolina,268.01,54.69,23.74,214.99,238.68,267.13,297.28,322.27
Mathematics,8,2024,SD,South Dakota,281.1,71.03,33.25,231.55,257.3,283.22,307.04,327.03
Mathematics,8,2024,TN,Tennessee,275.98,62.06,30.51,221.46,246.41,275.52,305.8,330.4
Mathematics,8,2024,TX,Texas,269.39,55.99,23.69,218.59,241.5,267.99,297.08,321.74
Mathematics,8,2024,UT,Utah,281.79,69.58,35.06,230.03,254.87,284.3,309.12,329.52
Mathematics,8,2024,VA,Virginia,274.99,62.72,28.51,219.99,246.77,275.64,303.22,328.23
Mathematics,8,2024,VT,Vermont,275.62,64.12,28.51,224.38,248.7,276.72,303.16,325.35
Mathematics,8,2024,WA,Washington,273.67,59.03,29.51,216.31,242.47,272.47,305.08,331.98
Mathematics,8,2024,WI,Wisconsin,282.65,69.43,36.53,228.5,254.61,284.56,311.34,332.96
Mathematics,8,2024,WV,West Virginia,260.77,48.37,17.75,209.45,232.92,260.4,288.62,313.2
Mathematics,8,2024,WY,Wyoming,278.32,68.16,30.04,228.75,253.8,280.37,304.12,324.31
Reading,4,2003,AK,Alaska,211.55,57.65,27.72,154.39,186.21,216.06,240.76,259.63
Reading,4,2003,AL,Alabama,207.08,52.47,22.24,154.9,182.44,210.4,234.96,254.94
Reading,4,2003,AR,Arkansas,213.62,59.63,28.12,161.62,190.15,217.4,241.16,260.11
Reading,4,2003,AZ,Arizona,208.87,54.25,23.47,156.73,183.86,212.15,236.24,255.6
Reading,4,2003,CA,California,205.63,49.56,21.09,153.26,179.09,207.51,233.27,255.28
Reading,4,2003,CO,Colorado,223.66,69.4,36.75,177.5,201.79,226.39,248.4,266.24
Reading,4,2003,CT,Connecticut,228.34,73.69,42.55,180.01,206.33,231.65,253.76,271.65
Reading,4,2003,DC,District of Columbia,188.37,30.96,10.41,136.37,161.88,188.71,214.33,239.08
Reading,4,2003,DE,Delaware,223.93,70.89,32.77,185.45,204.27,224.61,244.31,261.7
Reading,4,2003,DS,DoDEA,224.25,70.93,34.89,181.8,203.76,225.69,246.71,265.09
Reading,4,2003,FL,Florida,218.01,62.78,31.57,167.72,193.81,220.74,244.74,264.2
Reading,4,2003,GA,Georgia,213.6,58.89,26.56,163.47,189.47,215.88,239.6,259.86
Reading,4,2003,HI,Hawaii,208.26,53.47,21.27,159.21,184.95,211.02,234.04,253.81
Reading,4,2003,IA,Iowa,223.27,70.23,34.72,179.01,202.95,225.82,246.15,263.19
Reading,4,2003,ID,Idaho,218.26,64.45,30.13,171.09,196.47,220.91,242.87,260.36
Reading,4,2003,IL,Illinois,216.3,61.24,30.82,163.7,191.41,219.24,244.13,263.63
Reading,4,2003,IN,Indiana,220.41,66.04,32.68,173.31,198.12,222.75,245.37,263.66
Reading,4,2003,KS,Kansas,220.14,66.03,32.53,172.56,197.51,223.02,245.16,263.32
Reading,4,2003,KY,Kentucky,219.04,64.14,30.61,174.25,196.71,221.04,242.98,261.18
Reading,4,2003,LA,Louisiana,204.73,48.79,19.88,154.1,179.64,206.86,232.1,252.32
Reading,4,2003,MA,Massachusetts,227.6,73.19,40.4,183.22,206.01,229.66,251.25,268.89
Reading,4,2003,MD,Maryland,218.67,62.14,32.22,168.92,193.81,220.41,245.65,265.73
Reading,4,2003,ME,Maine,223.86,70.29,35.51,179.46,202.91,226.09,247.18,264.01
Reading,4,2003,MI,Michigan,218.79,64.07,31.91,169.86,195.62,221.9,244.56,262.93
Reading,4,2003,MN,Minnesota,222.61,68.72,37.21,172.4,200.23,226.74,248.82,266.46
Reading,4,2003,MO,Missouri,222.26,67.96,34.24,177.06,200.33,224.24,246.74,264.56
Reading,4,2003,MS,Mississippi,205.46,48.57,18.32,158.56,181.82,206.76,230.35,250.39
Reading,4,2003,MT,Montana,222.75,69.35,34.93,177.68,201.53,225.74,246.54,264.18
Reading,4,2003,NC,North Carolina,221.22,65.59,32.67,175.15,198.47,222.76,245.73,265.17
Reading,4,2003,ND,North Dakota,221.64,68.68,31.75,179.85,201.67,223.88,243.57,260.62
Reading,4,2003,NE,Nebraska,220.61,66.34,32.27,173.46,198.35,222.78,245.04,264.17
Reading,4,2003,NH,New Hampshire,227.79,74.8,40.01,184.92,207.76,230.43,250.79,267.32
Reading,4,2003,NJ,New Jersey,225.07,69.9,38.51,176.18,201.38,227.52,250.7,268.75
Reading,4,2003,NM,New Mexico,203.19,47.29,18.76,150.35,178.41,205.67,230.19,250.97
Reading,4,2003,NP,National public,216.46,61.57,29.67,166.77,192.73,219.12,242.74,261.95
Reading,4,2003,NV,Nevada,206.96,51.98,20.36,156.84,183.69,209.97,233.46,251.84
Reading,4,2003,NY,New York,222.19,67.22,34.15,176.79,199.39,224.24,246.77,264.82
Reading,4,2003,OH,Ohio,221.87,68.57,34.18,174.83,200.53,225.03,246.6,264.72
Reading,4,2003,OK,Oklahoma,213.58,60.35,25.93,164.49,191.65,217.01,238.95,256.8
Reading,4,2003,OR,Oregon,217.61,63.21,30.52,169.18,194.56,220.36,243.31,261.09
Reading,4,2003,PA,Pennsylvania,218.7,64.87,32.8,167.5,196.12,222.64,245.19,262.83
Reading,4,2003,RI,Rhode Island,216.49,62.24,29.17,167.43,193.42,219.35,241.88,261.35
Reading,4,2003,SC,South Carolina,214.81,59.45,25.68,169.28,192.06,216.28,238.74,257.93
Reading,4,2003,SD,South Dakota,222.27,68.85,33.47,178.38,201.44,224.31,245.68,262.97
Reading,4,2003,TN,Tennessee,211.95,57.22,26.15,159.93,187.42,215.21,239.38,259.79
Reading,4,2003,TX,Texas,214.81,59.02,26.5,168.48,191.71,216.08,239.44,258.74
Reading,4,2003,UT,Utah,219.27,66.06,31.66,171.23,198.12,222.84,243.85,261.77
Reading,4,2003,VA,Virginia,223.34,68.67,35.11,177.74,200.54,225,247.56,266.05
Reading,4,2003,VT,Vermont,226.12,73.42,36.83,184.73,206.3,227.85,247.84,264.77
Reading,4,2003,WA,Washington,221.1,67.23,33.06,174.1,199.72,223.78,245.23,263.38
Reading,4,2003,WI,Wisconsin,220.83,67.77,32.56,174.65,200.02,223.49,244.65,262.1
Reading,4,2003,WV,West Virginia,219.18,64.86,28.66,177.45,198.33,220.41,241.43,259.13
Reading,4,2003,WY,Wyoming,222.08,68.6,33.73,177.11,201.07,224.79,245.78,263.35
Reading,4,2005,AK,Alaska,211.06,58.15,26.71,155.77,185.73,216.64,239.7,258.1
Reading,4,2005,AL,Alabama,207.75,52.72,22.3,156.83,183.69,210.62,235.14,255.01
Reading,4,2005,AR,Arkansas,217.07,62.56,29.68,169.63,194.28,219.87,242.26,260.52
Reading,4,2005,AZ,Arizona,207.14,52.12,23.62,152.2,180.44,210.49,236.47,257.28
Reading,4,2005,CA,California,206.51,49.99,21.43,155.6,179.78,207.96,233.78,255.12
Reading,4,2005,CO,Colorado,223.66,69.49,36.56,177.48,201.56,226.6,247.89,264.84
Reading,4,2005,CT,Connecticut,225.75,70.63,38.32,178.38,202.7,227.55,250.8,270.94
Reading,4,2005,DC,District of Columbia,190.79,33.03,11.24,141,165.04,190.58,216.95,240.77
Reading,4,2005,DE,Delaware,225.84,73.32,34.22,189.78,206.67,226.08,245.67,262.11
Reading,4,2005,DS,DoDEA,226.13,74.58,35.64,188.33,207.64,227.43,246.15,261.99
Reading,4,2005,FL,Florida,219.47,64.76,30.11,174.56,197.52,221.08,242.8,262.1
Reading,4,2005,GA,Georgia,214.43,58.29,26.31,167.77,190.19,215.97,239.37,259.82
Reading,4,2005,HI,Hawaii,209.58,52.79,23.38,160.28,184.86,211.03,236.13,256.63
Reading,4,2005,IA,Iowa,220.81,67.47,33.05,174.83,199.44,223.52,245.15,262.87
Reading,4,2005,ID,Idaho,221.86,69.04,32.86,177.29,201.63,224.04,245.03,262.37
Reading,4,2005,IL,Illinois,216.49,62.22,29.41,166.93,193.47,219.78,242.38,261.28
Reading,4,2005,IN,Indiana,218.07,64.01,30.28,169.47,196.09,220.95,242.93,261.55
Reading,4,2005,KS,Kansas,220.47,66.29,32.5,173.2,198.57,223.16,244.54,263.23
Reading,4,2005,KY,Kentucky,219.93,64.91,30.8,175.41,197.09,221.13,243.56,263.02
Reading,4,2005,LA,Louisiana,209.17,53.03,20.4,163.52,186.94,210.27,232.75,252.42
Reading,4,2005,MA,Massachusetts,231.28,77.91,43.67,189.38,211.1,232.9,253.32,270.57
Reading,4,2005,MD,Maryland,220.03,64.6,32.29,172.19,196.01,222.2,245.77,264.82
Reading,4,2005,ME,Maine,224.58,71.02,35.21,181.23,203.8,226,247.02,265.43
Reading,4,2005,MI,Michigan,218.26,62.86,31.71,168.98,193.94,221.06,244.63,262.94
Reading,4,2005,MN,Minnesota,225.23,71.37,38.01,178.66,203.73,227.59,249.83,268.66
Reading,4,2005,MO,Missouri,221.17,67.01,32.67,176.06,199.6,223.29,245.06,262.97
Reading,4,2005,MS,Mississippi,204.39,47.84,18.18,157.29,180,205.87,229.96,249.36
Reading,4,2005,MT,Montana,224.55,71.31,35.59,181.25,204.03,227.24,246.42,263.53
Reading,4,2005,NC,North Carolina,217.13,61.5,29.3,170.01,193.42,218.83,242.06,261.35
Reading,4,2005,ND,North Dakota,224.81,71.81,35.46,183.74,204.58,227.13,246.74,263.3
Reading,4,2005,NE,Nebraska,221.38,67.67,33.52,174.41,199.76,224.29,245.39,262.89
Reading,4,2005,NH,New Hampshire,227.44,74.38,38.56,185.41,207.4,229.11,249.34,266.51
Reading,4,2005,NJ,New Jersey,223.3,68.27,37.18,174.04,199.91,226.34,248.83,267.32
Reading,4,2005,NM,New Mexico,206.79,51.28,20.46,156.71,183.04,209.06,232.86,252.39
Reading,4,2005,NP,National public,217.3,62.47,29.77,169.11,194.04,219.76,242.68,261.69
Reading,4,2005,NV,Nevada,207.19,51.94,20.55,157.02,182.72,209.96,233.21,251.89
Reading,4,2005,NY,New York,222.7,68.95,33.35,178.66,201.77,224.47,245.58,263.69
Reading,4,2005,OH,Ohio,222.53,68.69,34.37,177.28,200.92,225.01,246.26,264.14
Reading,4,2005,OK,Oklahoma,213.86,60.31,25.11,167.43,192.25,216.82,238.14,256.06
Reading,4,2005,OR,Oregon,216.9,62.37,29.36,168.32,193.74,219.68,242.2,261.11
Reading,4,2005,PA,Pennsylvania,222.77,68.62,35.94,174.52,199.94,226.11,247.97,265.76
Reading,4,2005,RI,Rhode Island,216.44,61.79,29.72,166.51,192.8,219.4,242.93,262.36
Reading,4,2005,SC,South Carolina,213.2,57.37,25.58,165.08,189.36,214.67,238.74,258.81
Reading,4,2005,SD,South Dakota,222.4,69.77,32.95,179.98,202.61,225,244.71,261.44
Reading,4,2005,TN,Tennessee,214.22,59.2,26.66,165.62,190.95,216.73,239.86,258.97
Reading,4,2005,TX,Texas,218.73,63.94,28.99,174.85,196.99,220.03,241.63,260.26
Reading,4,2005,UT,Utah,221.31,67.68,34.06,173.61,199.51,224.54,246.14,264
Reading,4,2005,VA,Virginia,225.81,71.87,36.91,183.99,204.85,227.41,247.99,264.98
Reading,4,2005,VT,Vermont,226.89,72.36,38.55,183.14,204.93,228.63,250.02,268.52
Reading,4,2005,WA,Washington,223.49,69.91,35.52,178.24,202.43,226.14,246.85,264.59
Reading,4,2005,WI,Wisconsin,221.16,67.22,33.08,174.98,199.28,223.75,245.38,262.97
Reading,4,2005,WV,West Virginia,214.77,60.53,25.55,169.61,193.17,217.33,238.47,256.79
Reading,4,2005,WY,Wyoming,223.26,70.82,34.45,179.2,203.35,226.17,245.78,262.49
Reading,4,2007,AK,Alaska,214.48,61.69,28.74,160.59,192.16,219.19,241.64,261
Reading,4,2007,AL,Alabama,216.39,61.58,28.93,169.54,193.27,218.99,241.78,260.46
Reading,4,2007,AR,Arkansas,217.03,63.52,28.59,171.35,195.57,219.99,241.47,259.65
Reading,4,2007,AZ,Arizona,209.52,55.88,24.22,157.83,185.97,213.62,237.26,255.79
Reading,4,2007,CA,California,208.52,53.17,22.91,157.42,184.04,211.01,235.67,256.16
Reading,4,2007,CO,Colorado,223.73,69.98,36.18,177.53,202.2,226.43,248.43,266.34
Reading,4,2007,CT,Connecticut,227.2,72.56,41.16,178.74,204.83,230.63,252.9,271.25
Reading,4,2007,DC,District of Columbia,197.09,38.73,13.81,147.51,171.21,197.12,222.45,246.1
Reading,4,2007,DE,Delaware,225.07,72.63,33.77,186.62,205.76,226.16,245.51,262.16
Reading,4,2007,DS,DoDEA,229.18,78.24,40.01,191.76,211.34,231.01,248.75,264.32
Reading,4,2007,FL,Florida,223.53,70.43,34,180.62,203.3,225.2,245.95,263.96
Reading,4,2007,GA,Georgia,218.89,65.56,28.31,176.88,198.54,220.71,240.7,257.53
Reading,4,2007,HI,Hawaii,213.5,58.98,25.69,165.73,190.73,215.79,238.6,257.87
Reading,4,2007,IA,Iowa,224.89,73.72,36.09,183.62,206.33,227.42,246.76,263.45
Reading,4,2007,ID,Idaho,223.4,70.31,35.08,180.39,202.98,225.99,246.37,263.79
Reading,4,2007,IL,Illinois,219.39,65.05,32.16,171.21,196.35,221.74,244.95,263.91
Reading,4,2007,IN,Indiana,221.67,68.22,32.98,177.86,200.89,224.61,244.92,262.36
Reading,4,2007,KS,Kansas,224.66,71.81,36.1,183.34,204.62,226.85,247.08,263.78
Reading,4,2007,KY,Kentucky,222.43,68.35,33.45,177.63,200.93,224.23,245.91,264.85
Reading,4,2007,LA,Louisiana,207.41,51.93,20.39,159.15,183.71,209.93,233.27,251.86
Reading,4,2007,MA,Massachusetts,235.75,81.07,49.15,193.78,215.24,237.21,258.39,275.69
Reading,4,2007,MD,Maryland,224.78,68.89,35.89,180.08,200.99,225.75,248.82,268.09
Reading,4,2007,ME,Maine,225.54,73.07,35.82,185.74,206.23,227.09,247.06,263.26
Reading,4,2007,MI,Michigan,220.12,66.19,32.4,171.59,197.83,222.98,245.17,263.72
Reading,4,2007,MN,Minnesota,224.92,72.81,36.95,180.92,205.63,227.72,248.34,265.67
Reading,4,2007,MO,Missouri,220.78,67.08,31.8,177.21,199.93,223.06,244.42,261.74
Reading,4,2007,MS,Mississippi,207.81,51.49,18.69,163.45,185.32,209.21,231.26,250.22
Reading,4,2007,MT,Montana,226.67,75.04,38.51,185.65,208.07,229.59,248.62,264.12
Reading,4,2007,NC,North Carolina,217.93,63.93,29.09,172.59,196.39,220.18,241.84,260.34
Reading,4,2007,ND,North Dakota,226.33,75.32,35.27,189.3,208.32,227.68,245.89,261.69
Reading,4,2007,NE,Nebraska,222.9,70.78,34.55,178.26,203.17,226.26,246.05,263.66
Reading,4,2007,NH,New Hampshire,229.02,76.01,41.09,186.91,209.12,231,251.25,268.81
Reading,4,2007,NJ,New Jersey,230.65,77.18,43.09,187.81,210.29,232.38,253.69,270.96
Reading,4,2007,NM,New Mexico,211.63,57.55,23.96,164.81,190.06,214.77,236.71,255.28
Reading,4,2007,NP,National public,219.66,65.74,31.68,172.8,197.81,222.24,244.3,262.95
Reading,4,2007,NV,Nevada,210.82,57.11,24.44,159.39,187.89,214.79,237.49,256.28
Reading,4,2007,NY,New York,223.75,69.35,36,176.68,201.82,226.06,248.57,267.47
Reading,4,2007,OH,Ohio,225.67,73.32,36.28,184,206.29,227.5,247.16,264.16
Reading,4,2007,OK,Oklahoma,216.96,64.98,26.78,174.12,198.23,219.99,239.52,256.44
Reading,4,2007,OR,Oregon,215.02,61.9,28.33,163.48,192.7,219.08,241.1,259.86
Reading,4,2007,PA,Pennsylvania,226.35,72.65,40.2,177.85,205.05,229.53,251.67,270.45
Reading,4,2007,RI,Rhode Island,218.76,65.43,30.83,171.58,197.66,221.18,243.54,262.37
Reading,4,2007,SC,South Carolina,213.84,58.92,25.81,167.14,191.18,216.23,238.74,258.07
Reading,4,2007,SD,South Dakota,223.4,70.95,33.71,182.02,204.1,225.26,245.5,262.79
Reading,4,2007,TN,Tennessee,215.75,60.63,26.89,169.21,193.42,217.88,239.91,258.84
Reading,4,2007,TX,Texas,219.6,65.78,29.63,175.99,198.81,221.42,242.19,260.36
Reading,4,2007,UT,Utah,221.26,68.62,33.88,175.36,200.67,224.73,245.8,263.47
Reading,4,2007,VA,Virginia,227.14,74.42,37.6,187.39,207.37,228.48,248.09,265.45
Reading,4,2007,VT,Vermont,228.25,74.39,40.87,183.77,207.31,230.68,251.37,269.56
Reading,4,2007,WA,Washington,224,70.33,36.31,177.91,202.75,226.95,247.98,267.03
Reading,4,2007,WI,Wisconsin,223.32,70.39,35.6,177.93,203.19,226.41,247.32,264.58
Reading,4,2007,WV,West Virginia,215.13,62.64,27.82,167.01,194.38,219.15,240.45,258.23
Reading,4,2007,WY,Wyoming,225.29,73.5,36.38,182.93,206.4,227.86,246.89,263.9
Reading,4,2009,AK,Alaska,211.13,59.03,27.17,153.8,188.41,217.07,240.12,257.97
Reading,4,2009,AL,Alabama,216.27,62.09,28.21,169.59,194.08,219.19,241.14,259.56
Reading,4,2009,AR,Arkansas,216.15,63.11,28.76,166.97,195.24,219.88,241.58,259.97
Reading,4,2009,AZ,Arizona,209.99,56.33,24.68,156.89,186.6,214.04,237.68,256.95
Reading,4,2009,CA,California,209.76,53.94,23.67,159.94,185.31,211.66,236.45,257.05
Reading,4,2009,CO,Colorado,225.7,72.03,40.22,176.52,204.09,229.84,250.71,268.94
Reading,4,2009,CT,Connecticut,228.97,75.6,42.44,182.98,208.79,232.25,252.56,270.33
Reading,4,2009,DC,District of Columbia,201.98,43.86,16.77,153.49,177.27,202.27,227.25,250.52
Reading,4,2009,DE,Delaware,225.51,72.74,35.11,186.52,205.8,226.59,246.2,263.36
Reading,4,2009,DS,DoDEA,228.32,77.25,38.6,190.48,210.03,230.03,248.4,264.24
Reading,4,2009,FL,Florida,225.67,73.14,35.77,185.92,206.1,226.83,247,263.6
Reading,4,2009,GA,Georgia,217.85,62.81,29.35,172.29,195.32,219.73,242.22,261.15
Reading,4,2009,HI,Hawaii,210.62,56.71,25.68,156.56,187.33,214.56,238.78,258.59
Reading,4,2009,IA,Iowa,221.42,68.73,34.17,175.57,201.33,224.97,245.86,262.64
Reading,4,2009,ID,Idaho,221.02,68.64,32.29,177.25,201.42,224.19,244.18,260.79
Reading,4,2009,IL,Illinois,219.17,64.67,32.26,169.54,195.81,221.88,245.3,265.06
Reading,4,2009,IN,Indiana,222.66,69.8,33.73,180.14,202.47,225.2,245.42,263.3
Reading,4,2009,KS,Kansas,223.92,72.09,35.08,180.89,204.68,226.65,246.29,262.77
Reading,4,2009,KY,Kentucky,225.61,72.03,36.21,183.69,204.79,227.11,247.62,264.85
Reading,4,2009,LA,Louisiana,207.49,51.3,18.35,164.13,186.51,209.01,231.16,249.51
Reading,4,2009,MA,Massachusetts,233.75,80.06,47.22,192.19,213.97,235.86,255.68,273.09
Reading,4,2009,MD,Maryland,226.05,70.28,37.1,180.55,202.97,227.15,250.08,269.36
Reading,4,2009,ME,Maine,223.79,70.34,35.47,180.67,203.2,226.13,246.58,264.26
Reading,4,2009,MI,Michigan,218.24,64.11,29.7,172.47,196.76,220.18,242.38,260.49
Reading,4,2009,MN,Minnesota,223.34,70.02,37.18,173.95,202.06,227.47,249.23,266.78
Reading,4,2009,MO,Missouri,223.84,70.33,35.74,178.23,202.85,226.39,247.98,265.49
Reading,4,2009,MS,Mississippi,210.51,54.53,21.68,165.3,187.75,211.87,234.51,253.17
Reading,4,2009,MT,Montana,224.65,72.76,34.6,184.37,205.83,227.05,245.71,262.12
Reading,4,2009,NC,North Carolina,219.3,65.21,32.25,173.29,197.39,222.23,244.27,262.32
Reading,4,2009,ND,North Dakota,225.97,75.57,34.81,190.16,208.54,227.42,245.21,260.59
Reading,4,2009,NE,Nebraska,222.52,70.12,34.76,177.31,202.59,225.53,246.04,263.95
Reading,4,2009,NH,New Hampshire,229.14,76.84,41.3,187.68,209.92,231.47,251.1,266.7
Reading,4,2009,NJ,New Jersey,229.39,76.09,40.25,188.93,209.18,230.47,250.93,268.29
Reading,4,2009,NM,New Mexico,207.65,52.07,19.83,159.87,184.73,210.03,232.59,252.59
Reading,4,2009,NP,National public,219.6,65.61,31.55,173.28,197.83,222.1,244.13,262.6
Reading,4,2009,NV,Nevada,211.14,57.4,24.02,162.21,189.22,214.73,236.88,255.22
Reading,4,2009,NY,New York,224.37,70.56,35.96,180.6,203.18,226.26,247.44,265.53
Reading,4,2009,OH,Ohio,224.53,70.97,35.75,180.57,203.53,226.75,247.29,265.32
Reading,4,2009,OK,Oklahoma,217.19,65.29,27.74,173.58,198.07,220.79,240.28,256.53
Reading,4,2009,OR,Oregon,218.14,65.43,30.91,169.01,197.13,222.09,243.37,261.57
Reading,4,2009,PA,Pennsylvania,223.68,69.62,36.62,176.26,201.93,226.37,248.91,267.22
Reading,4,2009,RI,Rhode Island,222.7,68.99,35.56,175.08,201.33,225.78,247.84,266.5
Reading,4,2009,SC,South Carolina,215.94,61.87,27.61,169.5,193.89,218.26,240.57,259.23
Reading,4,2009,SD,South Dakota,222.17,69.51,32.85,178.81,201.81,224.87,244.78,262.07
Reading,4,2009,TN,Tennessee,216.74,62.8,28.02,170.53,194.81,219.51,240.89,258.91
Reading,4,2009,TX,Texas,218.86,64.6,27.65,177.83,198.56,219.84,240.51,258.86
Reading,4,2009,UT,Utah,219.2,66.65,30.97,173.29,198.76,222.61,243.16,260.04
Reading,4,2009,VA,Virginia,226.53,73.72,38.49,183.66,206.48,228.52,249.23,266.7
Reading,4,2009,VT,Vermont,228.74,74.97,41.37,183.48,207.85,231.06,252.29,270.61
Reading,4,2009,WA,Washington,221.33,67.87,33.45,174.17,199.88,224.28,245.7,264.33
Reading,4,2009,WI,Wisconsin,220.14,67.26,32.75,171.64,198.69,224.01,245.31,262.63
Reading,4,2009,WV,West Virginia,214.52,61.77,25.73,169.5,194.34,217.91,238.58,255.54
Reading,4,2009,WY,Wyoming,222.65,71.75,32.61,182.76,204.61,225.46,244.03,259.2
Reading,4,2011,AK,Alaska,207.92,55.93,25.57,148.05,183.36,214.22,238.62,257.58
Reading,4,2011,AL,Alabama,220.27,67.24,31.46,176.01,199.88,222.65,243.99,261.57
Reading,4,2011,AR,Arkansas,216.51,62.77,30.09,168.77,194.17,219.78,242.58,260.52
Reading,4,2011,AZ,Arizona,212.4,58.35,26.1,161.57,189.81,215.65,239.15,258.31
Reading,4,2011,CA,California,211.36,56.37,24.61,161.28,187.75,213.96,237.6,257.53
Reading,4,2011,CO,Colorado,223.43,70.68,38.51,173.23,202.62,228.31,249.68,266.7
Reading,4,2011,CT,Connecticut,227.43,73.08,42,179.68,205.78,230.56,253.4,271.17
Reading,4,2011,DC,District of Columbia,200.63,43.77,18.77,146.13,173.05,201.41,229.34,254.2
Reading,4,2011,DE,Delaware,225.13,72.31,36.15,184.17,205.11,227.22,246.78,263.28
Reading,4,2011,DS,DoDEA,229.48,79.25,39.24,194.01,212.21,230.85,247.87,263.23
Reading,4,2011,FL,Florida,224.53,71.18,35.24,182.85,204.22,226.21,247.11,264.48
Reading,4,2011,GA,Georgia,220.81,66.21,32.45,175.46,198.61,223.11,245.02,263.05
Reading,4,2011,HI,Hawaii,213.61,59.31,27.16,163.51,190.88,216.83,240.23,259.3
Reading,4,2011,IA,Iowa,220.71,68.71,33.21,174.45,200.76,224.46,245.07,262.03
Reading,4,2011,ID,Idaho,220.83,68.85,32.6,175.98,201.35,224.22,244.52,261.54
Reading,4,2011,IL,Illinois,219.36,65.28,33.3,168.69,196.63,222.88,245.81,265.17
Reading,4,2011,IN,Indiana,220.73,67.92,32.72,175.68,200.14,224.45,244.72,260.96
Reading,4,2011,KS,Kansas,223.57,70.61,36.11,177.52,203.16,227.02,247.63,264.95
Reading,4,2011,KY,Kentucky,225.14,71.74,35.46,184.42,204.65,226.28,246.63,264.11
Reading,4,2011,LA,Louisiana,210.41,55.46,22.58,162.9,187.15,212.94,235.8,254.52
Reading,4,2011,MA,Massachusetts,236.77,82.79,50.41,196.37,216.91,238.26,258.38,275
Reading,4,2011,MD,Maryland,230.78,75,43.04,185.73,207.97,232.21,254.29,273.98
Reading,4,2011,ME,Maine,222.04,69.74,32.4,179.66,202.24,224,244.16,261.1
Reading,4,2011,MI,Michigan,218.86,65.56,31.2,170.97,196.76,222.41,243.49,260.75
Reading,4,2011,MN,Minnesota,222.31,70.12,35.29,175.09,202.56,225.82,247.31,264.71
Reading,4,2011,MO,Missouri,220.35,66.61,34.01,170.05,198.16,223.76,246.22,265.11
Reading,4,2011,MS,Mississippi,209.19,54.62,21.78,160.92,186.49,212.28,234.83,252.68
Reading,4,2011,MT,Montana,225.14,73.44,35.73,184.49,206.36,227.36,246.57,263.29
Reading,4,2011,NC,North Carolina,221.36,68.11,33.66,174.09,200.37,224.62,245.94,264.75
Reading,4,2011,ND,North Dakota,225.58,73.81,35.82,186.99,206.8,227.7,246.54,261.69
Reading,4,2011,NE,Nebraska,223.31,70.11,36.3,176.5,202.44,227.13,247.49,264.75
Reading,4,2011,NH,New Hampshire,230.39,77.77,43.38,188.83,211.3,233.1,251.98,268.34
Reading,4,2011,NJ,New Jersey,231.24,78.05,43.87,189.09,211.52,233.42,252.89,270.23
Reading,4,2011,NM,New Mexico,208.01,53.29,20.61,159.48,185.46,210.99,233.49,252.03
Reading,4,2011,NP,National public,220.03,66.22,32.4,173.03,198.27,222.95,244.85,263.22
Reading,4,2011,NV,Nevada,212.58,58.34,25.5,164.36,190.26,215.5,238.51,256.75
Reading,4,2011,NY,New York,222.49,68.36,34.99,175.51,200.57,225.07,247.4,266.17
Reading,4,2011,OH,Ohio,223.83,71.35,33.68,183.18,204.47,225.87,244.84,261.56
Reading,4,2011,OK,Oklahoma,215.48,63.76,26.64,168.82,195.79,219.79,239.69,256.41
Reading,4,2011,OR,Oregon,216.44,62.76,30.35,164.15,193.55,220.33,243.38,262.4
Reading,4,2011,PA,Pennsylvania,227.24,73.71,41.38,180.07,206.38,230.97,252.03,269.6
Reading,4,2011,RI,Rhode Island,222.48,70.19,35.17,175.68,202.44,226.2,246.6,263.74
Reading,4,2011,SC,South Carolina,214.9,61.27,28.33,165.79,193.06,218.34,241.34,259.49
Reading,4,2011,SD,South Dakota,219.81,68.65,31.35,175.33,200.92,223.92,242.93,259.22
Reading,4,2011,TN,Tennessee,214.64,60.5,25.82,169.51,193.7,217.09,238.86,256.92
Reading,4,2011,TX,Texas,218.32,63.9,28.27,175.88,196.92,219.79,241,259.11
Reading,4,2011,UT,Utah,220.42,68.2,33.46,173.4,199.92,224.32,245.27,261.49
Reading,4,2011,VA,Virginia,226.38,72.16,39.14,181.07,205.02,228.64,250.95,269.3
Reading,4,2011,VT,Vermont,226.77,73.4,41.29,178.56,205.83,230.61,251.95,269.46
Reading,4,2011,WA,Washington,220.53,66.82,34.4,170.16,198.32,224.12,246.76,264.44
Reading,4,2011,WI,Wisconsin,221.24,67.87,33.62,175.32,200.24,224.35,245.53,263.08
Reading,4,2011,WV,West Virginia,214.39,60.81,26.67,167.69,193.09,217.73,239.67,256.99
Reading,4,2011,WY,Wyoming,224.06,71.34,34.38,182.05,204.41,226.43,245.98,262.44
Reading,4,2013,AK,Alaska,209.35,57.91,27.49,147.48,184.23,216.29,240.57,259.82
Reading,4,2013,AL,Alabama,218.58,65.41,30.75,172.41,198.04,221.76,243.3,261.17
Reading,4,2013,AR,Arkansas,218.52,65.98,31.64,169.53,197.71,222.94,243.77,261.75
Reading,4,2013,AZ,Arizona,213.13,59.79,27.59,161.93,190.91,217.38,240.56,258.37
Reading,4,2013,CA,California,212.55,58.19,26.9,160.89,188.38,216.04,239.95,259.08
Reading,4,2013,CO,Colorado,226.66,74.1,40.64,180.02,206.95,230.45,251.35,268.44
Reading,4,2013,CT,Connecticut,229.58,76.03,42.56,185.22,209.27,232.08,253.24,271.02
Reading,4,2013,DC,District of Columbia,205.61,49.65,22.97,149.34,178.39,207.65,235.28,259.61
Reading,4,2013,DE,Delaware,225.77,72.74,38,182.24,205.53,228.43,248.88,265.97
Reading,4,2013,DS,DoDEA,232.11,82.2,43.3,196.95,215.14,233.56,250.83,265.68
Reading,4,2013,FL,Florida,227.46,74.99,38.96,186.05,207.99,229.49,249.43,266.16
Reading,4,2013,GA,Georgia,221.84,66.98,33.94,175.4,199.05,223.96,246.5,265.46
Reading,4,2013,HI,Hawaii,214.84,61.61,29.77,161.79,192.21,219.52,242.64,261.84
Reading,4,2013,IA,Iowa,223.82,71.73,38,174.86,203.97,228.41,249.08,266.08
Reading,4,2013,ID,Idaho,219.3,67.56,33.01,171.03,199.33,224.09,244.97,261.86
Reading,4,2013,IL,Illinois,218.54,64.48,33.51,165.25,194.88,222.76,246.14,264.61
Reading,4,2013,IN,Indiana,225.33,73.41,37.83,181.54,206.25,228.74,248.25,265.03
Reading,4,2013,KS,Kansas,223.39,71.31,37.58,176.04,203.45,227.8,248.06,264.77
Reading,4,2013,KY,Kentucky,224.43,71.12,36.35,179.84,203.81,226.88,247.94,265.55
Reading,4,2013,LA,Louisiana,210.45,56.39,22.99,162.16,188.56,213.7,236.02,253.97
Reading,4,2013,MA,Massachusetts,232.37,78.79,47.47,187.47,212.88,236.1,256.08,273.19
Reading,4,2013,MD,Maryland,232.06,76.57,44.75,186.93,209.74,233.44,255.8,275.08
Reading,4,2013,ME,Maine,224.83,71.49,36.89,179.95,204.06,227.42,248.4,266
Reading,4,2013,MI,Michigan,217.37,63.95,30.52,169.01,195.65,220.88,243.12,261.31
Reading,4,2013,MN,Minnesota,227.03,74.04,41.49,179.71,206.76,231,251.59,268.65
Reading,4,2013,MO,Missouri,222.33,69.69,35.12,175.79,201.67,226.16,246.5,263.44
Reading,4,2013,MS,Mississippi,208.52,53.25,21.26,160.66,185.55,210.97,234.13,252.81
Reading,4,2013,MT,Montana,222.98,70.17,34.72,179.21,202.99,225.67,246.19,263.22
Reading,4,2013,NC,North Carolina,222.23,69.07,35.22,175.62,201.16,225.59,247.08,264.38
Reading,4,2013,ND,North Dakota,224.08,73.13,33.97,184.45,206.06,226.64,244.81,260.3
Reading,4,2013,NE,Nebraska,223.25,70.98,37.13,176.08,203.37,227.45,248.2,265.22
Reading,4,2013,NH,New Hampshire,232,80.27,44.56,192.08,214.13,234.26,252.64,268.84
Reading,4,2013,NJ,New Jersey,228.72,75.04,41.94,183.61,208.04,231.56,252.26,270.43
Reading,4,2013,NM,New Mexico,205.76,52.48,21.46,151.6,181.76,210.41,234.31,253.35
Reading,4,2013,NP,National public,220.67,67.2,34.02,172.08,198.93,224.26,246.2,264.36
Reading,4,2013,NV,Nevada,213.76,61.47,27.33,163.01,192.7,218.33,240.14,258.3
Reading,4,2013,NY,New York,223.81,70.16,37.01,176.25,202.1,227.35,248.42,266.23
Reading,4,2013,OH,Ohio,223.89,70.65,37.41,175.95,202.79,227.71,248.81,266.42
Reading,4,2013,OK,Oklahoma,216.99,65.12,29.66,170.02,197.15,221.38,242.05,259.2
Reading,4,2013,OR,Oregon,219.13,65.81,33.43,167.13,197.11,223.34,246.06,265.49
Reading,4,2013,PA,Pennsylvania,226.4,73.41,40.11,179.7,205.97,229.94,250.67,267.96
Reading,4,2013,RI,Rhode Island,222.8,70.03,37.56,172.79,202.08,227.58,248.89,266.02
Reading,4,2013,SC,South Carolina,213.65,60.48,28.18,162.47,191.66,218.05,241.08,260.07
Reading,4,2013,SD,South Dakota,217.93,65.82,32.01,168.81,197.19,222.66,244.15,261.19
Reading,4,2013,TN,Tennessee,219.74,67.03,33.65,169.82,198.26,223.99,245.62,263.44
Reading,4,2013,TX,Texas,216.91,62.69,28.47,170.56,195.24,219.25,241.25,260.05
Reading,4,2013,UT,Utah,222.77,70.95,36.98,173.45,203.07,227.82,247.93,265.12
Reading,4,2013,VA,Virginia,228.56,74.14,43.19,180.76,206.86,231.95,254.08,271.63
Reading,4,2013,VT,Vermont,227.99,74.74,42.14,179.83,207.65,231.71,252.81,271.16
Reading,4,2013,WA,Washington,225.05,72.31,39.7,175.83,204.73,229.52,250.58,268
Reading,4,2013,WI,Wisconsin,220.82,67.53,34.73,171.23,198.94,224.97,246.59,264.61
Reading,4,2013,WV,West Virginia,214.66,61.84,27.26,167.76,193.88,218.78,240.14,257.2
Reading,4,2013,WY,Wyoming,225.85,74.73,37.13,184.65,207.71,228.69,247.37,263.28
Reading,4,2015,AK,Alaska,212.79,61.24,29.93,154.05,189.58,219.75,242.67,260.89
Reading,4,2015,AL,Alabama,217.05,64.5,28.7,171.62,196.7,220.93,241,257.62
Reading,4,2015,AR,Arkansas,218.08,65.05,31.52,168.72,196.2,222.56,243.66,260.83
Reading,4,2015,AZ,Arizona,215.31,61.74,29.61,163.15,192.86,219.41,242.65,261.86
Reading,4,2015,CA,California,212.68,58.62,27.8,159.85,188.33,216.53,240.87,260.01
Reading,4,2015,CO,Colorado,224.02,70.61,38.6,174.1,202.8,228.24,250.04,267.44
Reading,4,2015,CT,Connecticut,228.95,74.34,43.46,181.41,207.2,232.37,253.96,272.37
Reading,4,2015,DC,District of Columbia,212.31,55.69,27.3,158.08,185.59,213.82,240.71,264.06
Reading,4,2015,DE,Delaware,223.7,70.08,37.12,175.48,202.19,227.37,248.62,266.6
Reading,4,2015,DS,DoDEA,233.76,83.43,46.87,197.24,217.18,235.93,252.78,266.89
Reading,4,2015,FL,Florida,227.19,74.54,38.51,186.72,207.55,229.18,248.74,264.83
Reading,4,2015,GA,Georgia,222.01,68.07,33.63,177.07,200.54,224.53,245.67,263.11
Reading,4,2015,HI,Hawaii,215.12,61.4,29.06,164.3,192.5,219.09,242,260.49
Reading,4,2015,IA,Iowa,223.63,71.23,37.68,175.81,203.57,228.08,248.8,265.99
Reading,4,2015,ID,Idaho,221.69,68.68,36.08,173.56,200.5,226.39,247.48,263.81
Reading,4,2015,IL,Illinois,222.02,68.1,35.48,171.67,199.4,225.28,247.97,266.56
Reading,4,2015,IN,Indiana,227.28,74.82,39.9,184.32,207.82,230.27,250.15,266.43
Reading,4,2015,KS,Kansas,221.09,67.5,35.2,170.94,198.9,225.13,247.4,265.81
Reading,4,2015,KY,Kentucky,228.06,74.52,40.43,183.93,207.4,230.61,250.72,268.12
Reading,4,2015,LA,Louisiana,216.2,63.12,28.54,167.02,194.02,219.86,241.18,259.4
Reading,4,2015,MA,Massachusetts,235.28,81.75,49.73,193.82,216.09,237.79,257.57,273.6
Reading,4,2015,MD,Maryland,222.94,67.59,36.53,174.57,199.31,225.51,248.87,267.17
Reading,4,2015,ME,Maine,223.73,71.11,35.59,178.69,203.51,226.8,247.07,264.48
Reading,4,2015,MI,Michigan,216.31,63.09,28.58,168.87,194.98,219.86,241.3,258.21
Reading,4,2015,MN,Minnesota,223.35,70.72,39.01,173.83,202.64,228.82,249.75,266.57
Reading,4,2015,MO,Missouri,222.73,69.51,36.29,174.18,201.48,226.74,247.55,265.33
Reading,4,2015,MS,Mississippi,214.11,60.44,26.04,167.26,192.77,217.23,238.99,256.61
Reading,4,2015,MT,Montana,224.76,72.33,37.29,179.91,205.02,228.2,248.07,264.83
Reading,4,2015,NC,North Carolina,225.81,72.56,38.49,180.38,205.1,228.88,249.37,266.74
Reading,4,2015,ND,North Dakota,224.69,73.14,36.8,181.69,205.86,228.12,247.23,263.07
Reading,4,2015,NE,Nebraska,226.63,73.98,39.92,180.44,206.84,230.23,250.21,267.21
Reading,4,2015,NH,New Hampshire,231.95,79.02,45.88,188.73,212.95,235,254.09,270.61
Reading,4,2015,NJ,New Jersey,229.49,75.43,42.75,184.27,208.47,232.11,253.15,271.06
Reading,4,2015,NM,New Mexico,207.24,54.05,22.91,153.8,183.59,211.83,235.74,254.38
Reading,4,2015,NP,National public,221.36,67.83,34.84,172.57,199.58,225.06,246.88,264.88
Reading,4,2015,NV,Nevada,214.43,60.57,29.04,162.79,191.28,218.5,241.9,260.44
Reading,4,2015,NY,New York,222.65,68.43,35.66,175.17,200.46,225.8,247.51,266.04
Reading,4,2015,OH,Ohio,224.93,72.28,37.75,179.75,204.93,228.16,248.75,265.55
Reading,4,2015,OK,Oklahoma,221.83,70.7,32.58,179.11,203.45,225.34,244.12,259.78
Reading,4,2015,OR,Oregon,220.22,67.39,33.94,170.35,198.76,224.7,246.17,264.6
Reading,4,2015,PA,Pennsylvania,226.67,73.62,41.17,177.93,206.3,231.06,251.79,268.93
Reading,4,2015,RI,Rhode Island,225.49,72.48,40.07,176.44,204.63,230.13,250.55,267.47
Reading,4,2015,SC,South Carolina,217.97,64.52,33.47,165.48,194.76,223,246.1,264.83
Reading,4,2015,SD,South Dakota,220.47,67.98,34.65,172.02,199.84,224.98,246.39,263.98
Reading,4,2015,TN,Tennessee,218.61,65.67,33.22,167.54,196.47,223.49,245.38,263.43
Reading,4,2015,TX,Texas,217.94,64.03,30.64,169.2,195.76,221.25,243.41,261.77
Reading,4,2015,UT,Utah,226.14,74.24,40.13,179.01,207.05,230.37,250.45,267.37
Reading,4,2015,VA,Virginia,228.97,73.86,42.91,180.03,206.52,231.79,254.43,273.69
Reading,4,2015,VT,Vermont,230.1,76,44.7,183.36,209.34,233.65,253.83,271.67
Reading,4,2015,WA,Washington,225.89,70.57,40.42,174.65,202.37,229.31,252.53,271.23
Reading,4,2015,WI,Wisconsin,223.36,70.85,36.94,175.35,202.79,227.41,247.82,264.55
Reading,4,2015,WV,West Virginia,216.25,64.03,29.97,164.37,194.48,221.36,242.33,259.48
Reading,4,2015,WY,Wyoming,228.16,75.23,41.23,184.03,208.23,231.12,251.15,267.5
Reading,4,2017,AK,Alaska,207.04,56.38,28.21,140.42,181.38,215.07,241.4,260.06
Reading,4,2017,AL,Alabama,216.42,63.15,31.44,163.26,192.72,221.22,244.01,261.95
Reading,4,2017,AR,Arkansas,216.11,62.86,31.25,162.47,192.66,220.49,243.96,262.07
Reading,4,2017,AZ,Arizona,215.47,61.03,30.38,161.52,190.36,219.35,243.36,262.97
Reading,4,2017,CA,California,215.42,60.99,31.13,160.26,189.92,219.52,244.28,264.41
Reading,4,2017,CO,Colorado,224.69,70.63,39.93,173.57,202.41,229.35,251.14,268.55
Reading,4,2017,CT,Connecticut,228.36,73.85,42.73,179.52,206.57,231.88,253.47,271.44
Reading,4,2017,DC,District of Columbia,213.38,56.45,28.7,159.02,185.83,214.98,242.41,265.11
Reading,4,2017,DE,Delaware,221.48,67.11,35.82,169.92,198.34,225.09,248.14,266.78
Reading,4,2017,DS,DoDEA,234.47,83.55,48.39,197.5,217.59,236.89,254.39,268.82
Reading,4,2017,FL,Florida,228.27,74.54,40.81,184,207.43,230.62,251.41,269.01
Reading,4,2017,GA,Georgia,219.68,65.93,34.64,166.89,196.34,224.31,246.88,265.35
Reading,4,2017,HI,Hawaii,216.36,62.5,31.69,162.75,191.96,220.71,244.34,262.6
Reading,4,2017,IA,Iowa,221.75,68.75,36.45,171.91,200.17,226.79,247.51,264.02
Reading,4,2017,ID,Idaho,222.79,69.8,38.16,172.29,201.19,228.07,249.03,265.62
Reading,4,2017,IL,Illinois,220.37,65.58,35.17,167.44,195.73,224.16,248.31,267.02
Reading,4,2017,IN,Indiana,226.42,72.63,40.65,179.31,205.18,230.17,251.38,268.39
Reading,4,2017,KS,Kansas,223.27,70.19,37.25,176.4,202.23,227.47,248.6,265.12
Reading,4,2017,KY,Kentucky,224.08,69.61,37.55,176.06,201.56,226.96,249.41,267.84
Reading,4,2017,LA,Louisiana,211.6,55.9,26.46,160.15,186.17,213.86,239.57,259.37
Reading,4,2017,MA,Massachusetts,235.7,79.7,50.82,189.47,214.02,238.7,259.51,277.64
Reading,4,2017,MD,Maryland,225.05,68.92,40.17,173.1,199.99,228.7,252.15,271.62
Reading,4,2017,ME,Maine,221.39,67.13,36.37,169.04,197.82,225.7,248.35,266.45
Reading,4,2017,MI,Michigan,217.75,64.42,31.81,166.5,194.73,222.36,244.13,261.71
Reading,4,2017,MN,Minnesota,224.54,71.42,39.07,175.58,203.61,228.78,249.93,267.32
Reading,4,2017,MO,Missouri,222.68,69.28,36.52,173.86,201.15,226.49,248.08,265.26
Reading,4,2017,MS,Mississippi,215.2,60.36,27.24,168.22,192.05,217.5,240.21,259.28
Reading,4,2017,MT,Montana,222.33,69.65,37.65,171.85,200.82,227.6,248.47,264.85
Reading,4,2017,NC,North Carolina,223.93,69.2,38.54,174.48,200.78,227.8,250.28,267.9
Reading,4,2017,ND,North Dakota,221.52,69.71,34.12,176.46,201.82,225.92,245.24,260.69
Reading,4,2017,NE,Nebraska,224.1,71.57,38.43,175.22,203.76,228.76,249,265.94
Reading,4,2017,NH,New Hampshire,228.9,75.39,43.03,184.31,208.58,232.28,252.37,268.62
Reading,4,2017,NJ,New Jersey,232.94,77.53,48.63,184.83,211.37,236.87,258.04,275.33
Reading,4,2017,NM,New Mexico,207.7,53.85,24.83,149.97,181.17,212.01,237.86,257.96
Reading,4,2017,NP,National public,220.81,66.66,35.44,169.46,197.58,224.84,247.72,265.97
Reading,4,2017,NV,Nevada,214.84,60.88,30.56,159.97,190.46,218.99,243.55,262.5
Reading,4,2017,NY,New York,221.88,67.98,35.96,171.78,199.45,225.18,248.22,266.66
Reading,4,2017,OH,Ohio,225.26,71.34,38.67,177.39,203.55,228.53,249.8,267.4
Reading,4,2017,OK,Oklahoma,216.59,63.4,28.95,169.46,194.75,220.16,241.52,258.19
Reading,4,2017,OR,Oregon,217.53,62.96,33.45,164.28,192.44,221.69,245.93,264.33
Reading,4,2017,PA,Pennsylvania,224.92,71.42,40.18,173.93,203.37,229.53,251.33,268.66
Reading,4,2017,RI,Rhode Island,223.35,69.15,38.73,169.85,200.16,228.09,250.31,269.44
Reading,4,2017,SC,South Carolina,213.13,58.91,29.33,158.71,188.54,217.54,242.36,261.21
Reading,4,2017,SD,South Dakota,221.75,68.8,35.92,174.07,200.62,226.33,247.09,263.36
Reading,4,2017,TN,Tennessee,218.95,64.47,32.92,169.45,195.68,222.33,245.8,263.85
Reading,4,2017,TX,Texas,214.88,60.5,28.7,165.42,191.27,218.11,241.56,259.17
Reading,4,2017,UT,Utah,225.16,72.36,41.26,172.46,204.51,230.78,251.27,267.83
Reading,4,2017,VA,Virginia,227.6,74.01,42.81,178.75,206.62,232.03,253.04,270.3
Reading,4,2017,VT,Vermont,226.45,72.51,42.93,173.18,204.55,231.86,253.19,270.26
Reading,4,2017,WA,Washington,223.12,67.69,38.93,168.52,198.07,227.56,251.4,271.14
Reading,4,2017,WI,Wisconsin,219.61,66.18,34.92,166.67,196.74,224.7,246.76,263.99
Reading,4,2017,WV,West Virginia,217.32,63.86,32.38,164.27,193.99,221.81,245.03,263.24
Reading,4,2017,WY,Wyoming,226.83,74.15,41.36,180.58,206.97,231.19,250.82,266.73
Reading,4,2019,AK,Alaska,204.37,53.25,25.05,139.71,175.86,211.79,238.05,257.89
Reading,4,2019,AL,Alabama,211.73,57.73,28.16,157.48,186.58,216.06,241.33,259.59
Reading,4,2019,AR,Arkansas,215.05,62.12,31.19,158.93,190.94,220.47,244.18,262.58
Reading,4,2019,AZ,Arizona,215.84,61.35,31.38,162.35,190.95,220.15,244.17,262.9
Reading,4,2019,CA,California,216.48,62.55,32.15,161.01,191.37,220.7,245.44,264.83
Reading,4,2019,CO,Colorado,224.86,70.8,39.67,173.7,202.55,228.96,251.05,269.37
Reading,4,2019,CT,Connecticut,224.35,70.03,40.12,170.68,201.08,229.2,251.95,270.43
Reading,4,2019,DC,District of Columbia,214.28,57.16,30.15,159.17,186.02,215.79,244.02,267.19
Reading,4,2019,DE,Delaware,217.69,62.42,32.51,164.61,192.28,221.38,245.85,265.61
Reading,4,2019,DS,DoDEA,234.9,83.03,49.28,196.23,217.34,237.51,255.43,270.2
Reading,4,2019,FL,Florida,224.71,70.28,37.67,177.69,202.45,227.7,249.19,267.1
Reading,4,2019,GA,Georgia,217.98,63.34,32.22,164.65,193.28,221.38,245.65,266.01
Reading,4,2019,HI,Hawaii,217.53,62.55,33.79,163.18,191.8,221.93,246.46,265.24
Reading,4,2019,IA,Iowa,220.5,67.65,35.09,169.05,199.08,225.45,247.09,264.81
Reading,4,2019,ID,Idaho,222.51,69.19,37.44,171.43,200.66,227.25,248.89,266.57
Reading,4,2019,IL,Illinois,218.17,64.41,34.37,163.72,194.1,223.26,246.77,265.17
Reading,4,2019,IN,Indiana,221.81,67.33,36.96,169.66,198.56,226.04,249.06,267.58
Reading,4,2019,KS,Kansas,219.13,66.38,33.82,167.43,197.38,223.89,246.16,263.37
Reading,4,2019,KY,Kentucky,220.93,66.79,35.08,170.54,198.18,224.52,247.33,265.62
Reading,4,2019,LA,Louisiana,209.87,54.68,25.72,155.79,183.64,212.68,238.8,259.24
Reading,4,2019,MA,Massachusetts,231.09,76,45.39,182.26,209.15,234.01,256.34,274.58
Reading,4,2019,MD,Maryland,219.84,64.22,35.09,164.12,193.56,223.33,248.81,270.01
Reading,4,2019,ME,Maine,221.24,67.21,36.01,169.84,197.83,225.38,248.39,266.6
Reading,4,2019,MI,Michigan,218.27,64.24,31.65,167.72,195.09,221.9,244.25,263.05
Reading,4,2019,MN,Minnesota,222.39,69.29,38.06,168.77,200.3,227.74,249.51,267.11
Reading,4,2019,MO,Missouri,218,63.95,34.17,164.11,193.8,223.19,246.73,264.11
Reading,4,2019,MS,Mississippi,219.34,65.4,31.52,173.58,197.47,221.98,243.9,261.02
Reading,4,2019,MT,Montana,221.68,68.83,36.35,169.5,200.1,226.7,247.78,264.82
Reading,4,2019,NC,North Carolina,221.28,66.84,35.99,170.52,197.87,225.22,248.09,266.21
Reading,4,2019,ND,North Dakota,221.18,68.56,34.35,173.14,200.47,224.98,245.81,262.56
Reading,4,2019,NE,Nebraska,222.36,68.89,36.81,171.26,200.56,226.5,248.62,265.86
Reading,4,2019,NH,New Hampshire,224.26,70.87,38.15,174.38,202.55,228.09,249.86,267.63
Reading,4,2019,NJ,New Jersey,227.19,71.99,41.9,177.4,204.23,230.82,253.23,271.21
Reading,4,2019,NM,New Mexico,207.56,53.05,23.72,153.12,181.72,211.01,236.5,256.34
Reading,4,2019,NP,National public,219.44,65.22,34.34,166.93,195.62,223.56,246.91,265.46
Reading,4,2019,NV,Nevada,217.62,64.21,30.92,166.42,195.05,221.49,243.7,261.94
Reading,4,2019,NY,New York,219.6,65.53,34.26,167.49,196.01,223.83,246.66,264.52
Reading,4,2019,OH,Ohio,221.97,68.35,36.06,172.11,199.73,225.94,247.83,265.49
Reading,4,2019,OK,Oklahoma,216.35,63.32,28.52,168.82,195.07,220.13,241.19,258.11
Reading,4,2019,OR,Oregon,217.72,63.89,33.76,160.96,193.4,222.84,246.77,266.3
Reading,4,2019,PA,Pennsylvania,223.21,68.4,39.71,167.75,198.81,227.92,252.04,270.38
Reading,4,2019,RI,Rhode Island,220.19,66.05,35.42,166.79,196.79,224.15,247.97,266.99
Reading,4,2019,SC,South Carolina,215.98,61.12,31.79,161.81,190.33,219.41,244.88,265.07
Reading,4,2019,SD,South Dakota,222,68.85,35.97,173.49,200.72,226.2,247.5,264.26
Reading,4,2019,TN,Tennessee,219.06,65.65,34.57,164.82,195.87,224.31,246.83,264.81
Reading,4,2019,TX,Texas,216.04,61.25,30.27,165.51,191.64,219.44,242.96,261.49
Reading,4,2019,UT,Utah,225.15,71.75,40.03,174.77,203.48,229.78,250.58,267.91
Reading,4,2019,VA,Virginia,223.64,68.97,38.27,174.13,200.18,227.5,249.77,267.51
Reading,4,2019,VT,Vermont,221.83,68.49,37.14,167.69,199.31,226.66,249.07,267.06
Reading,4,2019,WA,Washington,219.69,65.03,35.09,166.35,195.35,223.75,247.65,266.96
Reading,4,2019,WI,Wisconsin,219.7,65.57,35.52,165.57,195.83,224.59,247.95,266.29
Reading,4,2019,WV,West Virginia,213.18,60.14,30.32,155.77,188.58,218.96,242.97,261.49
Reading,4,2019,WY,Wyoming,226.69,73.34,40.55,179.49,206.07,230.58,250.71,267.68
Reading,4,2022,AK,Alaska,203.83,51.16,24.42,141.66,174.41,209.41,237.34,257.17
Reading,4,2022,AL,Alabama,213.3,58.66,28.26,160.88,188.36,216.98,241.46,260.11
Reading,4,2022,AR,Arkansas,211.95,58.15,29.66,153.06,184.36,217.09,242.9,262.76
Reading,4,2022,AZ,Arizona,215.48,61.14,31.37,161.28,189.52,219.96,243.78,262.56
Reading,4,2022,CA,California,214.39,58.44,30.96,157.01,186.15,217.72,244.76,266.1
Reading,4,2022,CO,Colorado,222.85,67.63,37.59,169.91,197.97,226.67,249.99,269.81
Reading,4,2022,CT,Connecticut,219.15,63.94,34.62,163.55,193.46,222.82,248.07,267.98
Reading,4,2022,DC,District of Columbia,206.75,49.71,26.49,144.88,173.69,207.59,240.25,268.56
Reading,4,2022,DE,Delaware,208.3,53.17,25.29,151.97,180.97,211.27,238.35,259.27
Reading,4,2022,DS,DoDEA,235.12,79.74,50.26,188.98,214.05,238.18,258.84,275.73
Reading,4,2022,FL,Florida,224.74,70.56,38.99,175.83,202.46,228.57,250.14,267.16
Reading,4,2022,GA,Georgia,215.88,60.8,31.54,159.99,189.52,219.63,244.76,265.49
Reading,4,2022,HI,Hawaii,218.82,63.56,35.22,162.18,192.57,223.14,248.63,268.59
Reading,4,2022,IA,Iowa,218.02,64.16,33.03,164.95,194.5,222.76,245.37,263.16
Reading,4,2022,ID,Idaho,214.89,61.05,31.91,157.73,189.37,220.14,244.76,263.57
Reading,4,2022,IL,Illinois,217.78,62.42,33.3,162.2,191.42,221.23,247.26,267.33
Reading,4,2022,IN,Indiana,217.36,62.95,32.85,162.27,191.6,221.6,245.66,265.36
Reading,4,2022,KS,Kansas,214.68,60.11,30.55,159.95,188.76,218.7,243.49,262.45
Reading,4,2022,KY,Kentucky,216.6,62.05,31.07,164.11,191.68,220.09,244.22,263.24
Reading,4,2022,LA,Louisiana,212.34,57.41,28.29,156.21,186.03,215.81,241.62,261.84
Reading,4,2022,MA,Massachusetts,226.8,70.45,42.61,170.72,201.22,231.2,255.46,275.55
Reading,4,2022,MD,Maryland,212.48,56.46,30.64,151.86,182.71,215.89,244.84,266.99
Reading,4,2022,ME,Maine,212.81,59.72,29.19,155.19,186.45,218.4,242.14,260.95
Reading,4,2022,MI,Michigan,211.84,57.97,28.29,154.7,185.56,216.6,241.39,260.97
Reading,4,2022,MN,Minnesota,215.47,61.34,32.17,159.91,189.73,220.4,245.2,263.15
Reading,4,2022,MO,Missouri,213.36,59.71,30.29,155.36,187.38,218.69,243.36,262.49
Reading,4,2022,MS,Mississippi,217.16,63.4,30.64,166.98,193.84,221.33,243.1,260.6
Reading,4,2022,MT,Montana,218.73,65.14,33.74,166.07,194.96,223.63,245.87,263.46
Reading,4,2022,NC,North Carolina,216.13,61.24,32.32,159.26,189.71,220.29,245.53,264.94
Reading,4,2022,ND,North Dakota,217.53,64.71,30.97,167.81,195.28,221.98,243.37,260.23
Reading,4,2022,NE,Nebraska,218.61,65.31,34.01,163.19,194.58,223.47,246.54,265.03
Reading,4,2022,NH,New Hampshire,222.54,67.23,37.02,170.81,197.98,226.12,249.41,268.2
Reading,4,2022,NJ,New Jersey,222.73,67.37,38.02,169.58,197.81,226.52,250.81,269.17
Reading,4,2022,NM,New Mexico,202.08,47.67,20.97,144.58,173.01,205.35,233.13,254.46
Reading,4,2022,NP,National public,216.11,61.2,32.06,160.47,189.89,220.14,245.23,264.92
Reading,4,2022,NV,Nevada,211.53,56.77,26.92,156.84,185.49,214.96,239.98,259.49
Reading,4,2022,NY,New York,213.57,58.32,29.65,157.34,186.73,217.07,243.02,264.61
Reading,4,2022,OH,Ohio,218.56,64.73,34.51,161.95,193.87,223.83,247.34,267.17
Reading,4,2022,OK,Oklahoma,208.11,55.1,24.02,153.42,182.52,213.17,237.01,254.35
Reading,4,2022,OR,Oregon,210.31,55.65,27.99,151.99,181.81,214.49,241.12,261.85
Reading,4,2022,PA,Pennsylvania,218.89,64.38,33.98,163.92,193.93,222.72,247.01,266.78
Reading,4,2022,RI,Rhode Island,217.26,62.11,33.81,160.4,190.32,221.72,246.78,266.81
Reading,4,2022,SC,South Carolina,216.39,60.87,32.45,160.66,189.95,219.89,245.78,265.46
Reading,4,2022,SD,South Dakota,218.07,64.66,32.4,165.59,195.01,222.53,244.68,262.56
Reading,4,2022,TN,Tennessee,214,58.98,30.17,159.64,187.04,218.01,243.4,262.01
Reading,4,2022,TX,Texas,214.2,58.41,29.94,161.46,187.9,216.94,243.08,261.77
Reading,4,2022,UT,Utah,221.09,66.8,36.83,166.12,196.46,225.9,249.32,267.56
Reading,4,2022,VA,Virginia,214.04,59.92,31.82,153.11,186.58,219.13,245.23,265.27
Reading,4,2022,VT,Vermont,216.98,61.92,33.64,159.37,190.32,221.33,247.35,267.02
Reading,4,2022,WA,Washington,216.69,61.48,33.72,159.44,189.64,221.06,247.4,266.94
Reading,4,2022,WI,Wisconsin,217.37,63.3,32.6,162.82,193.22,222,245.59,264.59
Reading,4,2022,WV,West Virginia,205.31,52.32,22.28,147.2,179.97,210.33,235.06,254.2
Reading,4,2022,WY,Wyoming,224.79,71.01,38.34,174.95,203.08,228.31,249.99,268.15
Reading,4,2024,AK,Alaska,201.59,47.43,21.73,142.11,171.47,205.01,234.09,256.09
Reading,4,2024,AL,Alabama,213.21,57.56,28.04,159.62,187.08,215.51,241.39,262.23
Reading,4,2024,AR,Arkansas,209.7,56.18,28.1,148.83,180.96,215.01,241.41,261.89
Reading,4,2024,AZ,Arizona,208.1,53.47,26.45,147.36,178.68,211.96,239.77,262
Reading,4,2024,CA,California,211.74,56.26,28.65,155.25,183.43,214.87,242.27,262.9
Reading,4,2024,CO,Colorado,220.92,64.88,35.66,167.09,195.2,223.82,249.16,269.77
Reading,4,2024,CT,Connecticut,219.16,63.21,36.15,159.69,191.13,223.14,250.16,270.91
Reading,4,2024,DC,District of Columbia,209.18,51.99,29.64,145.02,175.38,210.61,244.29,270.49
Reading,4,2024,DE,Delaware,209.53,55.38,26.48,151.41,182.26,213.94,239.53,260.09
Reading,4,2024,DS,DoDEA,234.21,78.64,48.46,189.22,212.54,236.68,258.02,275.37
Reading,4,2024,FL,Florida,218.22,62.44,32.99,164.26,192.67,221.39,246.48,266.71
Reading,4,2024,GA,Georgia,214.36,59.41,30.44,156.63,187.35,218.4,243.95,265.04
Reading,4,2024,HI,Hawaii,215.79,60.95,31.59,160.36,189.97,219.67,245.16,265.1
Reading,4,2024,IA,Iowa,214.63,60.52,29.16,161.05,190.6,218.36,242.28,261.52
Reading,4,2024,ID,Idaho,215.66,61.4,31.87,159.76,189.53,220.85,244.65,263.44
Reading,4,2024,IL,Illinois,214.25,59.32,30.43,156.4,186.41,218.3,244.06,265.94
Reading,4,2024,IN,Indiana,220.14,65.26,34.46,166.25,195.78,223.38,247.69,268.02
Reading,4,2024,KS,Kansas,213.12,59.91,28.28,158.11,188.78,218.09,241.19,259.44
Reading,4,2024,KY,Kentucky,218.03,62.3,32.71,163.47,191.87,220.94,246.25,267.49
Reading,4,2024,LA,Louisiana,215.98,60.42,31.84,160.18,189,219.09,245.31,266.78
Reading,4,2024,MA,Massachusetts,224.78,68.28,40.4,167.95,198.61,228.39,254.12,275.59
Reading,4,2024,MD,Maryland,215.64,59.22,33.55,153.93,184.73,219.27,248.29,271.65
Reading,4,2024,ME,Maine,209.6,55.52,26.07,153.33,183.14,213.81,239.22,258.59
Reading,4,2024,MI,Michigan,209.14,54.62,24.56,154.65,183.14,212.79,237.47,257.52
Reading,4,2024,MN,Minnesota,214.44,60.88,30.7,158.61,190.13,219.4,243.38,261.46
Reading,4,2024,MO,Missouri,211.9,57.95,27.16,156.53,186.97,216.17,240.21,260.2
Reading,4,2024,MS,Mississippi,218.5,64.61,31.98,169.63,195.87,221.71,244.65,262.3
Reading,4,2024,MT,Montana,217.21,62.17,31.88,165.09,192.75,220.15,244.79,263.38
Reading,4,2024,NC,North Carolina,213.35,58.26,30.08,154.63,185.51,217.26,243.73,265.16
Reading,4,2024,ND,North Dakota,215.51,61.57,28.66,167.09,193.25,218.96,241.36,258.47
Reading,4,2024,NE,Nebraska,211.71,57.82,27.98,154.91,185.63,216.04,241.08,260.36
Reading,4,2024,NH,New Hampshire,221.48,66.73,36.18,169.14,197.42,225.39,248.5,267.7
Reading,4,2024,NJ,New Jersey,221.64,66.32,38.31,160.92,195.94,226.37,252.36,274.01
Reading,4,2024,NM,New Mexico,200.64,46.87,20.29,141.82,171.38,204.41,232.37,253.27
Reading,4,2024,NP,National public,214.27,59.33,30.5,157.24,187.46,218.1,243.97,264.54
Reading,4,2024,NV,Nevada,213.14,58.56,30.03,155.66,186.45,217.57,243.06,262.83
Reading,4,2024,NY,New York,214.63,59.31,30.85,157.27,187.59,218.04,244.63,266.14
Reading,4,2024,OH,Ohio,215.99,61.8,32.4,158.9,190.24,220.31,245.63,264.81
Reading,4,2024,OK,Oklahoma,207.26,53.56,22.7,152.37,182.23,211.52,235.63,253.95
Reading,4,2024,OR,Oregon,206.97,51.74,26.61,146.28,176.15,210.15,239.98,262.11
Reading,4,2024,PA,Pennsylvania,215.76,62.2,32.95,156.53,189.52,221.2,245.87,264.59
Reading,4,2024,RI,Rhode Island,216.3,60.7,32.56,158.6,189.11,219.91,246.26,267.65
Reading,4,2024,SC,South Carolina,214.91,59.67,32.47,156.35,186.58,219.29,246.19,266.52
Reading,4,2024,SD,South Dakota,214.05,60.13,27.98,162.04,190.38,217.6,240.91,259.75
Reading,4,2024,TN,Tennessee,215.06,61.11,31.78,155.54,188.68,220.55,245.06,265.45
Reading,4,2024,TX,Texas,211.92,57.11,27.54,156.93,186.1,215.41,240.69,260.76
Reading,4,2024,UT,Utah,219.32,64.45,36.32,162.32,193.25,224.89,248.93,267.84
Reading,4,2024,VA,Virginia,214.11,58.47,30.72,156.64,186.86,217.21,244.83,265.65
Reading,4,2024,VT,Vermont,212.69,58.16,30.5,154.15,184.08,217.57,243.8,263.82
Reading,4,2024,WA,Washington,215.72,60.5,32.01,157.97,188.69,219.7,245.4,266.5
Reading,4,2024,WI,Wisconsin,215.32,61.16,31.31,158.49,190.55,219.59,244.66,264.18
Reading,4,2024,WV,West Virginia,205.87,52.64,24.63,145.39,178.56,210.81,237.52,256.82
Reading,4,2024,WY,Wyoming,221.94,67.77,35.85,171.69,199.42,225.46,248.13,266.12
Reading,8,2003,AK,Alaska,256.41,66.67,26.77,204.87,232.34,259.77,282.82,302.42
Reading,8,2003,AL,Alabama,253.17,64.57,22.28,205.25,231.53,256.3,278.51,297.33
Reading,8,2003,AR,Arkansas,258,70.15,26.78,210.7,237.08,260.85,282.77,300.83
Reading,8,2003,AZ,Arizona,255.32,66.32,24.93,206.38,232.88,258.71,280.87,299.06
Reading,8,2003,CA,California,251.01,61.18,22.44,199.11,227.04,253.77,278.01,298.18
Reading,8,2003,CO,Colorado,267.59,77.65,36,222.63,246.08,269.24,291.65,309.75
Reading,8,2003,CT,Connecticut,267.22,76.59,37.01,219.41,245.04,269.83,292.49,311.63
Reading,8,2003,DC,District of Columbia,238.7,47.1,10.38,193.23,216.03,240.65,262.18,281.62
Reading,8,2003,DE,Delaware,264.53,76.75,31.01,223.21,244.91,266.87,286.34,303.32
Reading,8,2003,DS,DoDEA,271.79,84.53,39.22,233.95,253.76,273.33,291.69,307.52
Reading,8,2003,FL,Florida,257.3,67.51,26.67,208.89,234.35,259.77,282.97,302.05
Reading,8,2003,GA,Georgia,257.71,69.45,26.07,212.54,236.91,260.28,282.05,299.47
Reading,8,2003,HI,Hawaii,251.28,60.99,21.58,201.9,228.13,253.57,277.18,297.62
Reading,8,2003,IA,Iowa,267.5,79.47,35.57,226.33,247.84,269.8,289.51,306.22
Reading,8,2003,ID,Idaho,264.44,76.46,32.28,220.85,244.63,267.16,287.24,304.45
Reading,8,2003,IL,Illinois,266.41,76.94,34.53,222.54,245.15,268.53,289.52,307.1
Reading,8,2003,IN,Indiana,264.83,76.75,32.72,222.35,245.2,267.59,287.51,304.11
Reading,8,2003,KS,Kansas,266.01,76.83,34.98,220.39,245.02,268.77,289.87,307.18
Reading,8,2003,KY,Kentucky,266.19,77.93,33.57,224.44,246.19,268.02,288.64,305.71
Reading,8,2003,LA,Louisiana,253.45,63.91,21.74,208.13,231.34,255.26,277.56,295.73
Reading,8,2003,MA,Massachusetts,272.91,81.43,43.32,227.88,251.41,275.59,296.54,313.69
Reading,8,2003,MD,Maryland,261.6,70.73,30.63,214.72,238.31,263.05,286.32,306.91
Reading,8,2003,ME,Maine,268.32,79.31,36.8,224.86,248.26,270.38,290.97,308.52
Reading,8,2003,MI,Michigan,264.38,75.31,32.29,219.89,243.31,266.97,287.78,304.5
Reading,8,2003,MN,Minnesota,267.71,78.07,37.24,223.49,246.92,270.47,291.32,307.67
Reading,8,2003,MO,Missouri,267.36,79.48,34.44,226.49,248.18,269.53,288.42,305.24
Reading,8,2003,MS,Mississippi,255.01,65.45,20.92,214.13,234.28,255.77,276.55,295.04
Reading,8,2003,MT,Montana,269.83,81.83,37.21,229.99,250.85,271.26,291.16,308.46
Reading,8,2003,NC,North Carolina,261.71,72.45,28.69,218.49,240.22,263.27,284.55,302.92
Reading,8,2003,ND,North Dakota,269.73,81.46,38.22,228.85,250.88,272.58,291.46,306.85
Reading,8,2003,NE,Nebraska,266.31,77.33,34.96,223.76,245.9,268.57,289.12,305.47
Reading,8,2003,NH,New Hampshire,270.73,81.08,40.39,227.15,250.68,273.49,293.48,310.4
Reading,8,2003,NJ,New Jersey,267.79,78.66,36.88,223.43,247.53,270.67,290.97,308.26
Reading,8,2003,NM,New Mexico,251.6,62.43,19.72,204.41,229.81,254.3,275.7,294.51
Reading,8,2003,NP,National public,261.33,72.18,30.04,215.23,239.72,263.99,285.73,303.87
Reading,8,2003,NV,Nevada,252.31,63.29,20.57,204.75,229.81,255.59,276.88,294.66
Reading,8,2003,NY,New York,265.33,75.19,35.08,218.14,243.26,268.55,290.25,308.02
Reading,8,2003,OH,Ohio,266.57,78.02,33.95,224.46,246.52,268.45,288.64,305.9
Reading,8,2003,OK,Oklahoma,261.72,74.16,29.8,217.4,242.03,265.14,285.19,301.96
Reading,8,2003,OR,Oregon,264.03,74.58,33.14,218.43,242.61,266.27,288.27,306.71
Reading,8,2003,PA,Pennsylvania,264.27,76.02,32.06,221.01,244.14,267.04,286.91,303.43
Reading,8,2003,RI,Rhode Island,260.88,71.13,29.85,213.47,238.3,263.34,285.39,303.62
Reading,8,2003,SC,South Carolina,258.09,69.42,24.2,215.59,237.16,258.93,280.17,298.59
Reading,8,2003,SD,South Dakota,269.97,81.52,38.61,229.42,250.65,272.32,291.76,307.75
Reading,8,2003,TN,Tennessee,258.11,68.92,25.96,213.58,236.28,260.3,281.86,299.8
Reading,8,2003,TX,Texas,258.78,70.51,25.95,215.59,238.39,260.43,281.92,300.34
Reading,8,2003,UT,Utah,264.3,76.44,32.39,221.26,244.67,267.54,287.01,303.3
Reading,8,2003,VA,Virginia,268,78.76,35.82,225.64,247.47,269.57,290.83,308.11
Reading,8,2003,VT,Vermont,270.52,81.27,38.53,228.5,250.7,272.38,292.36,310.3
Reading,8,2003,WA,Washington,264.49,75.62,33.01,218.66,243.79,267.26,288.42,306.08
Reading,8,2003,WI,Wisconsin,266.47,77.18,36.53,220.27,245.98,270.33,290.33,306.61
Reading,8,2003,WV,West Virginia,259.56,71.73,24.94,219.82,239.58,260.71,280.88,298.35
Reading,8,2003,WY,Wyoming,267,79.19,33.74,227.1,247.79,268.66,288.25,304.73
Reading,8,2005,AK,Alaska,258.72,70.01,26.45,212.57,237.1,261.62,282.37,300.27
Reading,8,2005,AL,Alabama,251.98,62.62,21.86,201.02,229.43,254.64,277.98,297.87
Reading,8,2005,AR,Arkansas,257.69,69.02,25.86,211.13,236.66,260.53,281.71,299.61
Reading,8,2005,AZ,Arizona,254.79,64.61,23.05,208.88,232.16,256.86,279.14,297.72
Reading,8,2005,CA,California,250.43,59.78,20.54,201.88,226.68,252.21,276.18,295.97
Reading,8,2005,CO,Colorado,264.76,75.44,31.9,220.2,243.52,266.58,287.53,306.66
Reading,8,2005,CT,Connecticut,264.01,74.46,33.62,216.73,242.31,266.61,289.08,307.62
Reading,8,2005,DC,District of Columbia,238.2,45.03,11.65,190.98,214.86,238.75,262.14,284.11
Reading,8,2005,DE,Delaware,266.01,80.06,30.26,229.53,248.14,267.36,285.41,301.58
Reading,8,2005,DS,DoDEA,270.51,83.81,37.31,233.89,252.48,271.88,290.02,305.77
Reading,8,2005,FL,Florida,255.78,66.03,25.14,207.11,232.93,258.6,281.16,300.02
Reading,8,2005,GA,Georgia,256.87,66.82,24.86,211.32,234.27,257.84,280.81,300.5
Reading,8,2005,HI,Hawaii,248.51,57.65,18.32,202.04,225.86,250.06,273.47,292.02
Reading,8,2005,IA,Iowa,267,79.21,33.85,225.97,247.77,268.87,288.65,305.77
Reading,8,2005,ID,Idaho,264.3,76.25,32.2,220.6,244.34,266.93,286.89,303.71
Reading,8,2005,IL,Illinois,263.52,74.63,31.04,220.18,242.58,265.45,286.73,305.15
Reading,8,2005,IN,Indiana,261.01,72.79,28.4,216.42,240.58,263.16,283.8,301.49
Reading,8,2005,KS,Kansas,266.83,77.55,34.78,224.44,245.73,268.71,289.36,307.25
Reading,8,2005,KY,Kentucky,263.94,75.39,30.63,221.17,243.45,265.8,286.24,304.32
Reading,8,2005,LA,Louisiana,252.69,63.89,19.94,209.2,231.87,254.48,275.83,293.87
Reading,8,2005,MA,Massachusetts,273.72,82.85,44.04,229.86,253.39,276.11,296.71,313.58
Reading,8,2005,MD,Maryland,260.78,69.26,29.95,213.88,236.72,262.22,285.96,306.45
Reading,8,2005,ME,Maine,269.98,81.3,38.01,228.2,250.47,271.32,292.21,309.65
Reading,8,2005,MI,Michigan,261.14,72.78,28.46,216.94,240.43,263.5,284.14,302.02
Reading,8,2005,MN,Minnesota,268.36,79.72,37.24,225.94,248.6,270.92,290.85,307.51
Reading,8,2005,MO,Missouri,264.66,76.24,30.9,223.29,244.32,265.95,286.75,304.84
Reading,8,2005,MS,Mississippi,250.53,60.38,18.48,207.43,228.99,251.96,273.78,292.62
Reading,8,2005,MT,Montana,269.22,81.52,36.67,229.91,250.31,270.92,290.29,305.93
Reading,8,2005,NC,North Carolina,258.16,68.93,26.88,211.74,236.37,260.72,282.91,301.25
Reading,8,2005,ND,North Dakota,270.24,83.43,36.51,232.77,251.88,271.73,289.38,305.67
Reading,8,2005,NE,Nebraska,267.46,79.55,34.55,226.01,248.27,269.65,288.9,305.48
Reading,8,2005,NH,New Hampshire,269.65,80.3,37.86,226.48,249.24,271.49,292.4,309.73
Reading,8,2005,NJ,New Jersey,269.42,80.12,37.72,225.73,248.83,271.27,291.94,310.6
Reading,8,2005,NM,New Mexico,251.03,61.74,19.22,206.2,229.91,252.37,275,293.25
Reading,8,2005,NP,National public,260.4,70.98,28.86,214.12,238.41,262.72,284.74,303.35
Reading,8,2005,NV,Nevada,252.87,63.41,22.36,204.48,229.95,255.55,278.33,296.7
Reading,8,2005,NY,New York,265.14,75.3,33.46,219.99,243.4,267.38,289.05,307.55
Reading,8,2005,OH,Ohio,266.77,77.51,35.51,222.66,245.88,268.82,290.9,308.28
Reading,8,2005,OK,Oklahoma,259.63,72.29,25.33,218.61,240.37,261.56,281.28,298.44
Reading,8,2005,OR,Oregon,263.16,73.8,32.57,216.87,241.45,266.25,287.93,304.69
Reading,8,2005,PA,Pennsylvania,266.82,77.42,35.98,220.44,245.99,269.82,290.64,308.18
Reading,8,2005,RI,Rhode Island,260.97,71.29,29.42,215.06,238.66,263.05,285.34,304.79
Reading,8,2005,SC,South Carolina,257.17,67.04,24.73,212.73,234.71,258.41,280.66,299.84
Reading,8,2005,SD,South Dakota,268.54,82.17,35.1,230.84,251.19,270.53,288.55,303.93
Reading,8,2005,TN,Tennessee,259.07,70.65,26.17,216.18,238.38,261.12,282.06,299.42
Reading,8,2005,TX,Texas,258.19,69.13,26.12,211.96,236.36,260.44,282.17,301.02
Reading,8,2005,UT,Utah,261.87,73.08,29.26,217.41,240.73,264.53,284.76,301.98
Reading,8,2005,VA,Virginia,267.81,78.45,35.7,225.06,247.28,269.34,290.52,307.76
Reading,8,2005,VT,Vermont,268.77,79.14,37.43,225.6,247.54,270.95,291.24,309.23
Reading,8,2005,WA,Washington,264.66,75.4,34.32,217.89,243.54,267.74,289.61,307.15
Reading,8,2005,WI,Wisconsin,266.23,76.63,34.88,221.14,245.12,268.7,289.89,308.43
Reading,8,2005,WV,West Virginia,255.07,66.65,21.93,210.81,234.34,257.4,278.18,296.1
Reading,8,2005,WY,Wyoming,268.12,81,35.69,229.16,249.43,270.28,288.86,305.13
Reading,8,2007,AK,Alaska,258.8,70.77,27.07,212.01,238.16,262.27,282.99,300.1
Reading,8,2007,AL,Alabama,251.94,62.29,21.16,204.93,229.75,254.19,276.91,296.09
Reading,8,2007,AR,Arkansas,257.96,69.62,25.43,213.85,237.06,260.64,281.39,298.67
Reading,8,2007,AZ,Arizona,254.83,64.87,24.27,207.25,231.67,257.22,280.15,299.37
Reading,8,2007,CA,California,251.29,62.25,21.47,201.6,228.64,254.3,277.02,296.75
Reading,8,2007,CO,Colorado,266.41,78.72,34.58,224.3,247.11,268.9,288.68,304.42
Reading,8,2007,CT,Connecticut,267.06,76.7,37.1,220.05,245.05,269.57,291.74,309.9
Reading,8,2007,DC,District of Columbia,240.79,47.93,12.06,196.43,217.6,240.96,263.75,284.55
Reading,8,2007,DE,Delaware,264.54,77.23,30.54,224.24,245.11,265.77,285.92,302.79
Reading,8,2007,DS,DoDEA,272.69,86.93,39.3,238.04,256.06,274.01,290.9,306.19
Reading,8,2007,FL,Florida,259.79,71.47,27.98,214.83,238.84,262.52,283.76,301.04
Reading,8,2007,GA,Georgia,258.7,70.09,25.63,215.12,237.62,260.18,281.59,299.33
Reading,8,2007,HI,Hawaii,251.33,62.46,20.29,205.7,230.57,253.81,275.61,294.63
Reading,8,2007,IA,Iowa,267.45,79.82,35.72,225.3,249.04,270.32,289.95,306.13
Reading,8,2007,ID,Idaho,264.89,78.49,31.56,224.2,246.94,267.22,286.08,301.88
Reading,8,2007,IL,Illinois,262.83,74.88,29.8,220.2,242.82,265.2,285.34,303.28
Reading,8,2007,IN,Indiana,264.1,76.12,31.07,222.19,244.38,265.91,286.38,303.9
Reading,8,2007,KS,Kansas,267.41,80.57,35.2,227.39,249.6,270.28,288.66,303.59
Reading,8,2007,KY,Kentucky,261.97,73.3,27.71,219.94,241.09,263.03,283.35,302.95
Reading,8,2007,LA,Louisiana,253.24,64.17,19.36,211.33,232.66,254.61,275.24,293.56
Reading,8,2007,MA,Massachusetts,273.28,83.92,42.98,231.94,253.51,275.4,295.23,311.99
Reading,8,2007,MD,Maryland,265.24,75.58,33.15,221.87,243.84,266.73,288.71,307.2
Reading,8,2007,ME,Maine,269.92,82.78,36.93,231.5,251.56,271.62,290.24,306.19
Reading,8,2007,MI,Michigan,260.32,72.13,28.18,215.83,239.8,262.77,283.78,301.15
Reading,8,2007,MN,Minnesota,268.2,80.25,36.59,226.58,249.29,270.66,290.31,306.92
Reading,8,2007,MO,Missouri,263.44,74.87,31.02,219.63,242.78,265.49,286.66,304.27
Reading,8,2007,MS,Mississippi,250.06,60.28,17.38,207.12,229.18,251.41,272.82,291.67
Reading,8,2007,MT,Montana,270.94,84.52,38.85,233.01,254.41,273.31,290.77,305.39
Reading,8,2007,NC,North Carolina,259.14,70.97,27.98,212.1,237.63,262.59,283.73,301.42
Reading,8,2007,ND,North Dakota,268.02,83.63,32.16,233.88,251.66,269.03,286.56,300.75
Reading,8,2007,NE,Nebraska,267.03,78.82,34.99,225.4,247.47,269.11,289.43,305.97
Reading,8,2007,NH,New Hampshire,269.73,81.88,37.2,229.51,250.89,271.33,290.45,307.3
Reading,8,2007,NJ,New Jersey,270.14,81.15,38.97,227.06,251.08,273.02,292.31,309.35
Reading,8,2007,NM,New Mexico,250.75,62.45,17.35,207.45,230.6,253.21,273.55,291.02
Reading,8,2007,NP,National public,261.01,72.54,29.2,215.83,240.2,263.56,284.87,302.72
Reading,8,2007,NV,Nevada,252.35,63.05,21.55,203.96,230.13,255.34,277.3,297.12
Reading,8,2007,NY,New York,263.55,75.09,32.21,217.99,243.11,266.3,287.15,305.07
Reading,8,2007,OH,Ohio,267.98,79.43,35.92,226.07,247.97,270.09,290.21,307.52
Reading,8,2007,OK,Oklahoma,259.55,72.08,26.06,216.78,240.06,261.84,281.92,298.74
Reading,8,2007,OR,Oregon,265.71,77.19,34.01,221.45,245.71,268.42,288.98,305.92
Reading,8,2007,PA,Pennsylvania,267.67,78.62,36.38,223.22,247.51,270.33,290.82,307.84
Reading,8,2007,RI,Rhode Island,258.32,69.33,27.2,211.3,236.82,260.81,283.14,301.87
Reading,8,2007,SC,South Carolina,257.42,68.73,24.62,214.73,236.35,259.67,280.59,297.94
Reading,8,2007,SD,South Dakota,269.6,83.48,36.8,232.08,252.31,271.92,289.78,305.09
Reading,8,2007,TN,Tennessee,259.16,71.3,25.55,217,239.29,260.99,281.6,298.92
Reading,8,2007,TX,Texas,260.81,72.99,27.52,217.79,240.89,262.65,283.27,301.03
Reading,8,2007,UT,Utah,262.23,75.01,30.08,218.12,243,265.78,285.33,302.07
Reading,8,2007,VA,Virginia,266.88,78.74,33.74,226.47,246.93,268.21,288.42,305.73
Reading,8,2007,VT,Vermont,273.05,84.36,42.09,233.67,254.34,275.18,293.7,309.69
Reading,8,2007,WA,Washington,264.95,76.74,34.1,220.39,244.87,267.52,288.43,305.73
Reading,8,2007,WI,Wisconsin,264.18,75.91,33.22,218.67,243.93,267.51,288.37,305.12
Reading,8,2007,WV,West Virginia,255,68.39,22.92,208.38,235.44,259.26,279.18,295.57
Reading,8,2007,WY,Wyoming,266.23,79.72,33.19,227.35,248.12,268.91,287.26,302.21
Reading,8,2009,AK,Alaska,259.45,71.58,27.04,215.4,239.59,262.33,282.76,299.92
Reading,8,2009,AL,Alabama,254.9,65.72,23.8,208.17,232.95,257.59,279.89,297.4
Reading,8,2009,AR,Arkansas,258.05,69.25,26.66,210.35,236.83,261.45,282.6,301.01
Reading,8,2009,AZ,Arizona,257.6,68.33,26.91,208.23,234.76,261.19,282.77,301.64
Reading,8,2009,CA,California,252.63,63.6,22.25,202.65,230.36,255.57,278.17,297.6
Reading,8,2009,CO,Colorado,265.51,78.15,32.43,224,246.65,267.92,287.67,303.87
Reading,8,2009,CT,Connecticut,271.81,81.27,42.52,225.49,251.2,275.01,295.67,312.77
Reading,8,2009,DC,District of Columbia,242.49,50.73,13.65,196.1,218.66,243.72,266.84,287.66
Reading,8,2009,DE,Delaware,265,77.71,30.65,225.74,245.65,266.56,285.87,302.07
Reading,8,2009,DS,DoDEA,272.46,86.99,39.23,238.12,255.66,273.95,290.96,305.13
Reading,8,2009,FL,Florida,264.36,75.62,31.78,222.26,243.61,265.97,286.87,305
Reading,8,2009,GA,Georgia,260.24,72.18,26.94,217.67,240.12,261.85,282.69,301.08
Reading,8,2009,HI,Hawaii,254.74,66.83,21.96,210.38,234.08,257.39,278.04,295.58
Reading,8,2009,IA,Iowa,264.89,77.35,32.22,223.38,246.16,267.78,286.88,302.96
Reading,8,2009,ID,Idaho,264.84,76.78,32.85,222.02,245.06,267.77,287.38,303.94
Reading,8,2009,IL,Illinois,264.51,76.51,32.69,220.65,244.74,267.24,287.69,304.16
Reading,8,2009,IN,Indiana,265.69,78.91,32.11,225.28,247.11,267.32,287,303.68
Reading,8,2009,KS,Kansas,266.8,79.61,33.05,228.01,248.07,268.58,287.59,303.51
Reading,8,2009,KY,Kentucky,266.85,78.99,33.27,226.17,247.71,268.43,287.97,305
Reading,8,2009,LA,Louisiana,253.33,64.45,20.43,210.19,232.7,254.81,276.22,294.67
Reading,8,2009,MA,Massachusetts,273.59,83.13,42.92,230.62,253.51,275.36,296.72,314.36
Reading,8,2009,MD,Maryland,267.3,77.29,35.61,222.78,245.54,268.31,291.05,310.2
Reading,8,2009,ME,Maine,267.71,80.06,34.57,227.03,248.49,269.47,289.06,306.33
Reading,8,2009,MI,Michigan,261.9,72.03,30.55,216.07,239.6,264.14,286.25,304.66
Reading,8,2009,MN,Minnesota,269.74,81.98,38.38,228.01,251.51,272.94,291.16,306.81
Reading,8,2009,MO,Missouri,266.88,78.84,34.26,226.44,247.09,268.71,288.92,305.01
Reading,8,2009,MS,Mississippi,251.31,61.62,19.31,206.77,229.73,252.86,274.89,293.1
Reading,8,2009,MT,Montana,270.39,83.64,37.68,232.81,252.7,272.37,290.26,305.88
Reading,8,2009,NC,North Carolina,259.53,70.12,28.74,212.31,237.52,262.02,284.66,303.05
Reading,8,2009,ND,North Dakota,269.24,85.57,34.1,236.13,253.91,271.15,287.24,301.08
Reading,8,2009,NE,Nebraska,267.07,80.13,34.59,226.95,249.01,269.6,288.67,304.08
Reading,8,2009,NH,New Hampshire,270.75,81.37,39.4,228.78,250.55,272.55,292.8,310.54
Reading,8,2009,NJ,New Jersey,272.8,83.4,41.6,231.19,253.04,274.79,294.34,311.78
Reading,8,2009,NM,New Mexico,254.13,65.53,21.73,209.13,232.99,256.69,277.94,294.89
Reading,8,2009,NP,National public,262.29,73.71,30.43,217.58,241.55,264.91,285.95,303.68
Reading,8,2009,NV,Nevada,253.84,65.21,22.44,208.3,232.6,256.22,278.5,296.52
Reading,8,2009,NY,New York,264.29,74.65,33.34,219.01,242.56,266.6,288.89,306.27
Reading,8,2009,OH,Ohio,268.68,80.38,36.68,226.09,249.34,270.86,290.32,307.99
Reading,8,2009,OK,Oklahoma,259.5,72.56,25.69,217.74,240.58,262.12,281.57,297.22
Reading,8,2009,OR,Oregon,265.09,76.33,33.31,220.38,244.54,267.83,288.48,305.45
Reading,8,2009,PA,Pennsylvania,270.7,81.41,40.1,227.8,251.04,273.43,293.13,309.45
Reading,8,2009,RI,Rhode Island,259.89,71.73,27.57,215.72,239.35,262.85,283.15,300.7
Reading,8,2009,SC,South Carolina,257.27,68.24,24.47,213.32,235.63,258.37,280.37,300.14
Reading,8,2009,SD,South Dakota,270.06,84.33,36.89,233.51,253.42,272.2,289.65,303.49
Reading,8,2009,TN,Tennessee,260.95,72.71,27.94,218.42,240.34,263.01,283.59,300.32
Reading,8,2009,TX,Texas,260.37,72.87,27.12,217.81,240.8,263,282.72,299.52
Reading,8,2009,UT,Utah,265.59,78.13,32.94,223.96,246.67,268.2,287.5,303.71
Reading,8,2009,VA,Virginia,265.64,77.93,32.19,224.52,246.3,267.49,286.99,304.53
Reading,8,2009,VT,Vermont,272.31,83.57,40.95,232.72,253.36,274.31,293.95,309.56
Reading,8,2009,WA,Washington,266.92,77.88,35.72,222.4,246.42,269.01,290.44,308.42
Reading,8,2009,WI,Wisconsin,265.81,77.96,33.92,223,246.44,268.76,288.56,305.22
Reading,8,2009,WV,West Virginia,254.8,67.22,22.36,209.31,234.63,258.02,278.28,296.48
Reading,8,2009,WY,Wyoming,268.16,81.75,34.44,230.85,250.18,269.42,288.26,303
Reading,8,2011,AK,Alaska,261.29,72.98,30.96,213.29,240.53,264.81,286.49,303.65
Reading,8,2011,AL,Alabama,258.42,69.03,25.57,214.96,237.27,260.01,281.57,300.41
Reading,8,2011,AR,Arkansas,259.14,70.57,27.84,213.08,237.92,262.19,283.64,301.18
Reading,8,2011,AZ,Arizona,260.15,71.17,28.24,214.6,238.59,262.57,283.92,302.48
Reading,8,2011,CA,California,254.94,65.35,23.7,206.92,232.15,256.87,279.55,300.25
Reading,8,2011,CO,Colorado,270.64,81.07,40.31,226.78,250.55,273.17,294.01,310.93
Reading,8,2011,CT,Connecticut,274.68,83.33,44.72,230.24,254.32,276.77,297.55,315.75
Reading,8,2011,DC,District of Columbia,242.06,51.03,16.08,188.97,216.64,243.88,269.52,291.92
Reading,8,2011,DE,Delaware,265.84,77.12,32.69,223.1,245.31,267.09,287.85,306.56
Reading,8,2011,DS,DoDEA,272.35,87.07,39.02,238.21,255.61,273.37,290.52,305.16
Reading,8,2011,FL,Florida,262.12,73.13,29.79,218.36,240.86,264.06,285.37,303.45
Reading,8,2011,GA,Georgia,262.36,74.31,27.58,222.81,242.21,263.38,283.41,300.54
Reading,8,2011,HI,Hawaii,257.19,68.19,25.99,209.27,235.29,260.38,281.95,301.13
Reading,8,2011,IA,Iowa,264.55,76.8,32.67,221.3,245.11,267.62,287.61,303.95
Reading,8,2011,ID,Idaho,268.01,80.87,33.94,228.97,249.36,269.26,288.31,305.34
Reading,8,2011,IL,Illinois,265.64,76.83,33.85,221.9,244.99,267.46,288.77,307.32
Reading,8,2011,IN,Indiana,264.73,77.76,31.79,223.69,246.09,267.08,286.93,303.68
Reading,8,2011,KS,Kansas,267.34,78.78,35.48,225.65,247.57,270.01,289.45,305.98
Reading,8,2011,KY,Kentucky,268.83,79.46,36.3,227.45,248.61,270.27,290.39,307.37
Reading,8,2011,LA,Louisiana,254.69,65.57,22.25,210.23,232.97,256.5,278.26,296.37
Reading,8,2011,MA,Massachusetts,275.37,84.4,46.13,232.17,254.86,277.69,298.39,316.08
Reading,8,2011,MD,Maryland,271.22,79.96,39.93,226.9,248.68,272.33,295.27,313.93
Reading,8,2011,ME,Maine,269.87,80.16,38.52,226.11,249.08,271.49,292.75,310.11
Reading,8,2011,MI,Michigan,265.19,76.98,32.08,223.7,245.06,266.49,286.92,304.97
Reading,8,2011,MN,Minnesota,270.15,81.28,39.29,225.96,250.8,272.67,292.86,309.79
Reading,8,2011,MO,Missouri,266.76,78.72,35.24,223.44,247.63,269.46,289.51,306.52
Reading,8,2011,MS,Mississippi,253.83,64.99,21.02,209.46,232.42,255.69,277.27,294.15
Reading,8,2011,MT,Montana,272.87,85.56,41.53,235.03,255.03,274.9,293.2,308.78
Reading,8,2011,NC,North Carolina,262.93,73.85,31.1,219.18,241.77,264.82,286.4,304.48
Reading,8,2011,ND,North Dakota,268.69,82.89,34.07,232.83,250.97,270.28,288.03,302.54
Reading,8,2011,NE,Nebraska,267.7,80.78,34.84,226.86,249.64,270.02,289.25,305.97
Reading,8,2011,NH,New Hampshire,272.08,83.74,39.58,233.32,253.06,273.5,292.4,308.89
Reading,8,2011,NJ,New Jersey,275.18,84.19,44.74,232.92,254.09,276.78,297.78,315.3
Reading,8,2011,NM,New Mexico,255.86,67.71,22.15,212.56,235.44,257.82,278.26,295.67
Reading,8,2011,NP,National public,263.59,74.65,31.62,219.1,242.6,265.61,287.09,305.38
Reading,8,2011,NV,Nevada,258.19,69.45,26.34,212.33,236.71,260.67,282.25,301.36
Reading,8,2011,NY,New York,265.7,76.35,35.14,219.8,244.5,268.03,290.13,308.26
Reading,8,2011,OH,Ohio,268.28,79.49,36.89,225.18,248.38,270.37,290.98,308.4
Reading,8,2011,OK,Oklahoma,260.12,72.53,26.72,217.45,240.13,262.61,282.48,299.72
Reading,8,2011,OR,Oregon,264.23,75.79,32.65,219.41,243.99,266.64,288.03,306.25
Reading,8,2011,PA,Pennsylvania,267.75,77.16,37.96,221.02,245.73,270.51,292.17,310.04
Reading,8,2011,RI,Rhode Island,265.12,75.54,33.38,220.35,243.67,267.44,288.34,307.12
Reading,8,2011,SC,South Carolina,260.31,71.93,26.59,218.2,239.86,261.45,282.47,300.56
Reading,8,2011,SD,South Dakota,268.94,82.66,35.3,230.56,251.4,271.24,288.98,304.65
Reading,8,2011,TN,Tennessee,259.21,70.1,27.05,213.37,237.35,261.26,282.92,301.99
Reading,8,2011,TX,Texas,261.43,74.46,26.52,221.51,242.42,262.98,282.39,299.66
Reading,8,2011,UT,Utah,267.09,78.91,35.43,223.57,247.75,270.02,289.65,306.03
Reading,8,2011,VA,Virginia,267.27,77.97,35.79,223.54,246.44,269.37,290.55,308.52
Reading,8,2011,VT,Vermont,273.84,82.44,44.37,227.83,252.89,276.48,297.9,315.61
Reading,8,2011,WA,Washington,267.58,77.07,37,221.22,245.63,269.89,292.52,311.01
Reading,8,2011,WI,Wisconsin,267.17,78.67,34.88,224.33,247.29,269.59,289.4,306.62
Reading,8,2011,WV,West Virginia,256.11,67.97,24.13,211.49,235.66,258.8,280.17,297.19
Reading,8,2011,WY,Wyoming,269.57,81.6,37.71,228.73,250.56,271.91,290.6,307.02
Reading,8,2013,AK,Alaska,261.26,71.47,31.07,212.25,238.65,264.17,286.71,305.54
Reading,8,2013,AL,Alabama,257.43,68.43,25.06,213.31,236.05,259.5,281.08,299.55
Reading,8,2013,AR,Arkansas,261.96,72.82,30.33,216.48,240.49,264.32,285.81,304.21
Reading,8,2013,AZ,Arizona,260.45,71.97,27.84,217.42,239.7,262.61,283.7,301.52
Reading,8,2013,CA,California,261.5,72.09,29.31,216.33,239.79,263.21,285.27,304.66
Reading,8,2013,CO,Colorado,271.01,81.31,39.84,227.95,250.47,272.96,294.08,311.82
Reading,8,2013,CT,Connecticut,274.46,82.71,45.1,228.73,253.44,277.06,298.18,316.28
Reading,8,2013,DC,District of Columbia,247.74,57.07,17.43,200.11,224.33,249.27,271.97,293.26
Reading,8,2013,DE,Delaware,265.98,76.53,33.34,222.75,244.72,267.77,288.63,307.09
Reading,8,2013,DS,DoDEA,276.99,89.37,45.25,241.8,259.57,277.75,295.43,311.1
Reading,8,2013,FL,Florida,265.83,76.75,33.27,222.85,244.9,267.21,288.52,306.79
Reading,8,2013,GA,Georgia,264.62,75.3,31.51,221.82,243.29,265.39,287.36,306.83
Reading,8,2013,HI,Hawaii,259.96,71.28,28.44,213.63,238.62,262.45,284.26,302.76
Reading,8,2013,IA,Iowa,269,81.19,36.7,228.29,250.12,271.08,290.52,307.12
Reading,8,2013,ID,Idaho,270.22,81.67,38.29,228.91,250.74,271.97,292.29,309.15
Reading,8,2013,IL,Illinois,266.9,77.42,36.23,221.34,245.97,269.4,291.13,309.18
Reading,8,2013,IN,Indiana,267.27,79.25,34.7,226.18,247.67,268.96,289.14,306.49
Reading,8,2013,KS,Kansas,266.89,78.24,35.84,221.93,247.02,269.97,290.2,307.33
Reading,8,2013,KY,Kentucky,269.62,79.64,37.79,226.2,248.31,270.81,292.46,311.21
Reading,8,2013,LA,Louisiana,257.35,67.57,23.91,214.61,235.69,258.58,279.81,298.57
Reading,8,2013,MA,Massachusetts,277.01,84.31,48.16,231.4,255.84,279.48,301.2,319.12
Reading,8,2013,MD,Maryland,273.8,82.29,42.21,230.94,251.43,274.33,296.65,316.04
Reading,8,2013,ME,Maine,269.19,78.93,38.23,224.81,247.71,271.28,292.5,310.71
Reading,8,2013,MI,Michigan,265.94,77.28,32.75,224,245.48,267.34,287.96,305.99
Reading,8,2013,MN,Minnesota,271.02,81.73,40.52,227.49,251.7,273.73,293.93,311.09
Reading,8,2013,MO,Missouri,267.22,78.37,35.77,223.6,246.9,269.37,290.46,308.49
Reading,8,2013,MS,Mississippi,253.15,64.25,20.22,209.94,232.09,255,276.32,294.25
Reading,8,2013,MT,Montana,271.77,83.67,40.3,231.45,253.76,274.22,292.8,308.98
Reading,8,2013,NC,North Carolina,264.54,75.66,32.59,219.79,243.72,266.49,288.13,307.12
Reading,8,2013,ND,North Dakota,267.78,80.87,34.22,229.58,249.2,269.53,288.16,304.21
Reading,8,2013,NE,Nebraska,269.22,80.88,36.68,228.07,249.46,270.91,290.69,307.92
Reading,8,2013,NH,New Hampshire,274.31,83.88,43.67,231.87,254.25,276,296.35,314.31
Reading,8,2013,NJ,New Jersey,276.38,85.38,46.26,234.65,256.22,278.04,298.5,316.52
Reading,8,2013,NM,New Mexico,255.87,67.23,22.19,214.07,235.31,257.5,278.32,296.26
Reading,8,2013,NP,National public,266.02,76.63,34.25,221.7,244.88,267.93,289.49,307.99
Reading,8,2013,NV,Nevada,261.7,72.49,30.34,215.46,240.04,264.02,286.12,304.68
Reading,8,2013,NY,New York,266.35,76.21,34.97,219.82,244.41,268.22,290.52,310.2
Reading,8,2013,OH,Ohio,269.09,78.66,38.6,223.8,247.64,271.33,293.31,311.76
Reading,8,2013,OK,Oklahoma,261.93,74.64,28.7,219.77,242.56,264.42,284.2,301.53
Reading,8,2013,OR,Oregon,268.28,79.06,36.73,225.32,247.94,270.51,291.11,309.19
Reading,8,2013,PA,Pennsylvania,272.09,81.33,42.03,227.03,251.16,274.58,295.66,313.23
Reading,8,2013,RI,Rhode Island,266.68,76.94,35.98,220.63,245.51,269.48,290.72,308.28
Reading,8,2013,SC,South Carolina,261.45,72.64,29.32,217.06,240.43,263.13,285.19,304.17
Reading,8,2013,SD,South Dakota,268.1,80.76,35.52,227.8,249.54,270.26,289.69,306.52
Reading,8,2013,TN,Tennessee,265.36,76.76,33.05,222.32,244.92,267.5,288.07,305.75
Reading,8,2013,TX,Texas,263.68,75.67,30.82,221.69,243.74,265.72,286.26,303.58
Reading,8,2013,UT,Utah,270.04,80.81,39.23,226.68,250.04,272.59,292.89,309.98
Reading,8,2013,VA,Virginia,267.59,77.73,36.34,223.07,246.14,269.62,291.28,309.56
Reading,8,2013,VT,Vermont,274.37,83.68,44.78,230.51,254.44,276.98,297.46,314.82
Reading,8,2013,WA,Washington,272.04,81.07,41.75,226.8,250.95,274.41,295.97,314.12
Reading,8,2013,WI,Wisconsin,267.54,77.93,36.46,222.76,246.63,269.85,290.96,309.06
Reading,8,2013,WV,West Virginia,257.38,69.92,25.26,211.12,237.31,260.57,281.25,299.84
Reading,8,2013,WY,Wyoming,270.97,84.41,37.61,234.63,253.03,272.28,290.32,305.82
Reading,8,2015,AK,Alaska,260.32,70.79,31.35,209.64,237.62,264.64,286.68,304.86
Reading,8,2015,AL,Alabama,258.75,71.47,25.6,215.11,239.27,260.96,281.6,299.7
Reading,8,2015,AR,Arkansas,258.77,70.08,26.82,212,237.25,261.45,282.82,301.2
Reading,8,2015,AZ,Arizona,262.77,73.9,31.11,218.56,241.9,265.06,286.48,304.19
Reading,8,2015,CA,California,258.99,70.23,28.41,209.9,237.34,261.98,284.42,302.86
Reading,8,2015,CO,Colorado,268.07,78.28,38.23,222.89,247.17,271.29,292.02,308.85
Reading,8,2015,CT,Connecticut,273.05,81.94,43.27,226.98,252.26,275.48,297.06,315.65
Reading,8,2015,DC,District of Columbia,247.65,56.02,18.6,197.74,222.9,248.51,272.73,296.14
Reading,8,2015,DE,Delaware,262.61,73.39,31.07,216.73,241.19,265.02,286.71,305.52
Reading,8,2015,DS,DoDEA,277.19,90.07,46.76,243.16,261.28,278.92,295.36,309.33
Reading,8,2015,FL,Florida,263.38,75.04,30.33,221.77,243.09,264.78,285.83,303.41
Reading,8,2015,GA,Georgia,262.27,73.45,30.25,216.93,241.19,264.5,285.95,304.61
Reading,8,2015,HI,Hawaii,257.35,68.05,25.69,210.94,235.3,259.68,281.67,300.41
Reading,8,2015,IA,Iowa,268.2,80.82,35.62,228.13,249.64,270.42,289.76,306.37
Reading,8,2015,ID,Idaho,268.55,81.12,37.25,226.68,250.18,271.5,290.68,306.51
Reading,8,2015,IL,Illinois,266.81,77.48,35.12,223.05,245.77,268.57,290.39,309.06
Reading,8,2015,IN,Indiana,268.25,79.53,37.07,224.73,248.35,270.67,291.39,308.67
Reading,8,2015,KS,Kansas,266.77,78.57,34.81,223.35,247.1,269.39,289,306.07
Reading,8,2015,KY,Kentucky,267.77,77.91,36.15,223.46,246.6,269.63,291.08,309.34
Reading,8,2015,LA,Louisiana,255.47,66.02,23.31,210.2,233.61,257.37,279.32,297.5
Reading,8,2015,MA,Massachusetts,274.5,82.92,45.69,228.95,253.81,277.56,298.37,315.95
Reading,8,2015,MD,Maryland,267.91,76.22,37.37,221.68,244.34,269.04,293.2,312.77
Reading,8,2015,ME,Maine,268.39,81.14,35.55,228.74,250.07,270.76,289.11,305.01
Reading,8,2015,MI,Michigan,264.5,75.6,31.81,221.61,243.7,266.21,286.9,304.97
Reading,8,2015,MN,Minnesota,270.24,81.15,39.69,226.31,250.67,272.99,293.52,310.56
Reading,8,2015,MO,Missouri,266.88,76.97,36.31,221.95,245.35,269.63,290.76,308.44
Reading,8,2015,MS,Mississippi,251.98,62.83,20.05,207.93,230.56,254.17,275.73,294.63
Reading,8,2015,MT,Montana,269.96,82.39,36.87,230.97,251.16,271.37,290.72,307.39
Reading,8,2015,NC,North Carolina,260.59,71.73,30.37,210.52,238.84,264.09,286.04,305.5
Reading,8,2015,ND,North Dakota,266.96,80.34,33.66,227.89,248.83,269.26,287.52,303.04
Reading,8,2015,NE,Nebraska,269.43,81.45,37.79,227.27,250.72,272.12,291.38,307.78
Reading,8,2015,NH,New Hampshire,274.81,84.97,45.01,234.1,255.55,277.2,296.74,312.97
Reading,8,2015,NJ,New Jersey,270.85,80.04,40.59,225.02,249.31,272.97,295.22,313.89
Reading,8,2015,NM,New Mexico,253.23,65.14,20.12,209.14,232.93,255.65,276.41,293.66
Reading,8,2015,NP,National public,263.99,74.81,32.67,218.25,242.79,266.39,288.11,306.44
Reading,8,2015,NV,Nevada,259.42,70.54,27.41,214.42,238.19,261.88,283.4,301.25
Reading,8,2015,NY,New York,263.25,72.89,32.76,214.81,240.36,265.55,288.67,307.76
Reading,8,2015,OH,Ohio,265.88,75.89,35.53,219.98,244.06,268.4,290.76,308.84
Reading,8,2015,OK,Oklahoma,262.67,75.95,29.43,221.01,244.25,266.17,284.66,300.44
Reading,8,2015,OR,Oregon,267.67,78.76,35.66,224.47,247.37,269.63,290.6,308.83
Reading,8,2015,PA,Pennsylvania,268.75,77.57,39.1,221.9,246.37,271.61,293.83,311.61
Reading,8,2015,RI,Rhode Island,265.05,75.62,34.76,218.08,243.68,267.83,290.03,308.72
Reading,8,2015,SC,South Carolina,260.33,71.36,27.76,216.19,239.23,262.36,283.57,301.8
Reading,8,2015,SD,South Dakota,267.08,79.77,34.37,226.7,248.16,269.26,288.47,304.7
Reading,8,2015,TN,Tennessee,264.77,75.65,32.81,219.9,243.81,266.7,288.05,306.22
Reading,8,2015,TX,Texas,260.66,72.47,28.01,216.09,240.27,262.89,283.86,302.5
Reading,8,2015,UT,Utah,269.43,80.53,37.95,226.6,249.71,271.8,291.8,309.25
Reading,8,2015,VA,Virginia,266.84,77.3,35.89,221.71,245.71,269.57,290.6,308.43
Reading,8,2015,VT,Vermont,273.96,83.28,43.82,230.55,253.41,276.16,296.92,314.19
Reading,8,2015,WA,Washington,267.25,76.8,37.42,219.72,245.46,270.09,292.3,310.54
Reading,8,2015,WI,Wisconsin,269.53,79.33,38.97,224.25,248.54,272.15,292.91,310.85
Reading,8,2015,WV,West Virginia,260.19,72.28,27.21,216.72,240.02,262.83,282.91,299.77
Reading,8,2015,WY,Wyoming,268.8,80.96,35.98,228.51,249.69,270.59,289.82,306.77
Reading,8,2017,AK,Alaska,257.67,69.66,26.14,209.51,236.43,261.54,281.99,299.29
Reading,8,2017,AL,Alabama,257.69,67.45,27.68,209.29,234.33,260.29,283.61,302.5
Reading,8,2017,AR,Arkansas,259.96,71.23,28.67,212.43,238.54,262.75,284.56,303.01
Reading,8,2017,AZ,Arizona,262.96,74.71,30.5,218.91,242.68,264.97,286.17,303.97
Reading,8,2017,CA,California,262.52,72.28,32.22,212.7,239.7,264.48,288.24,308.46
Reading,8,2017,CO,Colorado,270.34,79.36,40.52,223.56,248.52,272.7,295.07,313.57
Reading,8,2017,CT,Connecticut,272.54,80.22,43.76,224.55,249.82,275.39,298.24,316.68
Reading,8,2017,DC,District of Columbia,246.79,55.17,19.91,192.79,220.16,248.13,274.38,299.03
Reading,8,2017,DE,Delaware,263.09,72.11,32.76,213.95,239.45,265.85,288.5,307.91
Reading,8,2017,DS,DoDEA,280.5,90.82,51.45,244.83,263.85,281.93,299.27,314.35
Reading,8,2017,FL,Florida,266.55,77.23,35.45,221.43,245.61,269.06,290.25,307.66
Reading,8,2017,GA,Georgia,266.33,75.82,35.39,220.15,243.96,268.56,290.61,309.06
Reading,8,2017,HI,Hawaii,260.98,72.31,30.34,212.88,239.72,264.26,285.9,303.81
Reading,8,2017,IA,Iowa,267.68,79.58,36.81,223.45,248.61,270.87,290.73,307.7
Reading,8,2017,ID,Idaho,269.67,81.34,38.68,228.51,250.66,272.53,291.5,307.46
Reading,8,2017,IL,Illinois,266.93,76.97,36.08,220.46,245.53,269.47,291.06,309.62
Reading,8,2017,IN,Indiana,272.02,82.37,41.12,229.74,251.87,273.87,294.75,312.22
Reading,8,2017,KS,Kansas,267.49,77.67,36.74,221.82,246.49,270.14,291.34,308.94
Reading,8,2017,KY,Kentucky,265.13,74.8,34.21,218.8,242.77,267.09,289.82,308.82
Reading,8,2017,LA,Louisiana,256.75,67.2,24.94,210.54,234.55,258.8,280.93,300.08
Reading,8,2017,MA,Massachusetts,277.78,84.93,49.32,231.89,256.71,280.45,302.12,320.61
Reading,8,2017,MD,Maryland,267.25,74.33,37.59,216.84,242.13,268.79,294.27,315.15
Reading,8,2017,ME,Maine,268.93,78.6,39.05,221.24,247.9,271.83,293.47,311.73
Reading,8,2017,MI,Michigan,265.47,76.36,34.4,219.61,244.68,268.11,289.43,306.84
Reading,8,2017,MN,Minnesota,268.62,78.61,39.31,220.94,247.95,272.05,293.15,310.5
Reading,8,2017,MO,Missouri,266.04,76.98,35.44,220.87,245.45,268.99,289.94,307.4
Reading,8,2017,MS,Mississippi,256.34,66.43,24.64,210.08,233.49,258.16,280.61,300.11
Reading,8,2017,MT,Montana,267.21,79.2,35.11,224.95,247.92,269.79,289.01,305.54
Reading,8,2017,NC,North Carolina,262.72,73.6,32.93,213.02,241.24,265.75,288.47,307.05
Reading,8,2017,ND,North Dakota,265.08,77.5,32.67,222.07,245.97,267.98,287.43,303.65
Reading,8,2017,NE,Nebraska,268.53,79.31,37.97,223.18,248.38,271.62,291.93,308.87
Reading,8,2017,NH,New Hampshire,274.79,83.67,45.05,230.95,254.33,277.22,297.14,314.08
Reading,8,2017,NJ,New Jersey,275.04,81.65,46.65,225.97,252.54,278.04,301.06,319.99
Reading,8,2017,NM,New Mexico,255.58,65.69,24.41,207.93,232.86,257.72,280.33,299.77
Reading,8,2017,NP,National public,265.33,75.26,34.74,217.9,243.32,267.81,290.08,308.9
Reading,8,2017,NV,Nevada,259.81,71.1,28.22,213.8,238.5,262.66,284.06,302.15
Reading,8,2017,NY,New York,264.16,72.96,34.16,214.57,240.52,266.71,290.13,310.03
Reading,8,2017,OH,Ohio,268.45,76.73,39.12,219.02,245.25,271.38,293.81,312.87
Reading,8,2017,OK,Oklahoma,261.24,73.89,27.98,218.21,241.75,263.91,283.59,300.35
Reading,8,2017,OR,Oregon,266.22,76.28,36.1,217.76,244.66,268.99,291.12,310.04
Reading,8,2017,PA,Pennsylvania,269.55,78.38,39.99,220.99,247.51,272.39,294.62,313.49
Reading,8,2017,RI,Rhode Island,265.77,74.71,37.42,214,242.59,269.63,292.7,311.52
Reading,8,2017,SC,South Carolina,259.75,70.6,29.97,210.52,237.62,262.9,285.96,305.21
Reading,8,2017,SD,South Dakota,267.36,79.65,35.55,224.37,248.49,270.16,289.46,305.6
Reading,8,2017,TN,Tennessee,262.05,72.94,31.01,215.63,240.61,264.55,286.67,304.38
Reading,8,2017,TX,Texas,260.34,71.47,27.95,215.48,239.28,262.55,283.71,301.82
Reading,8,2017,UT,Utah,268.75,79.41,38.23,223.98,248.61,271.78,292.09,309.22
Reading,8,2017,VA,Virginia,267.74,77.27,37.18,220.62,245.84,270.29,291.86,310.48
Reading,8,2017,VT,Vermont,273.4,81.77,44.77,226.41,252.42,276.64,297.66,315.41
Reading,8,2017,WA,Washington,271.62,80.26,41.56,224.89,249.76,274,295.79,315.22
Reading,8,2017,WI,Wisconsin,269.37,79.23,39.39,223.7,248.44,272.25,293.81,311.04
Reading,8,2017,WV,West Virginia,258.7,70.25,27.78,210.37,237.39,262.2,283.46,301.35
Reading,8,2017,WY,Wyoming,269.02,80.39,37.63,226.16,249.53,271.43,291.4,308.36
Reading,8,2019,AK,Alaska,252.39,63.27,23.29,200.85,229.02,255.83,279.23,298.4
Reading,8,2019,AL,Alabama,253.4,63.9,23.6,203.21,230.39,256.3,279.5,298.86
Reading,8,2019,AR,Arkansas,258.78,68.14,29.52,206.63,234.56,261.45,285.89,306.18
Reading,8,2019,AZ,Arizona,259.48,69.59,28.39,211.62,236.73,261.41,284.4,303.94
Reading,8,2019,CA,California,258.83,67.81,29.84,205.76,233.74,261.4,286.14,307
Reading,8,2019,CO,Colorado,267.31,76.87,37.66,219.73,245.56,270.57,292.48,310.95
Reading,8,2019,CT,Connecticut,269.72,77.51,41.01,220.62,246.27,272.83,296.1,314.55
Reading,8,2019,DC,District of Columbia,249.81,58.07,22.98,194.31,223.12,251.61,278.44,302.98
Reading,8,2019,DE,Delaware,259.68,69.03,30.96,206.75,235.17,262.72,287.17,307.71
Reading,8,2019,DS,DoDEA,280.28,90.51,52.26,244.1,263.32,282.5,299.31,313.56
Reading,8,2019,FL,Florida,263.35,72.13,33.91,212.93,239.31,265.77,289.99,309.94
Reading,8,2019,GA,Georgia,262.39,71.65,32.13,213.54,239.03,265.14,287.91,306.65
Reading,8,2019,HI,Hawaii,258.16,67.56,29.16,206.58,234,260.64,285.38,306
Reading,8,2019,IA,Iowa,262.33,73.08,32.57,214.07,240.72,265.92,287.95,305.41
Reading,8,2019,ID,Idaho,266.48,77.42,37.08,217.87,246.16,270.26,291.31,308.92
Reading,8,2019,IL,Illinois,264.7,73.67,35.45,214.79,241.25,267.9,291.23,311
Reading,8,2019,IN,Indiana,265.95,75.01,37,216,243.03,269.45,292.23,310.57
Reading,8,2019,KS,Kansas,262.82,74,32.3,215.59,241.74,266.25,287.4,304.81
Reading,8,2019,KY,Kentucky,262.96,72.58,33.43,212.6,239.92,266.19,289.19,308.86
Reading,8,2019,LA,Louisiana,257.42,67.51,27.19,209.12,234.46,259.78,283.2,302.69
Reading,8,2019,MA,Massachusetts,273.11,81.07,44.65,223.92,251.59,276.57,298.73,317.41
Reading,8,2019,MD,Maryland,264.39,72.83,35.99,211.04,239.92,267.62,292.03,312
Reading,8,2019,ME,Maine,265.17,75.07,35.55,215.8,243.13,268.62,290.91,309.43
Reading,8,2019,MI,Michigan,262.58,73.32,31.49,216.4,240.97,265.2,286.89,305.12
Reading,8,2019,MN,Minnesota,263.81,73.96,34.16,213.9,241.7,267.08,289.77,308.05
Reading,8,2019,MO,Missouri,263.29,73.92,33.31,213.99,241.55,267,288.52,306.45
Reading,8,2019,MS,Mississippi,256.38,67.19,25.04,209.28,234.06,258.89,281.03,299.56
Reading,8,2019,MT,Montana,264.83,75.85,34.33,218.06,244.09,268.18,289.37,306.81
Reading,8,2019,NC,North Carolina,262.53,72.01,32.93,211.86,239.29,265.21,288.84,308.76
Reading,8,2019,ND,North Dakota,263.23,74.85,31.63,218.27,242.78,266.97,286.25,302.33
Reading,8,2019,NE,Nebraska,263.99,74.19,33.82,216.54,242.03,267.04,289.15,306.86
Reading,8,2019,NH,New Hampshire,267.95,78.01,37.67,222.2,246.7,270.59,292.45,310.33
Reading,8,2019,NJ,New Jersey,270.36,76.51,42.87,214.88,245.35,273.92,299.41,320.77
Reading,8,2019,NM,New Mexico,251.7,61.02,23.34,199.15,226.08,254.14,279.18,300.21
Reading,8,2019,NP,National public,262,71.5,32.43,211.48,238.56,264.9,288.36,307.92
Reading,8,2019,NV,Nevada,258.08,68.72,28.62,206.57,234.89,261.75,284.59,303.24
Reading,8,2019,NY,New York,261.75,70.42,32.46,210.49,237.12,264.47,288.53,308.67
Reading,8,2019,OH,Ohio,267.05,75.22,38.09,216.95,243.26,269.86,293.78,313.12
Reading,8,2019,OK,Oklahoma,258.2,71.43,25.64,213.02,239.06,261.68,281.57,297.87
Reading,8,2019,OR,Oregon,263.72,72.68,34.04,213.56,239.97,266.64,290.18,310.1
Reading,8,2019,PA,Pennsylvania,264.18,73.02,35.16,213.05,240.22,266.87,291.38,311.04
Reading,8,2019,RI,Rhode Island,262.15,71.48,35.02,206.92,238.02,266.71,290.92,310.79
Reading,8,2019,SC,South Carolina,258.98,68.78,29.32,209.74,235.64,261.89,285.22,304.15
Reading,8,2019,SD,South Dakota,262.77,73.78,31.88,216.65,241.59,266.01,287.23,305.27
Reading,8,2019,TN,Tennessee,262.46,72.65,31.55,214.74,240.19,264.85,287.36,306.68
Reading,8,2019,TX,Texas,255.74,67.05,25.04,207.06,233.57,258.88,281.01,299.12
Reading,8,2019,UT,Utah,267.42,77.38,37.78,219.18,246.24,270.93,292.1,310.65
Reading,8,2019,VA,Virginia,261.8,71.11,33.24,208.96,238.02,265.64,289.08,308.53
Reading,8,2019,VT,Vermont,268.48,76.81,40.23,216.67,245.56,272.6,294.66,313.37
Reading,8,2019,WA,Washington,266.28,74.37,38.46,212.24,242.15,270.16,294.6,314.81
Reading,8,2019,WI,Wisconsin,267.38,76.46,38.53,218.25,244.93,270.87,293.42,311.16
Reading,8,2019,WV,West Virginia,255.62,67.32,25.34,205.8,233.94,259.56,281.35,299.11
Reading,8,2019,WY,Wyoming,264.64,75.19,33.93,219.29,243.21,267.27,288.91,306.26
Reading,8,2022,AK,Alaska,252.55,63.02,25.97,195.63,227.05,256.72,282.06,302.19
Reading,8,2022,AL,Alabama,250.9,60.87,22.03,199.43,226.83,253.62,277.76,297.75
Reading,8,2022,AR,Arkansas,255.04,64.17,25.79,204.25,229.71,257.77,281.83,301.6
Reading,8,2022,AZ,Arizona,258.53,68.02,28.18,209.26,234.6,260.62,284.31,303.92
Reading,8,2022,CA,California,258.79,67,29.88,206.81,232.99,261.32,286.12,306.81
Reading,8,2022,CO,Colorado,263.45,72.73,34.16,210.5,240.04,266.97,289.91,310.07
Reading,8,2022,CT,Connecticut,263.81,71.97,34.77,212.65,238.98,266.36,290.71,310.87
Reading,8,2022,DC,District of Columbia,249.71,56.74,22.16,197.14,221.87,250.04,277.4,301.62
Reading,8,2022,DE,Delaware,253.01,62.16,23.84,201.21,227.77,255.19,279.8,300.58
Reading,8,2022,DS,DoDEA,282.31,90.43,54.5,243.86,264.2,283.97,302.27,317.96
Reading,8,2022,FL,Florida,259.63,68.64,29.36,209.74,235.32,261.89,285.57,305.49
Reading,8,2022,GA,Georgia,259.99,68.77,30.6,206.74,234.82,262.93,287,308.27
Reading,8,2022,HI,Hawaii,258.98,68.04,30.67,204.83,234.11,262.3,286.76,306.94
Reading,8,2022,IA,Iowa,259.77,70.87,28.81,211.74,238.16,262.5,284.69,302.71
Reading,8,2022,ID,Idaho,263.54,73.99,32.12,217.36,241.84,265.78,287.7,306.15
Reading,8,2022,IL,Illinois,261.89,71.11,32.37,211.15,238.34,264.44,288.42,308.57
Reading,8,2022,IN,Indiana,260.5,70.26,30.62,210.16,237.11,262.98,286.58,306.75
Reading,8,2022,KS,Kansas,256.18,66.64,25.81,206.31,233.08,259.48,281.83,300.24
Reading,8,2022,KY,Kentucky,258.49,68.16,29.02,206.35,234.75,261.33,285.25,305.34
Reading,8,2022,LA,Louisiana,256.65,66.31,26.86,205.68,232.36,259.2,282.95,303.24
Reading,8,2022,MA,Massachusetts,268.75,77.19,39.8,217.96,246.05,272.21,294.53,313.15
Reading,8,2022,MD,Maryland,259.29,66.91,32.78,201,231.53,263,289.6,311.45
Reading,8,2022,ME,Maine,256.71,66.14,29.29,199.95,231.3,260.79,285.53,306.21
Reading,8,2022,MI,Michigan,258.51,67.62,28.15,208.29,233.69,260.89,284.38,304.96
Reading,8,2022,MN,Minnesota,260.47,71.7,29.66,211.46,238.88,263.53,285.41,304.08
Reading,8,2022,MO,Missouri,257.63,67.4,28.48,206.19,233.84,260.87,284.29,303.05
Reading,8,2022,MS,Mississippi,252.93,62.94,21.98,204.79,229.79,255.02,277.76,297.33
Reading,8,2022,MT,Montana,261.18,71.9,29.11,215.61,239.69,262.99,285.13,303.97
Reading,8,2022,NC,North Carolina,256.16,65.67,25.69,206.73,232.18,258.1,281.73,302.3
Reading,8,2022,ND,North Dakota,258.08,68.93,27.07,210.28,236.11,260.87,282.91,301.37
Reading,8,2022,NE,Nebraska,259.31,69.75,28.82,209.9,236.52,262.25,284.68,303.5
Reading,8,2022,NH,New Hampshire,263.18,72.71,32.82,214.42,240.16,265.3,288.8,308.08
Reading,8,2022,NJ,New Jersey,269.78,76.89,41.58,218.43,245.4,272.83,296.77,316.61
Reading,8,2022,NM,New Mexico,247.8,57.4,18.43,198.42,223.65,249.99,273.52,293.44
Reading,8,2022,NP,National public,259.11,68.38,29.44,207.94,234.78,261.64,285.58,305.82
Reading,8,2022,NV,Nevada,258.89,68.48,28.8,208.54,234.9,261.94,285.04,305.29
Reading,8,2022,NY,New York,261.66,69.96,32.3,209.76,236.55,263.6,288.97,310.32
Reading,8,2022,OH,Ohio,262,70.85,33.13,210.01,237.8,264.87,289.07,309.07
Reading,8,2022,OK,Oklahoma,251.3,62.32,21.28,201.68,227.97,254.63,276.96,295.8
Reading,8,2022,OR,Oregon,257.05,66.98,27.79,206.2,233.1,260.42,283.64,302.04
Reading,8,2022,PA,Pennsylvania,259.1,67.83,30.57,205.13,233.76,261.85,286.87,308
Reading,8,2022,RI,Rhode Island,259.39,68,31.32,204.17,233.78,262.46,288.01,309.68
Reading,8,2022,SC,South Carolina,253.87,62.72,26.56,199.46,227.85,256.51,282.83,302.71
Reading,8,2022,SD,South Dakota,261.84,73,31.12,213.19,240.55,265.43,286.68,304.77
Reading,8,2022,TN,Tennessee,257.56,67.19,28.04,205.08,232.88,260.23,284.05,304.91
Reading,8,2022,TX,Texas,255.17,65.81,23.22,207.79,232.52,257.35,279.18,298.25
Reading,8,2022,UT,Utah,265.22,74.79,35.66,215.33,242.74,268.75,291.02,308.69
Reading,8,2022,VA,Virginia,259.55,68.54,30.98,206.61,234.55,262.46,287.11,307.06
Reading,8,2022,VT,Vermont,263.78,72.86,34.46,213.17,240.3,266.99,290.23,309.51
Reading,8,2022,WA,Washington,261.54,71.14,31.78,209.74,238.21,264.6,288.12,307.62
Reading,8,2022,WI,Wisconsin,262.23,71.79,32.39,212.72,238.94,264.98,288.02,307.62
Reading,8,2022,WV,West Virginia,249.4,60,21.66,195.14,224.78,253.12,277.35,297.36
Reading,8,2022,WY,Wyoming,260.77,71.47,29.74,212.88,238.79,263.88,285.37,303.77
Reading,8,2024,AK,Alaska,246.45,57.1,21.7,187.84,219.31,250.78,277.05,297.24
Reading,8,2024,AL,Alabama,249.6,59.4,21.26,197.25,224.82,252.37,276.84,296.99
Reading,8,2024,AR,Arkansas,254.77,64.66,25.35,204.61,231,257.48,281.34,300.78
Reading,8,2024,AZ,Arizona,254.34,64.5,25.4,202.65,229.92,258.04,281.38,300.86
Reading,8,2024,CA,California,254.37,62.81,28,197.58,226.89,257.12,284.58,306.78
Reading,8,2024,CO,Colorado,264.54,73.9,34.79,215.33,241.35,267.49,290.41,309.6
Reading,8,2024,CT,Connecticut,263.1,69.82,35.43,207.77,235.98,265.99,292.42,313.75
Reading,8,2024,DC,District of Columbia,251.3,58.06,24.82,194.11,221.88,252.03,280.78,307.31
Reading,8,2024,DE,Delaware,249.45,58.99,23.47,193.05,222.77,253.33,279.38,299.52
Reading,8,2024,DS,DoDEA,282.12,90.01,53.44,242.97,263.04,283.56,302.69,319.22
Reading,8,2024,FL,Florida,252.86,62.66,25.35,198.15,227.6,256.4,281.33,301.41
Reading,8,2024,GA,Georgia,259.33,68.17,31.2,205.9,233.72,262.6,287.23,307.47
Reading,8,2024,HI,Hawaii,257.28,67.14,29.07,203.26,232.52,260.8,285.06,304.72
Reading,8,2024,IA,Iowa,260.7,71.51,31.07,210.54,238.91,264.07,286.79,305
Reading,8,2024,ID,Idaho,260.73,71.38,31.98,209,237.84,265.11,287.51,305.41
Reading,8,2024,IL,Illinois,261.62,69.97,33.03,208.06,236.2,264.73,289.11,309.92
Reading,8,2024,IN,Indiana,261.66,69.18,33.39,209.19,235.49,264.42,289.95,309.7
Reading,8,2024,KS,Kansas,255.49,66.26,25.13,206.14,232.29,258.8,281.1,299.47
Reading,8,2024,KY,Kentucky,258,67.24,28.61,205.76,233.23,260.77,284.85,305.92
Reading,8,2024,LA,Louisiana,256.53,65.93,27.2,205.56,231.75,259.2,283.41,303.58
Reading,8,2024,MA,Massachusetts,268.01,75.3,39.72,213.9,243.4,271.51,295.59,315.67
Reading,8,2024,MD,Maryland,258.32,66.44,33.05,198.03,230.86,262.76,289.77,310.83
Reading,8,2024,ME,Maine,255.04,65.09,26.15,202.75,230.41,258.18,282.18,301.59
Reading,8,2024,MI,Michigan,255.06,65.38,24.35,205.97,231.98,257.74,280.32,299.66
Reading,8,2024,MN,Minnesota,260.07,71.41,28,215.06,238.89,262.78,283.58,301.1
Reading,8,2024,MO,Missouri,255.28,65.32,26.48,203.57,230.75,258.93,282.5,301.76
Reading,8,2024,MS,Mississippi,253.47,63.65,22.77,205.16,230.38,255.75,278.63,298.49
Reading,8,2024,MT,Montana,260.53,69.94,31.13,210.76,236.62,263.58,286.97,306.12
Reading,8,2024,NC,North Carolina,254.9,64.67,26.92,200.19,229.8,258.31,283.09,303.52
Reading,8,2024,ND,North Dakota,257.39,68.49,24.94,211.83,235.94,260.46,280.96,298.35
Reading,8,2024,NE,Nebraska,256.13,66.56,27.48,203.95,232.34,259.8,283.44,302.51
Reading,8,2024,NH,New Hampshire,263.91,73.59,33.8,214.84,241.22,266.72,289.31,307.93
Reading,8,2024,NJ,New Jersey,265.96,72.86,38.48,208.87,239.87,269.47,295.39,316.76
Reading,8,2024,NM,New Mexico,245.06,53.81,18.54,192.58,219.39,246.85,273.17,294.44
Reading,8,2024,NP,National public,256.66,65.8,28.69,202.24,231.09,259.82,284.98,305.82
Reading,8,2024,NV,Nevada,253.29,61.8,25.98,198.28,226.75,255.61,282.15,303.67
Reading,8,2024,NY,New York,256.87,64.99,30.9,196.93,228.57,260.54,287.7,310.56
Reading,8,2024,OH,Ohio,260.42,69.43,31.53,208.79,236.16,263.09,287.89,308.64
Reading,8,2024,OK,Oklahoma,248.79,59.32,20.47,196.31,224.19,251.97,276.11,294.98
Reading,8,2024,OR,Oregon,254.83,64.82,27.02,200.1,229.89,258.78,283.21,303.02
Reading,8,2024,PA,Pennsylvania,259.15,69.04,30.83,203.81,234.87,263.04,287.01,307.16
Reading,8,2024,RI,Rhode Island,257.77,65.98,30.35,201.17,231.13,260.96,286.99,309.32
Reading,8,2024,SC,South Carolina,253.69,63.6,25.84,199.5,228.19,257.46,281.94,301.51
Reading,8,2024,SD,South Dakota,259.89,70.29,28.78,211.99,237.41,262.5,284.62,303.01
Reading,8,2024,TN,Tennessee,258.97,68.11,31.06,205.09,234.28,262.31,287.17,306.8
Reading,8,2024,TX,Texas,252.27,61.06,24.96,197.6,225.96,254.35,280.87,303
Reading,8,2024,UT,Utah,261.19,71.6,31.49,211.02,238.93,264.87,287.16,305.58
Reading,8,2024,VA,Virginia,256.26,66.1,28.97,198.31,231.08,260.18,285.29,306.86
Reading,8,2024,VT,Vermont,257.28,67.01,29.24,203.73,232.24,261.35,285.17,303.78
Reading,8,2024,WA,Washington,259.27,68.55,30.52,205.11,234.53,261.82,287.2,308.86
Reading,8,2024,WI,Wisconsin,260.09,70.08,31.1,207.95,236.95,263.88,287.08,305.87
Reading,8,2024,WV,West Virginia,247.36,57.94,20.76,192.48,221.3,251.24,276.31,296.29
Reading,8,2024,WY,Wyoming,259.97,70.24,29.36,211.24,236.86,263.24,285.05,303.33
