subject,grade,year,focal,other,gap,result
Mathematics,4,2024,AK,AL,-10.5,lower
Mathematics,4,2024,AK,AR,-4.47,lower
Mathematics,4,2024,AK,AZ,-6.55,lower
Mathematics,4,2024,AK,CA,-7.19,lower
Mathematics,4,2024,AK,CO,-13.27,lower
Mathematics,4,2024,AK,CT,-13.21,lower
Mathematics,4,2024,AK,DC,-4.77,lower
Mathematics,4,2024,AK,DE,-7.33,lower
Mathematics,4,2024,AK,DS,-24.85,lower
Mathematics,4,2024,AK,FL,-17.54,lower
Mathematics,4,2024,AK,GA,-10.25,lower
Mathematics,4,2024,AK,HI,-13.42,lower
Mathematics,4,2024,AK,IA,-11.18,lower
Mathematics,4,2024,AK,ID,-12.53,lower
Mathematics,4,2024,AK,IL,-10.22,lower
Mathematics,4,2024,AK,IN,-14.45,lower
Mathematics,4,2024,AK,KS,-11.34,lower
Mathematics,4,2024,AK,KY,-11.95,lower
Mathematics,4,2024,AK,LA,-8.69,lower
Mathematics,4,2024,AK,MA,-20.63,lower
Mathematics,4,2024,AK,MD,-8.23,lower
Mathematics,4,2024,AK,ME,-7.27,lower
Mathematics,4,2024,AK,MI,-9.36,lower
Mathematics,4,2024,AK,MN,-14.8,lower
Mathematics,4,2024,AK,MO,-9.14,lower
Mathematics,4,2024,AK,MS,-13.32,lower
Mathematics,4,2024,AK,MT,-12.6,lower
Mathematics,4,2024,AK,NC,-13,lower
Mathematics,4,2024,AK,ND,-15.42,lower
Mathematics,4,2024,AK,NE,-12.34,lower
Mathematics,4,2024,AK,NH,-15.7,lower
Mathematics,4,2024,AK,NJ,-14.28,lower
Mathematics,4,2024,AK,NM,2.01,equal
Mathematics,4,2024,AK,NP,-11.44,lower
Mathematics,4,2024,AK,NV,-7.38,lower
Mathematics,4,2024,AK,NY,-8.3,lower
Mathematics,4,2024,AK,OH,-13.56,lower
Mathematics,4,2024,AK,OK,-6.7,lower
Mathematics,4,2024,AK,OR,-2.83,equal
Mathematics,4,2024,AK,PA,-12.32,lower
Mathematics,4,2024,AK,RI,-11.43,lower
Mathematics,4,2024,AK,SC,-11.79,lower
Mathematics,4,2024,AK,SD,-14.02,lower
Mathematics,4,2024,AK,TN,-13.76,lower
Mathematics,4,2024,AK,TX,-14.65,lower
Mathematics,4,2024,AK,UT,-15.68,lower
Mathematics,4,2024,AK,VA,-12.01,lower
Mathematics,4,2024,AK,VT,-8.99,lower
Mathematics,4,2024,AK,WA,-11.73,lower
Mathematics,4,2024,AK,WI,-13.39,lower
Mathematics,4,2024,AK,WV,-5.65,lower
Mathematics,4,2024,AK,WY,-17.54,lower
Mathematics,4,2024,AL,AK,10.5,higher
Mathematics,4,2024,AL,AR,6.03,higher
Mathematics,4,2024,AL,AZ,3.94,equal
Mathematics,4,2024,AL,CA,3.31,equal
Mathematics,4,2024,AL,CO,-2.77,equal
Mathematics,4,2024,AL,CT,-2.72,equal
Mathematics,4,2024,AL,DC,5.72,higher
Mathematics,4,2024,AL,DE,3.17,equal
Mathematics,4,2024,AL,DS,-14.36,lower
Mathematics,4,2024,AL,FL,-7.05,lower
Mathematics,4,2024,AL,GA,0.25,equal
Mathematics,4,2024,AL,HI,-2.92,equal
Mathematics,4,2024,AL,IA,-0.69,equal
Mathematics,4,2024,AL,ID,-2.04,equal
Mathematics,4,2024,AL,IL,0.28,equal
Mathematics,4,2024,AL,IN,-3.95,equal
Mathematics,4,2024,AL,KS,-0.84,equal
Mathematics,4,2024,AL,KY,-1.46,equal
Mathematics,4,2024,AL,LA,1.81,equal
Mathematics,4,2024,AL,MA,-10.13,lower
Mathematics,4,2024,AL,MD,2.27,equal
Mathematics,4,2024,AL,ME,3.22,equal
Mathematics,4,2024,AL,MI,1.14,equal
Mathematics,4,2024,AL,MN,-4.3,equal
Mathematics,4,2024,AL,MO,1.35,equal
Mathematics,4,2024,AL,MS,-2.82,equal
Mathematics,4,2024,AL,MT,-2.11,equal
Mathematics,4,2024,AL,NC,-2.5,equal
Mathematics,4,2024,AL,ND,-4.92,lower
Mathematics,4,2024,AL,NE,-1.84,equal
Mathematics,4,2024,AL,NH,-5.2,lower
Mathematics,4,2024,AL,NJ,-3.78,equal
Mathematics,4,2024,AL,NM,12.51,higher
Mathematics,4,2024,AL,NP,-0.95,equal
Mathematics,4,2024,AL,NV,3.12,equal
Mathematics,4,2024,AL,NY,2.19,equal
Mathematics,4,2024,AL,OH,-3.06,equal
Mathematics,4,2024,AL,OK,3.8,equal
Mathematics,4,2024,AL,OR,7.67,higher
Mathematics,4,2024,AL,PA,-1.83,equal
Mathematics,4,2024,AL,RI,-0.93,equal
Mathematics,4,2024,AL,SC,-1.29,equal
Mathematics,4,2024,AL,SD,-3.52,equal
Mathematics,4,2024,AL,TN,-3.26,equal
Mathematics,4,2024,AL,TX,-4.16,equal
Mathematics,4,2024,AL,UT,-5.19,lower
Mathematics,4,2024,AL,VA,-1.52,equal
Mathematics,4,2024,AL,VT,1.51,equal
Mathematics,4,2024,AL,WA,-1.24,equal
Mathematics,4,2024,AL,WI,-2.9,equal
Mathematics,4,2024,AL,WV,4.84,higher
Mathematics,4,2024,AL,WY,-7.04,lower
Mathematics,4,2024,AR,AK,4.47,higher
Mathematics,4,2024,AR,AL,-6.03,lower
Mathematics,4,2024,AR,AZ,-2.08,equal
Mathematics,4,2024,AR,CA,-2.72,equal
Mathematics,4,2024,AR,CO,-8.8,lower
Mathematics,4,2024,AR,CT,-8.74,lower
Mathematics,4,2024,AR,DC,-0.3,equal
Mathematics,4,2024,AR,DE,-2.86,equal
Mathematics,4,2024,AR,DS,-20.39,lower
Mathematics,4,2024,AR,FL,-13.08,lower
Mathematics,4,2024,AR,GA,-5.78,lower
Mathematics,4,2024,AR,HI,-8.95,lower
Mathematics,4,2024,AR,IA,-6.72,lower
Mathematics,4,2024,AR,ID,-8.06,lower
Mathematics,4,2024,AR,IL,-5.75,lower
Mathematics,4,2024,AR,IN,-9.98,lower
Mathematics,4,2024,AR,KS,-6.87,lower
Mathematics,4,2024,AR,KY,-7.49,lower
Mathematics,4,2024,AR,LA,-4.22,equal
Mathematics,4,2024,AR,MA,-16.16,lower
Mathematics,4,2024,AR,MD,-3.76,equal
Mathematics,4,2024,AR,ME,-2.8,equal
Mathematics,4,2024,AR,MI,-4.89,lower
Mathematics,4,2024,AR,MN,-10.33,lower
Mathematics,4,2024,AR,MO,-4.67,lower
Mathematics,4,2024,AR,MS,-8.85,lower
Mathematics,4,2024,AR,MT,-8.14,lower
Mathematics,4,2024,AR,NC,-8.53,lower
Mathematics,4,2024,AR,ND,-10.95,lower
Mathematics,4,2024,AR,NE,-7.87,lower
Mathematics,4,2024,AR,NH,-11.23,lower
Mathematics,4,2024,AR,NJ,-9.81,lower
Mathematics,4,2024,AR,NM,6.48,higher
Mathematics,4,2024,AR,NP,-6.98,lower
Mathematics,4,2024,AR,NV,-2.91,equal
Mathematics,4,2024,AR,NY,-3.84,equal
Mathematics,4,2024,AR,OH,-9.09,lower
Mathematics,4,2024,AR,OK,-2.23,equal
Mathematics,4,2024,AR,OR,1.64,equal
Mathematics,4,2024,AR,PA,-7.85,lower
Mathematics,4,2024,AR,RI,-6.96,lower
Mathematics,4,2024,AR,SC,-7.32,lower
Mathematics,4,2024,AR,SD,-9.55,lower
Mathematics,4,2024,AR,TN,-9.29,lower
Mathematics,4,2024,AR,TX,-10.18,lower
Mathematics,4,2024,AR,UT,-11.21,lower
Mathematics,4,2024,AR,VA,-7.55,lower
Mathematics,4,2024,AR,VT,-4.52,lower
Mathematics,4,2024,AR,WA,-7.26,lower
Mathematics,4,2024,AR,WI,-8.92,lower
Mathematics,4,2024,AR,WV,-1.19,equal
Mathematics,4,2024,AR,WY,-13.07,lower
Mathematics,4,2024,AZ,AK,6.55,higher
Mathematics,4,2024,AZ,AL,-3.94,equal
Mathematics,4,2024,AZ,AR,2.08,equal
Mathematics,4,2024,AZ,CA,-0.63,equal
Mathematics,4,2024,AZ,CO,-6.72,lower
Mathematics,4,2024,AZ,CT,-6.66,lower
Mathematics,4,2024,AZ,DC,1.78,equal
Mathematics,4,2024,AZ,DE,-0.78,equal
Mathematics,4,2024,AZ,DS,-18.3,lower
Mathematics,4,2024,AZ,FL,-10.99,lower
Mathematics,4,2024,AZ,GA,-3.7,equal
Mathematics,4,2024,AZ,HI,-6.87,lower
Mathematics,4,2024,AZ,IA,-4.63,lower
Mathematics,4,2024,AZ,ID,-5.98,lower
Mathematics,4,2024,AZ,IL,-3.67,equal
Mathematics,4,2024,AZ,IN,-7.9,lower
Mathematics,4,2024,AZ,KS,-4.79,lower
Mathematics,4,2024,AZ,KY,-5.4,lower
Mathematics,4,2024,AZ,LA,-2.14,equal
Mathematics,4,2024,AZ,MA,-14.08,lower
Mathematics,4,2024,AZ,MD,-1.68,equal
Mathematics,4,2024,AZ,ME,-0.72,equal
Mathematics,4,2024,AZ,MI,-2.81,equal
Mathematics,4,2024,AZ,MN,-8.25,lower
Mathematics,4,2024,AZ,MO,-2.59,equal
Mathematics,4,2024,AZ,MS,-6.76,lower
Mathematics,4,2024,AZ,MT,-6.05,lower
Mathematics,4,2024,AZ,NC,-6.45,lower
Mathematics,4,2024,AZ,ND,-8.87,lower
Mathematics,4,2024,AZ,NE,-5.78,lower
Mathematics,4,2024,AZ,NH,-9.15,lower
Mathematics,4,2024,AZ,NJ,-7.72,lower
Mathematics,4,2024,AZ,NM,8.56,higher
Mathematics,4,2024,AZ,NP,-4.89,lower
Mathematics,4,2024,AZ,NV,-0.83,equal
Mathematics,4,2024,AZ,NY,-1.75,equal
Mathematics,4,2024,AZ,OH,-7,lower
Mathematics,4,2024,AZ,OK,-0.15,equal
Mathematics,4,2024,AZ,OR,3.72,equal
Mathematics,4,2024,AZ,PA,-5.77,lower
Mathematics,4,2024,AZ,RI,-4.88,lower
Mathematics,4,2024,AZ,SC,-5.23,lower
Mathematics,4,2024,AZ,SD,-7.47,lower
Mathematics,4,2024,AZ,TN,-7.21,lower
Mathematics,4,2024,AZ,TX,-8.1,lower
Mathematics,4,2024,AZ,UT,-9.13,lower
Mathematics,4,2024,AZ,VA,-5.46,lower
Mathematics,4,2024,AZ,VT,-2.44,equal
Mathematics,4,2024,AZ,WA,-5.18,lower
Mathematics,4,2024,AZ,WI,-6.84,lower
Mathematics,4,2024,AZ,WV,0.9,equal
Mathematics,4,2024,AZ,WY,-10.99,lower
Mathematics,4,2024,CA,AK,7.19,higher
Mathematics,4,2024,CA,AL,-3.31,equal
Mathematics,4,2024,CA,AR,2.72,equal
Mathematics,4,2024,CA,AZ,0.63,equal
Mathematics,4,2024,CA,CO,-6.09,lower
Mathematics,4,2024,CA,CT,-6.03,lower
Mathematics,4,2024,CA,DC,2.41,equal
Mathematics,4,2024,CA,DE,-0.14,equal
Mathematics,4,2024,CA,DS,-17.67,lower
Mathematics,4,2024,CA,FL,-10.36,lower
Mathematics,4,2024,CA,GA,-3.06,equal
Mathematics,4,2024,CA,HI,-6.23,lower
Mathematics,4,2024,CA,IA,-4,lower
Mathematics,4,2024,CA,ID,-5.35,lower
Mathematics,4,2024,CA,IL,-3.04,equal
Mathematics,4,2024,CA,IN,-7.26,lower
Mathematics,4,2024,CA,KS,-4.16,lower
Mathematics,4,2024,CA,KY,-4.77,lower
Mathematics,4,2024,CA,LA,-1.5,equal
Mathematics,4,2024,CA,MA,-13.44,lower
Mathematics,4,2024,CA,MD,-1.04,equal
Mathematics,4,2024,CA,ME,-0.09,equal
Mathematics,4,2024,CA,MI,-2.17,equal
Mathematics,4,2024,CA,MN,-7.62,lower
Mathematics,4,2024,CA,MO,-1.96,equal
Mathematics,4,2024,CA,MS,-6.13,lower
Mathematics,4,2024,CA,MT,-5.42,lower
Mathematics,4,2024,CA,NC,-5.82,lower
Mathematics,4,2024,CA,ND,-8.23,lower
Mathematics,4,2024,CA,NE,-5.15,lower
Mathematics,4,2024,CA,NH,-8.51,lower
Mathematics,4,2024,CA,NJ,-7.09,lower
Mathematics,4,2024,CA,NM,9.2,higher
Mathematics,4,2024,CA,NP,-4.26,lower
Mathematics,4,2024,CA,NV,-0.2,equal
Mathematics,4,2024,CA,NY,-1.12,equal
Mathematics,4,2024,CA,OH,-6.37,lower
Mathematics,4,2024,CA,OK,0.49,equal
Mathematics,4,2024,CA,OR,4.36,higher
Mathematics,4,2024,CA,PA,-5.14,lower
Mathematics,4,2024,CA,RI,-4.25,lower
Mathematics,4,2024,CA,SC,-4.6,lower
Mathematics,4,2024,CA,SD,-6.83,lower
Mathematics,4,2024,CA,TN,-6.57,lower
Mathematics,4,2024,CA,TX,-7.47,lower
Mathematics,4,2024,CA,UT,-8.5,lower
Mathematics,4,2024,CA,VA,-4.83,lower
Mathematics,4,2024,CA,VT,-1.8,equal
Mathematics,4,2024,CA,WA,-4.55,lower
Mathematics,4,2024,CA,WI,-6.21,lower
Mathematics,4,2024,CA,WV,1.53,equal
Mathematics,4,2024,CA,WY,-10.36,lower
Mathematics,4,2024,CO,AK,13.27,higher
Mathematics,4,2024,CO,AL,2.77,equal
Mathematics,4,2024,CO,AR,8.8,higher
Mathematics,4,2024,CO,AZ,6.72,higher
Mathematics,4,2024,CO,CA,6.09,higher
Mathematics,4,2024,CO,CT,0.06,equal
Mathematics,4,2024,CO,DC,8.5,higher
Mathematics,4,2024,CO,DE,5.94,higher
Mathematics,4,2024,CO,DS,-11.58,lower
Mathematics,4,2024,CO,FL,-4.27,lower
Mathematics,4,2024,CO,GA,3.02,equal
Mathematics,4,2024,CO,HI,-0.15,equal
Mathematics,4,2024,CO,IA,2.09,equal
Mathematics,4,2024,CO,ID,0.74,equal
Mathematics,4,2024,CO,IL,3.05,equal
Mathematics,4,2024,CO,IN,-1.18,equal
Mathematics,4,2024,CO,KS,1.93,equal
Mathematics,4,2024,CO,KY,1.32,equal
Mathematics,4,2024,CO,LA,4.58,higher
Mathematics,4,2024,CO,MA,-7.36,lower
Mathematics,4,2024,CO,MD,5.04,higher
Mathematics,4,2024,CO,ME,6,higher
Mathematics,4,2024,CO,MI,3.91,higher
Mathematics,4,2024,CO,MN,-1.53,equal
Mathematics,4,2024,CO,MO,4.13,higher
Mathematics,4,2024,CO,MS,-0.05,equal
Mathematics,4,2024,CO,MT,0.67,equal
Mathematics,4,2024,CO,NC,0.27,equal
Mathematics,4,2024,CO,ND,-2.15,equal
Mathematics,4,2024,CO,NE,0.93,equal
Mathematics,4,2024,CO,NH,-2.43,equal
Mathematics,4,2024,CO,NJ,-1.01,equal
Mathematics,4,2024,CO,NM,15.28,higher
Mathematics,4,2024,CO,NP,1.83,equal
Mathematics,4,2024,CO,NV,5.89,higher
Mathematics,4,2024,CO,NY,4.97,higher
Mathematics,4,2024,CO,OH,-0.28,equal
Mathematics,4,2024,CO,OK,6.57,higher
Mathematics,4,2024,CO,OR,10.44,higher
Mathematics,4,2024,CO,PA,0.95,equal
Mathematics,4,2024,CO,RI,1.84,equal
Mathematics,4,2024,CO,SC,1.48,equal
Mathematics,4,2024,CO,SD,-0.75,equal
Mathematics,4,2024,CO,TN,-0.49,equal
Mathematics,4,2024,CO,TX,-1.38,equal
Mathematics,4,2024,CO,UT,-2.41,equal
Mathematics,4,2024,CO,VA,1.26,equal
Mathematics,4,2024,CO,VT,4.28,higher
Mathematics,4,2024,CO,WA,1.54,equal
Mathematics,4,2024,CO,WI,-0.12,equal
Mathematics,4,2024,CO,WV,7.62,higher
Mathematics,4,2024,CO,WY,-4.27,lower
Mathematics,4,2024,CT,AK,13.21,higher
Mathematics,4,2024,CT,AL,2.72,equal
Mathematics,4,2024,CT,AR,8.74,higher
Mathematics,4,2024,CT,AZ,6.66,higher
Mathematics,4,2024,CT,CA,6.03,higher
Mathematics,4,2024,CT,CO,-0.06,equal
Mathematics,4,2024,CT,DC,8.44,higher
Mathematics,4,2024,CT,DE,5.88,higher
Mathematics,4,2024,CT,DS,-11.64,lower
Mathematics,4,2024,CT,FL,-4.33,lower
Mathematics,4,2024,CT,GA,2.96,equal
Mathematics,4,2024,CT,HI,-0.21,equal
Mathematics,4,2024,CT,IA,2.03,equal
Mathematics,4,2024,CT,ID,0.68,equal
Mathematics,4,2024,CT,IL,2.99,equal
Mathematics,4,2024,CT,IN,-1.23,equal
Mathematics,4,2024,CT,KS,1.87,equal
Mathematics,4,2024,CT,KY,1.26,equal
Mathematics,4,2024,CT,LA,4.52,higher
Mathematics,4,2024,CT,MA,-7.42,lower
Mathematics,4,2024,CT,MD,4.99,higher
Mathematics,4,2024,CT,ME,5.94,higher
Mathematics,4,2024,CT,MI,3.85,equal
Mathematics,4,2024,CT,MN,-1.59,equal
Mathematics,4,2024,CT,MO,4.07,higher
Mathematics,4,2024,CT,MS,-0.1,equal
Mathematics,4,2024,CT,MT,0.61,equal
Mathematics,4,2024,CT,NC,0.21,equal
Mathematics,4,2024,CT,ND,-2.21,equal
Mathematics,4,2024,CT,NE,0.88,equal
Mathematics,4,2024,CT,NH,-2.49,equal
Mathematics,4,2024,CT,NJ,-1.06,equal
Mathematics,4,2024,CT,NM,15.23,higher
Mathematics,4,2024,CT,NP,1.77,equal
Mathematics,4,2024,CT,NV,5.83,higher
Mathematics,4,2024,CT,NY,4.91,higher
Mathematics,4,2024,CT,OH,-0.34,equal
Mathematics,4,2024,CT,OK,6.51,higher
Mathematics,4,2024,CT,OR,10.38,higher
Mathematics,4,2024,CT,PA,0.89,equal
Mathematics,4,2024,CT,RI,1.78,equal
Mathematics,4,2024,CT,SC,1.43,equal
Mathematics,4,2024,CT,SD,-0.81,equal
Mathematics,4,2024,CT,TN,-0.55,equal
Mathematics,4,2024,CT,TX,-1.44,equal
Mathematics,4,2024,CT,UT,-2.47,equal
Mathematics,4,2024,CT,VA,1.2,equal
Mathematics,4,2024,CT,VT,4.22,higher
Mathematics,4,2024,CT,WA,1.48,equal
Mathematics,4,2024,CT,WI,-0.18,equal
Mathematics,4,2024,CT,WV,7.56,higher
Mathematics,4,2024,CT,WY,-4.33,lower
Mathematics,4,2024,DC,AK,4.77,higher
Mathematics,4,2024,DC,AL,-5.72,lower
Mathematics,4,2024,DC,AR,0.3,equal
Mathematics,4,2024,DC,AZ,-1.78,equal
Mathematics,4,2024,DC,CA,-2.41,equal
Mathematics,4,2024,DC,CO,-8.5,lower
Mathematics,4,2024,DC,CT,-8.44,lower
Mathematics,4,2024,DC,DE,-2.56,equal
Mathematics,4,2024,DC,DS,-20.08,lower
Mathematics,4,2024,DC,FL,-12.77,lower
Mathematics,4,2024,DC,GA,-5.48,lower
Mathematics,4,2024,DC,HI,-8.65,lower
Mathematics,4,2024,DC,IA,-6.41,lower
Mathematics,4,2024,DC,ID,-7.76,lower
Mathematics,4,2024,DC,IL,-5.45,lower
Mathematics,4,2024,DC,IN,-9.67,lower
Mathematics,4,2024,DC,KS,-6.57,lower
Mathematics,4,2024,DC,KY,-7.18,lower
Mathematics,4,2024,DC,LA,-3.91,equal
Mathematics,4,2024,DC,MA,-15.85,lower
Mathematics,4,2024,DC,MD,-3.45,equal
Mathematics,4,2024,DC,ME,-2.5,equal
Mathematics,4,2024,DC,MI,-4.59,lower
Mathematics,4,2024,DC,MN,-10.03,lower
Mathematics,4,2024,DC,MO,-4.37,lower
Mathematics,4,2024,DC,MS,-8.54,lower
Mathematics,4,2024,DC,MT,-7.83,lower
Mathematics,4,2024,DC,NC,-8.23,lower
Mathematics,4,2024,DC,ND,-10.65,lower
Mathematics,4,2024,DC,NE,-7.56,lower
Mathematics,4,2024,DC,NH,-10.93,lower
Mathematics,4,2024,DC,NJ,-9.5,lower
Mathematics,4,2024,DC,NM,6.79,higher
Mathematics,4,2024,DC,NP,-6.67,lower
Mathematics,4,2024,DC,NV,-2.61,equal
Mathematics,4,2024,DC,NY,-3.53,equal
Mathematics,4,2024,DC,OH,-8.78,lower
Mathematics,4,2024,DC,OK,-1.93,equal
Mathematics,4,2024,DC,OR,1.94,equal
Mathematics,4,2024,DC,PA,-7.55,lower
Mathematics,4,2024,DC,RI,-6.66,lower
Mathematics,4,2024,DC,SC,-7.01,lower
Mathematics,4,2024,DC,SD,-9.25,lower
Mathematics,4,2024,DC,TN,-8.98,lower
Mathematics,4,2024,DC,TX,-9.88,lower
Mathematics,4,2024,DC,UT,-10.91,lower
Mathematics,4,2024,DC,VA,-7.24,lower
Mathematics,4,2024,DC,VT,-4.21,lower
Mathematics,4,2024,DC,WA,-6.96,lower
Mathematics,4,2024,DC,WI,-8.62,lower
Mathematics,4,2024,DC,WV,-0.88,equal
Mathematics,4,2024,DC,WY,-12.77,lower
Mathematics,4,2024,DE,AK,7.33,higher
Mathematics,4,2024,DE,AL,-3.17,equal
Mathematics,4,2024,DE,AR,2.86,equal
Mathematics,4,2024,DE,AZ,0.78,equal
Mathematics,4,2024,DE,CA,0.14,equal
Mathematics,4,2024,DE,CO,-5.94,lower
Mathematics,4,2024,DE,CT,-5.88,lower
Mathematics,4,2024,DE,DC,2.56,equal
Mathematics,4,2024,DE,DS,-17.53,lower
Mathematics,4,2024,DE,FL,-10.21,lower
Mathematics,4,2024,DE,GA,-2.92,equal
Mathematics,4,2024,DE,HI,-6.09,lower
Mathematics,4,2024,DE,IA,-3.86,lower
Mathematics,4,2024,DE,ID,-5.2,lower
Mathematics,4,2024,DE,IL,-2.89,equal
Mathematics,4,2024,DE,IN,-7.12,lower
Mathematics,4,2024,DE,KS,-4.01,lower
Mathematics,4,2024,DE,KY,-4.63,lower
Mathematics,4,2024,DE,LA,-1.36,equal
Mathematics,4,2024,DE,MA,-13.3,lower
Mathematics,4,2024,DE,MD,-0.9,equal
Mathematics,4,2024,DE,ME,0.06,equal
Mathematics,4,2024,DE,MI,-2.03,equal
Mathematics,4,2024,DE,MN,-7.47,lower
Mathematics,4,2024,DE,MO,-1.81,equal
Mathematics,4,2024,DE,MS,-5.99,lower
Mathematics,4,2024,DE,MT,-5.28,lower
Mathematics,4,2024,DE,NC,-5.67,lower
Mathematics,4,2024,DE,ND,-8.09,lower
Mathematics,4,2024,DE,NE,-5.01,lower
Mathematics,4,2024,DE,NH,-8.37,lower
Mathematics,4,2024,DE,NJ,-6.95,lower
Mathematics,4,2024,DE,NM,9.34,higher
Mathematics,4,2024,DE,NP,-4.12,lower
Mathematics,4,2024,DE,NV,-0.05,equal
Mathematics,4,2024,DE,NY,-0.98,equal
Mathematics,4,2024,DE,OH,-6.23,lower
Mathematics,4,2024,DE,OK,0.63,equal
Mathematics,4,2024,DE,OR,4.5,higher
Mathematics,4,2024,DE,PA,-4.99,lower
Mathematics,4,2024,DE,RI,-4.1,lower
Mathematics,4,2024,DE,SC,-4.46,lower
Mathematics,4,2024,DE,SD,-6.69,lower
Mathematics,4,2024,DE,TN,-6.43,lower
Mathematics,4,2024,DE,TX,-7.32,lower
Mathematics,4,2024,DE,UT,-8.35,lower
Mathematics,4,2024,DE,VA,-4.69,lower
Mathematics,4,2024,DE,VT,-1.66,equal
Mathematics,4,2024,DE,WA,-4.4,lower
Mathematics,4,2024,DE,WI,-6.06,lower
Mathematics,4,2024,DE,WV,1.67,equal
Mathematics,4,2024,DE,WY,-10.21,lower
Mathematics,4,2024,DS,AK,24.85,higher
Mathematics,4,2024,DS,AL,14.36,higher
Mathematics,4,2024,DS,AR,20.39,higher
Mathematics,4,2024,DS,AZ,18.3,higher
Mathematics,4,2024,DS,CA,17.67,higher
Mathematics,4,2024,DS,CO,11.58,higher
Mathematics,4,2024,DS,CT,11.64,higher
Mathematics,4,2024,DS,DC,20.08,higher
Mathematics,4,2024,DS,DE,17.53,higher
Mathematics,4,2024,DS,FL,7.31,higher
Mathematics,4,2024,DS,GA,14.6,higher
Mathematics,4,2024,DS,HI,11.43,higher
Mathematics,4,2024,DS,IA,13.67,higher
Mathematics,4,2024,DS,ID,12.32,higher
Mathematics,4,2024,DS,IL,14.63,higher
Mathematics,4,2024,DS,IN,10.41,higher
Mathematics,4,2024,DS,KS,13.51,higher
Mathematics,4,2024,DS,KY,12.9,higher
Mathematics,4,2024,DS,LA,16.17,higher
Mathematics,4,2024,DS,MA,4.23,higher
Mathematics,4,2024,DS,MD,16.63,higher
Mathematics,4,2024,DS,ME,17.58,higher
Mathematics,4,2024,DS,MI,15.49,higher
Mathematics,4,2024,DS,MN,10.05,higher
Mathematics,4,2024,DS,MO,15.71,higher
Mathematics,4,2024,DS,MS,11.54,higher
Mathematics,4,2024,DS,MT,12.25,higher
Mathematics,4,2024,DS,NC,11.85,higher
Mathematics,4,2024,DS,ND,9.44,higher
Mathematics,4,2024,DS,NE,12.52,higher
Mathematics,4,2024,DS,NH,9.16,higher
Mathematics,4,2024,DS,NJ,10.58,higher
Mathematics,4,2024,DS,NM,26.87,higher
Mathematics,4,2024,DS,NP,13.41,higher
Mathematics,4,2024,DS,NV,17.47,higher
Mathematics,4,2024,DS,NY,16.55,higher
Mathematics,4,2024,DS,OH,11.3,higher
Mathematics,4,2024,DS,OK,18.15,higher
Mathematics,4,2024,DS,OR,22.02,higher
Mathematics,4,2024,DS,PA,12.53,higher
Mathematics,4,2024,DS,RI,13.42,higher
Mathematics,4,2024,DS,SC,13.07,higher
Mathematics,4,2024,DS,SD,10.84,higher
Mathematics,4,2024,DS,TN,11.1,higher
Mathematics,4,2024,DS,TX,10.2,higher
Mathematics,4,2024,DS,UT,9.17,higher
Mathematics,4,2024,DS,VA,12.84,higher
Mathematics,4,2024,DS,VT,15.87,higher
Mathematics,4,2024,DS,WA,13.12,higher
Mathematics,4,2024,DS,WI,11.46,higher
Mathematics,4,2024,DS,WV,19.2,higher
Mathematics,4,2024,DS,WY,7.31,higher
Mathematics,4,2024,FL,AK,17.54,higher
Mathematics,4,2024,FL,AL,7.05,higher
Mathematics,4,2024,FL,AR,13.08,higher
Mathematics,4,2024,FL,AZ,10.99,higher
Mathematics,4,2024,FL,CA,10.36,higher
Mathematics,4,2024,FL,CO,4.27,higher
Mathematics,4,2024,FL,CT,4.33,higher
Mathematics,4,2024,FL,DC,12.77,higher
Mathematics,4,2024,FL,DE,10.21,higher
Mathematics,4,2024,FL,DS,-7.31,lower
Mathematics,4,2024,FL,GA,7.29,higher
Mathematics,4,2024,FL,HI,4.12,higher
Mathematics,4,2024,FL,IA,6.36,higher
Mathematics,4,2024,FL,ID,5.01,higher
Mathematics,4,2024,FL,IL,7.32,higher
Mathematics,4,2024,FL,IN,3.1,equal
Mathematics,4,2024,FL,KS,6.2,higher
Mathematics,4,2024,FL,KY,5.59,higher
Mathematics,4,2024,FL,LA,8.86,higher
Mathematics,4,2024,FL,MA,-3.08,equal
Mathematics,4,2024,FL,MD,9.32,higher
Mathematics,4,2024,FL,ME,10.27,higher
Mathematics,4,2024,FL,MI,8.18,higher
Mathematics,4,2024,FL,MN,2.74,equal
Mathematics,4,2024,FL,MO,8.4,higher
Mathematics,4,2024,FL,MS,4.23,higher
Mathematics,4,2024,FL,MT,4.94,higher
Mathematics,4,2024,FL,NC,4.54,higher
Mathematics,4,2024,FL,ND,2.13,equal
Mathematics,4,2024,FL,NE,5.21,higher
Mathematics,4,2024,FL,NH,1.85,equal
Mathematics,4,2024,FL,NJ,3.27,equal
Mathematics,4,2024,FL,NM,19.56,higher
Mathematics,4,2024,FL,NP,6.1,higher
Mathematics,4,2024,FL,NV,10.16,higher
Mathematics,4,2024,FL,NY,9.24,higher
Mathematics,4,2024,FL,OH,3.99,equal
Mathematics,4,2024,FL,OK,10.84,higher
Mathematics,4,2024,FL,OR,14.71,higher
Mathematics,4,2024,FL,PA,5.22,higher
Mathematics,4,2024,FL,RI,6.11,higher
Mathematics,4,2024,FL,SC,5.76,higher
Mathematics,4,2024,FL,SD,3.52,equal
Mathematics,4,2024,FL,TN,3.79,higher
Mathematics,4,2024,FL,TX,2.89,equal
Mathematics,4,2024,FL,UT,1.86,equal
Mathematics,4,2024,FL,VA,5.53,higher
Mathematics,4,2024,FL,VT,8.56,higher
Mathematics,4,2024,FL,WA,5.81,higher
Mathematics,4,2024,FL,WI,4.15,higher
Mathematics,4,2024,FL,WV,11.89,higher
Mathematics,4,2024,FL,WY,0,equal
Mathematics,4,2024,GA,AK,10.25,higher
Mathematics,4,2024,GA,AL,-0.25,equal
Mathematics,4,2024,GA,AR,5.78,higher
Mathematics,4,2024,GA,AZ,3.7,equal
Mathematics,4,2024,GA,CA,3.06,equal
Mathematics,4,2024,GA,CO,-3.02,equal
Mathematics,4,2024,GA,CT,-2.96,equal
Mathematics,4,2024,GA,DC,5.48,higher
Mathematics,4,2024,GA,DE,2.92,equal
Mathematics,4,2024,GA,DS,-14.6,lower
Mathematics,4,2024,GA,FL,-7.29,lower
Mathematics,4,2024,GA,HI,-3.17,equal
Mathematics,4,2024,GA,IA,-0.93,equal
Mathematics,4,2024,GA,ID,-2.28,equal
Mathematics,4,2024,GA,IL,0.03,equal
Mathematics,4,2024,GA,IN,-4.2,equal
Mathematics,4,2024,GA,KS,-1.09,equal
Mathematics,4,2024,GA,KY,-1.7,equal
Mathematics,4,2024,GA,LA,1.56,equal
Mathematics,4,2024,GA,MA,-10.38,lower
Mathematics,4,2024,GA,MD,2.02,equal
Mathematics,4,2024,GA,ME,2.98,equal
Mathematics,4,2024,GA,MI,0.89,equal
Mathematics,4,2024,GA,MN,-4.55,lower
Mathematics,4,2024,GA,MO,1.11,equal
Mathematics,4,2024,GA,MS,-3.07,equal
Mathematics,4,2024,GA,MT,-2.35,equal
Mathematics,4,2024,GA,NC,-2.75,equal
Mathematics,4,2024,GA,ND,-5.17,lower
Mathematics,4,2024,GA,NE,-2.09,equal
Mathematics,4,2024,GA,NH,-5.45,lower
Mathematics,4,2024,GA,NJ,-4.03,equal
Mathematics,4,2024,GA,NM,12.26,higher
Mathematics,4,2024,GA,NP,-1.19,equal
Mathematics,4,2024,GA,NV,2.87,equal
Mathematics,4,2024,GA,NY,1.95,equal
Mathematics,4,2024,GA,OH,-3.31,equal
Mathematics,4,2024,GA,OK,3.55,equal
Mathematics,4,2024,GA,OR,7.42,higher
Mathematics,4,2024,GA,PA,-2.07,equal
Mathematics,4,2024,GA,RI,-1.18,equal
Mathematics,4,2024,GA,SC,-1.54,equal
Mathematics,4,2024,GA,SD,-3.77,equal
Mathematics,4,2024,GA,TN,-3.51,equal
Mathematics,4,2024,GA,TX,-4.4,lower
Mathematics,4,2024,GA,UT,-5.43,lower
Mathematics,4,2024,GA,VA,-1.76,equal
Mathematics,4,2024,GA,VT,1.26,equal
Mathematics,4,2024,GA,WA,-1.48,equal
Mathematics,4,2024,GA,WI,-3.14,equal
Mathematics,4,2024,GA,WV,4.6,higher
Mathematics,4,2024,GA,WY,-7.29,lower
Mathematics,4,2024,HI,AK,13.42,higher
Mathematics,4,2024,HI,AL,2.92,equal
Mathematics,4,2024,HI,AR,8.95,higher
Mathematics,4,2024,HI,AZ,6.87,higher
Mathematics,4,2024,HI,CA,6.23,higher
Mathematics,4,2024,HI,CO,0.15,equal
Mathematics,4,2024,HI,CT,0.21,equal
Mathematics,4,2024,HI,DC,8.65,higher
Mathematics,4,2024,HI,DE,6.09,higher
Mathematics,4,2024,HI,DS,-11.43,lower
Mathematics,4,2024,HI,FL,-4.12,lower
Mathematics,4,2024,HI,GA,3.17,equal
Mathematics,4,2024,HI,IA,2.24,equal
Mathematics,4,2024,HI,ID,0.89,equal
Mathematics,4,2024,HI,IL,3.2,equal
Mathematics,4,2024,HI,IN,-1.03,equal
Mathematics,4,2024,HI,KS,2.08,equal
Mathematics,4,2024,HI,KY,1.47,equal
Mathematics,4,2024,HI,LA,4.73,higher
Mathematics,4,2024,HI,MA,-7.21,lower
Mathematics,4,2024,HI,MD,5.19,higher
Mathematics,4,2024,HI,ME,6.15,higher
Mathematics,4,2024,HI,MI,4.06,higher
Mathematics,4,2024,HI,MN,-1.38,equal
Mathematics,4,2024,HI,MO,4.28,higher
Mathematics,4,2024,HI,MS,0.1,equal
Mathematics,4,2024,HI,MT,0.81,equal
Mathematics,4,2024,HI,NC,0.42,equal
Mathematics,4,2024,HI,ND,-2,equal
Mathematics,4,2024,HI,NE,1.08,equal
Mathematics,4,2024,HI,NH,-2.28,equal
Mathematics,4,2024,HI,NJ,-0.86,equal
Mathematics,4,2024,HI,NM,15.43,higher
Mathematics,4,2024,HI,NP,1.98,equal
Mathematics,4,2024,HI,NV,6.04,higher
Mathematics,4,2024,HI,NY,5.11,higher
Mathematics,4,2024,HI,OH,-0.14,equal
Mathematics,4,2024,HI,OK,6.72,higher
Mathematics,4,2024,HI,OR,10.59,higher
Mathematics,4,2024,HI,PA,1.1,equal
Mathematics,4,2024,HI,RI,1.99,equal
Mathematics,4,2024,HI,SC,1.63,equal
Mathematics,4,2024,HI,SD,-0.6,equal
Mathematics,4,2024,HI,TN,-0.34,equal
Mathematics,4,2024,HI,TX,-1.23,equal
Mathematics,4,2024,HI,UT,-2.26,equal
Mathematics,4,2024,HI,VA,1.41,equal
Mathematics,4,2024,HI,VT,4.43,higher
Mathematics,4,2024,HI,WA,1.69,equal
Mathematics,4,2024,HI,WI,0.03,equal
Mathematics,4,2024,HI,WV,7.77,higher
Mathematics,4,2024,HI,WY,-4.12,lower
Mathematics,4,2024,IA,AK,11.18,higher
Mathematics,4,2024,IA,AL,0.69,equal
Mathematics,4,2024,IA,AR,6.72,higher
Mathematics,4,2024,IA,AZ,4.63,higher
Mathematics,4,2024,IA,CA,4,higher
Mathematics,4,2024,IA,CO,-2.09,equal
Mathematics,4,2024,IA,CT,-2.03,equal
Mathematics,4,2024,IA,DC,6.41,higher
Mathematics,4,2024,IA,DE,3.86,higher
Mathematics,4,2024,IA,DS,-13.67,lower
Mathematics,4,2024,IA,FL,-6.36,lower
Mathematics,4,2024,IA,GA,0.93,equal
Mathematics,4,2024,IA,HI,-2.24,equal
Mathematics,4,2024,IA,ID,-1.35,equal
Mathematics,4,2024,IA,IL,0.96,equal
Mathematics,4,2024,IA,IN,-3.26,equal
Mathematics,4,2024,IA,KS,-0.16,equal
Mathematics,4,2024,IA,KY,-0.77,equal
Mathematics,4,2024,IA,LA,2.5,equal
Mathematics,4,2024,IA,MA,-9.44,lower
Mathematics,4,2024,IA,MD,2.96,equal
Mathematics,4,2024,IA,ME,3.91,higher
Mathematics,4,2024,IA,MI,1.83,equal
Mathematics,4,2024,IA,MN,-3.62,equal
Mathematics,4,2024,IA,MO,2.04,equal
Mathematics,4,2024,IA,MS,-2.13,equal
Mathematics,4,2024,IA,MT,-1.42,equal
Mathematics,4,2024,IA,NC,-1.82,equal
Mathematics,4,2024,IA,ND,-4.23,lower
Mathematics,4,2024,IA,NE,-1.15,equal
Mathematics,4,2024,IA,NH,-4.51,lower
Mathematics,4,2024,IA,NJ,-3.09,equal
Mathematics,4,2024,IA,NM,13.2,higher
Mathematics,4,2024,IA,NP,-0.26,equal
Mathematics,4,2024,IA,NV,3.8,equal
Mathematics,4,2024,IA,NY,2.88,equal
Mathematics,4,2024,IA,OH,-2.37,equal
Mathematics,4,2024,IA,OK,4.49,higher
Mathematics,4,2024,IA,OR,8.35,higher
Mathematics,4,2024,IA,PA,-1.14,equal
Mathematics,4,2024,IA,RI,-0.25,equal
Mathematics,4,2024,IA,SC,-0.6,equal
Mathematics,4,2024,IA,SD,-2.83,equal
Mathematics,4,2024,IA,TN,-2.57,equal
Mathematics,4,2024,IA,TX,-3.47,equal
Mathematics,4,2024,IA,UT,-4.5,lower
Mathematics,4,2024,IA,VA,-0.83,equal
Mathematics,4,2024,IA,VT,2.2,equal
Mathematics,4,2024,IA,WA,-0.55,equal
Mathematics,4,2024,IA,WI,-2.21,equal
Mathematics,4,2024,IA,WV,5.53,higher
Mathematics,4,2024,IA,WY,-6.36,lower
Mathematics,4,2024,ID,AK,12.53,higher
Mathematics,4,2024,ID,AL,2.04,equal
Mathematics,4,2024,ID,AR,8.06,higher
Mathematics,4,2024,ID,AZ,5.98,higher
Mathematics,4,2024,ID,CA,5.35,higher
Mathematics,4,2024,ID,CO,-0.74,equal
Mathematics,4,2024,ID,CT,-0.68,equal
Mathematics,4,2024,ID,DC,7.76,higher
Mathematics,4,2024,ID,DE,5.2,higher
Mathematics,4,2024,ID,DS,-12.32,lower
Mathematics,4,2024,ID,FL,-5.01,lower
Mathematics,4,2024,ID,GA,2.28,equal
Mathematics,4,2024,ID,HI,-0.89,equal
Mathematics,4,2024,ID,IA,1.35,equal
Mathematics,4,2024,ID,IL,2.31,equal
Mathematics,4,2024,ID,IN,-1.91,equal
Mathematics,4,2024,ID,KS,1.19,equal
Mathematics,4,2024,ID,KY,0.58,equal
Mathematics,4,2024,ID,LA,3.85,equal
Mathematics,4,2024,ID,MA,-8.09,lower
Mathematics,4,2024,ID,MD,4.31,higher
Mathematics,4,2024,ID,ME,5.26,higher
Mathematics,4,2024,ID,MI,3.17,equal
Mathematics,4,2024,ID,MN,-2.27,equal
Mathematics,4,2024,ID,MO,3.39,equal
Mathematics,4,2024,ID,MS,-0.78,equal
Mathematics,4,2024,ID,MT,-0.07,equal
Mathematics,4,2024,ID,NC,-0.47,equal
Mathematics,4,2024,ID,ND,-2.89,equal
Mathematics,4,2024,ID,NE,0.2,equal
Mathematics,4,2024,ID,NH,-3.17,equal
Mathematics,4,2024,ID,NJ,-1.74,equal
Mathematics,4,2024,ID,NM,14.55,higher
Mathematics,4,2024,ID,NP,1.09,equal
Mathematics,4,2024,ID,NV,5.15,higher
Mathematics,4,2024,ID,NY,4.23,equal
Mathematics,4,2024,ID,OH,-1.02,equal
Mathematics,4,2024,ID,OK,5.83,higher
Mathematics,4,2024,ID,OR,9.7,higher
Mathematics,4,2024,ID,PA,0.21,equal
Mathematics,4,2024,ID,RI,1.1,equal
Mathematics,4,2024,ID,SC,0.75,equal
Mathematics,4,2024,ID,SD,-1.49,equal
Mathematics,4,2024,ID,TN,-1.22,equal
Mathematics,4,2024,ID,TX,-2.12,equal
Mathematics,4,2024,ID,UT,-3.15,equal
Mathematics,4,2024,ID,VA,0.52,equal
Mathematics,4,2024,ID,VT,3.55,higher
Mathematics,4,2024,ID,WA,0.8,equal
Mathematics,4,2024,ID,WI,-0.86,equal
Mathematics,4,2024,ID,WV,6.88,higher
Mathematics,4,2024,ID,WY,-5.01,lower
Mathematics,4,2024,IL,AK,10.22,higher
Mathematics,4,2024,IL,AL,-0.28,equal
Mathematics,4,2024,IL,AR,5.75,higher
Mathematics,4,2024,IL,AZ,3.67,equal
Mathematics,4,2024,IL,CA,3.04,equal
Mathematics,4,2024,IL,CO,-3.05,equal
Mathematics,4,2024,IL,CT,-2.99,equal
Mathematics,4,2024,IL,DC,5.45,higher
Mathematics,4,2024,IL,DE,2.89,equal
Mathematics,4,2024,IL,DS,-14.63,lower
Mathematics,4,2024,IL,FL,-7.32,lower
Mathematics,4,2024,IL,GA,-0.03,equal
Mathematics,4,2024,IL,HI,-3.2,equal
Mathematics,4,2024,IL,IA,-0.96,equal
Mathematics,4,2024,IL,ID,-2.31,equal
Mathematics,4,2024,IL,IN,-4.23,equal
Mathematics,4,2024,IL,KS,-1.12,equal
Mathematics,4,2024,IL,KY,-1.73,equal
Mathematics,4,2024,IL,LA,1.53,equal
Mathematics,4,2024,IL,MA,-10.41,lower
Mathematics,4,2024,IL,MD,1.99,equal
Mathematics,4,2024,IL,ME,2.95,equal
Mathematics,4,2024,IL,MI,0.86,equal
Mathematics,4,2024,IL,MN,-4.58,lower
Mathematics,4,2024,IL,MO,1.08,equal
Mathematics,4,2024,IL,MS,-3.1,equal
Mathematics,4,2024,IL,MT,-2.38,equal
Mathematics,4,2024,IL,NC,-2.78,equal
Mathematics,4,2024,IL,ND,-5.2,lower
Mathematics,4,2024,IL,NE,-2.12,equal
Mathematics,4,2024,IL,NH,-5.48,lower
Mathematics,4,2024,IL,NJ,-4.06,equal
Mathematics,4,2024,IL,NM,12.23,higher
Mathematics,4,2024,IL,NP,-1.22,equal
Mathematics,4,2024,IL,NV,2.84,equal
Mathematics,4,2024,IL,NY,1.92,equal
Mathematics,4,2024,IL,OH,-3.33,equal
Mathematics,4,2024,IL,OK,3.52,equal
Mathematics,4,2024,IL,OR,7.39,higher
Mathematics,4,2024,IL,PA,-2.1,equal
Mathematics,4,2024,IL,RI,-1.21,equal
Mathematics,4,2024,IL,SC,-1.57,equal
Mathematics,4,2024,IL,SD,-3.8,equal
Mathematics,4,2024,IL,TN,-3.54,equal
Mathematics,4,2024,IL,TX,-4.43,lower
Mathematics,4,2024,IL,UT,-5.46,lower
Mathematics,4,2024,IL,VA,-1.79,equal
Mathematics,4,2024,IL,VT,1.23,equal
Mathematics,4,2024,IL,WA,-1.51,equal
Mathematics,4,2024,IL,WI,-3.17,equal
Mathematics,4,2024,IL,WV,4.57,higher
Mathematics,4,2024,IL,WY,-7.32,lower
Mathematics,4,2024,IN,AK,14.45,higher
Mathematics,4,2024,IN,AL,3.95,equal
Mathematics,4,2024,IN,AR,9.98,higher
Mathematics,4,2024,IN,AZ,7.9,higher
Mathematics,4,2024,IN,CA,7.26,higher
Mathematics,4,2024,IN,CO,1.18,equal
Mathematics,4,2024,IN,CT,1.23,equal
Mathematics,4,2024,IN,DC,9.67,higher
Mathematics,4,2024,IN,DE,7.12,higher
Mathematics,4,2024,IN,DS,-10.41,lower
Mathematics,4,2024,IN,FL,-3.1,equal
Mathematics,4,2024,IN,GA,4.2,equal
Mathematics,4,2024,IN,HI,1.03,equal
Mathematics,4,2024,IN,IA,3.26,equal
Mathematics,4,2024,IN,ID,1.91,equal
Mathematics,4,2024,IN,IL,4.23,equal
Mathematics,4,2024,IN,KS,3.11,equal
Mathematics,4,2024,IN,KY,2.49,equal
Mathematics,4,2024,IN,LA,5.76,higher
Mathematics,4,2024,IN,MA,-6.18,lower
Mathematics,4,2024,IN,MD,6.22,higher
Mathematics,4,2024,IN,ME,7.17,higher
Mathematics,4,2024,IN,MI,5.09,higher
Mathematics,4,2024,IN,MN,-0.35,equal
Mathematics,4,2024,IN,MO,5.3,higher
Mathematics,4,2024,IN,MS,1.13,equal
Mathematics,4,2024,IN,MT,1.84,equal
Mathematics,4,2024,IN,NC,1.45,equal
Mathematics,4,2024,IN,ND,-0.97,equal
Mathematics,4,2024,IN,NE,2.11,equal
Mathematics,4,2024,IN,NH,-1.25,equal
Mathematics,4,2024,IN,NJ,0.17,equal
Mathematics,4,2024,IN,NM,16.46,higher
Mathematics,4,2024,IN,NP,3,equal
Mathematics,4,2024,IN,NV,7.07,higher
Mathematics,4,2024,IN,NY,6.14,higher
Mathematics,4,2024,IN,OH,0.89,equal
Mathematics,4,2024,IN,OK,7.75,higher
Mathematics,4,2024,IN,OR,11.62,higher
Mathematics,4,2024,IN,PA,2.12,equal
Mathematics,4,2024,IN,RI,3.02,equal
Mathematics,4,2024,IN,SC,2.66,equal
Mathematics,4,2024,IN,SD,0.43,equal
Mathematics,4,2024,IN,TN,0.69,equal
Mathematics,4,2024,IN,TX,-0.2,equal
Mathematics,4,2024,IN,UT,-1.24,equal
Mathematics,4,2024,IN,VA,2.43,equal
Mathematics,4,2024,IN,VT,5.46,higher
Mathematics,4,2024,IN,WA,2.72,equal
Mathematics,4,2024,IN,WI,1.06,equal
Mathematics,4,2024,IN,WV,8.79,higher
Mathematics,4,2024,IN,WY,-3.09,equal
Mathematics,4,2024,KS,AK,11.34,higher
Mathematics,4,2024,KS,AL,0.84,equal
Mathematics,4,2024,KS,AR,6.87,higher
Mathematics,4,2024,KS,AZ,4.79,higher
Mathematics,4,2024,KS,CA,4.16,higher
Mathematics,4,2024,KS,CO,-1.93,equal
Mathematics,4,2024,KS,CT,-1.87,equal
Mathematics,4,2024,KS,DC,6.57,higher
Mathematics,4,2024,KS,DE,4.01,higher
Mathematics,4,2024,KS,DS,-13.51,lower
Mathematics,4,2024,KS,FL,-6.2,lower
Mathematics,4,2024,KS,GA,1.09,equal
Mathematics,4,2024,KS,HI,-2.08,equal
Mathematics,4,2024,KS,IA,0.16,equal
Mathematics,4,2024,KS,ID,-1.19,equal
Mathematics,4,2024,KS,IL,1.12,equal
Mathematics,4,2024,KS,IN,-3.11,equal
Mathematics,4,2024,KS,KY,-0.61,equal
Mathematics,4,2024,KS,LA,2.65,equal
Mathematics,4,2024,KS,MA,-9.29,lower
Mathematics,4,2024,KS,MD,3.11,equal
Mathematics,4,2024,KS,ME,4.07,higher
Mathematics,4,2024,KS,MI,1.98,equal
Mathematics,4,2024,KS,MN,-3.46,equal
Mathematics,4,2024,KS,MO,2.2,equal
Mathematics,4,2024,KS,MS,-1.98,equal
Mathematics,4,2024,KS,MT,-1.26,equal
Mathematics,4,2024,KS,NC,-1.66,equal
Mathematics,4,2024,KS,ND,-4.08,lower
Mathematics,4,2024,KS,NE,-1,equal
Mathematics,4,2024,KS,NH,-4.36,lower
Mathematics,4,2024,KS,NJ,-2.93,equal
Mathematics,4,2024,KS,NM,13.35,higher
Mathematics,4,2024,KS,NP,-0.1,equal
Mathematics,4,2024,KS,NV,3.96,equal
Mathematics,4,2024,KS,NY,3.04,equal
Mathematics,4,2024,KS,OH,-2.21,equal
Mathematics,4,2024,KS,OK,4.64,higher
Mathematics,4,2024,KS,OR,8.51,higher
Mathematics,4,2024,KS,PA,-0.98,equal
Mathematics,4,2024,KS,RI,-0.09,equal
Mathematics,4,2024,KS,SC,-0.45,equal
Mathematics,4,2024,KS,SD,-2.68,equal
Mathematics,4,2024,KS,TN,-2.42,equal
Mathematics,4,2024,KS,TX,-3.31,equal
Mathematics,4,2024,KS,UT,-4.34,lower
Mathematics,4,2024,KS,VA,-0.67,equal
Mathematics,4,2024,KS,VT,2.35,equal
Mathematics,4,2024,KS,WA,-0.39,equal
Mathematics,4,2024,KS,WI,-2.05,equal
Mathematics,4,2024,KS,WV,5.69,higher
Mathematics,4,2024,KS,WY,-6.2,lower
Mathematics,4,2024,KY,AK,11.95,higher
Mathematics,4,2024,KY,AL,1.46,equal
Mathematics,4,2024,KY,AR,7.49,higher
Mathematics,4,2024,KY,AZ,5.4,higher
Mathematics,4,2024,KY,CA,4.77,higher
Mathematics,4,2024,KY,CO,-1.32,equal
Mathematics,4,2024,KY,CT,-1.26,equal
Mathematics,4,2024,KY,DC,7.18,higher
Mathematics,4,2024,KY,DE,4.63,higher
Mathematics,4,2024,KY,DS,-12.9,lower
Mathematics,4,2024,KY,FL,-5.59,lower
Mathematics,4,2024,KY,GA,1.7,equal
Mathematics,4,2024,KY,HI,-1.47,equal
Mathematics,4,2024,KY,IA,0.77,equal
Mathematics,4,2024,KY,ID,-0.58,equal
Mathematics,4,2024,KY,IL,1.73,equal
Mathematics,4,2024,KY,IN,-2.49,equal
Mathematics,4,2024,KY,KS,0.61,equal
Mathematics,4,2024,KY,LA,3.27,equal
Mathematics,4,2024,KY,MA,-8.67,lower
Mathematics,4,2024,KY,MD,3.73,equal
Mathematics,4,2024,KY,ME,4.68,higher
Mathematics,4,2024,KY,MI,2.59,equal
Mathematics,4,2024,KY,MN,-2.85,equal
Mathematics,4,2024,KY,MO,2.81,equal
Mathematics,4,2024,KY,MS,-1.36,equal
Mathematics,4,2024,KY,MT,-0.65,equal
Mathematics,4,2024,KY,NC,-1.05,equal
Mathematics,4,2024,KY,ND,-3.46,equal
Mathematics,4,2024,KY,NE,-0.38,equal
Mathematics,4,2024,KY,NH,-3.74,lower
Mathematics,4,2024,KY,NJ,-2.32,equal
Mathematics,4,2024,KY,NM,13.97,higher
Mathematics,4,2024,KY,NP,0.51,equal
Mathematics,4,2024,KY,NV,4.57,higher
Mathematics,4,2024,KY,NY,3.65,equal
Mathematics,4,2024,KY,OH,-1.6,equal
Mathematics,4,2024,KY,OK,5.25,higher
Mathematics,4,2024,KY,OR,9.12,higher
Mathematics,4,2024,KY,PA,-0.37,equal
Mathematics,4,2024,KY,RI,0.52,equal
Mathematics,4,2024,KY,SC,0.17,equal
Mathematics,4,2024,KY,SD,-2.07,equal
Mathematics,4,2024,KY,TN,-1.8,equal
Mathematics,4,2024,KY,TX,-2.7,equal
Mathematics,4,2024,KY,UT,-3.73,equal
Mathematics,4,2024,KY,VA,-0.06,equal
Mathematics,4,2024,KY,VT,2.97,equal
Mathematics,4,2024,KY,WA,0.22,equal
Mathematics,4,2024,KY,WI,-1.44,equal
Mathematics,4,2024,KY,WV,6.3,higher
Mathematics,4,2024,KY,WY,-5.59,lower
Mathematics,4,2024,LA,AK,8.69,higher
Mathematics,4,2024,LA,AL,-1.81,equal
Mathematics,4,2024,LA,AR,4.22,equal
Mathematics,4,2024,LA,AZ,2.14,equal
Mathematics,4,2024,LA,CA,1.5,equal
Mathematics,4,2024,LA,CO,-4.58,lower
Mathematics,4,2024,LA,CT,-4.52,lower
Mathematics,4,2024,LA,DC,3.91,equal
Mathematics,4,2024,LA,DE,1.36,equal
Mathematics,4,2024,LA,DS,-16.17,lower
Mathematics,4,2024,LA,FL,-8.86,lower
Mathematics,4,2024,LA,GA,-1.56,equal
Mathematics,4,2024,LA,HI,-4.73,lower
Mathematics,4,2024,LA,IA,-2.5,equal
Mathematics,4,2024,LA,ID,-3.85,equal
Mathematics,4,2024,LA,IL,-1.53,equal
Mathematics,4,2024,LA,IN,-5.76,lower
Mathematics,4,2024,LA,KS,-2.65,equal
Mathematics,4,2024,LA,KY,-3.27,equal
Mathematics,4,2024,LA,MA,-11.94,lower
Mathematics,4,2024,LA,MD,0.46,equal
Mathematics,4,2024,LA,ME,1.41,equal
Mathematics,4,2024,LA,MI,-0.67,equal
Mathematics,4,2024,LA,MN,-6.11,lower
Mathematics,4,2024,LA,MO,-0.46,equal
Mathematics,4,2024,LA,MS,-4.63,lower
Mathematics,4,2024,LA,MT,-3.92,equal
Mathematics,4,2024,LA,NC,-4.31,equal
Mathematics,4,2024,LA,ND,-6.73,lower
Mathematics,4,2024,LA,NE,-3.65,equal
Mathematics,4,2024,LA,NH,-7.01,lower
Mathematics,4,2024,LA,NJ,-5.59,equal
Mathematics,4,2024,LA,NM,10.7,higher
Mathematics,4,2024,LA,NP,-2.76,equal
Mathematics,4,2024,LA,NV,1.31,equal
Mathematics,4,2024,LA,NY,0.38,equal
Mathematics,4,2024,LA,OH,-4.87,lower
Mathematics,4,2024,LA,OK,1.99,equal
Mathematics,4,2024,LA,OR,5.86,higher
Mathematics,4,2024,LA,PA,-3.64,equal
Mathematics,4,2024,LA,RI,-2.74,equal
Mathematics,4,2024,LA,SC,-3.1,equal
Mathematics,4,2024,LA,SD,-5.33,lower
Mathematics,4,2024,LA,TN,-5.07,lower
Mathematics,4,2024,LA,TX,-5.96,lower
Mathematics,4,2024,LA,UT,-7,lower
Mathematics,4,2024,LA,VA,-3.33,equal
Mathematics,4,2024,LA,VT,-0.3,equal
Mathematics,4,2024,LA,WA,-3.04,equal
Mathematics,4,2024,LA,WI,-4.7,lower
Mathematics,4,2024,LA,WV,3.03,equal
Mathematics,4,2024,LA,WY,-8.85,lower
Mathematics,4,2024,MA,AK,20.63,higher
Mathematics,4,2024,MA,AL,10.13,higher
Mathematics,4,2024,MA,AR,16.16,higher
Mathematics,4,2024,MA,AZ,14.08,higher
Mathematics,4,2024,MA,CA,13.44,higher
Mathematics,4,2024,MA,CO,7.36,higher
Mathematics,4,2024,MA,CT,7.42,higher
Mathematics,4,2024,MA,DC,15.85,higher
Mathematics,4,2024,MA,DE,13.3,higher
Mathematics,4,2024,MA,DS,-4.23,lower
Mathematics,4,2024,MA,FL,3.08,equal
Mathematics,4,2024,MA,GA,10.38,higher
Mathematics,4,2024,MA,HI,7.21,higher
Mathematics,4,2024,MA,IA,9.44,higher
Mathematics,4,2024,MA,ID,8.09,higher
Mathematics,4,2024,MA,IL,10.41,higher
Mathematics,4,2024,MA,IN,6.18,higher
Mathematics,4,2024,MA,KS,9.29,higher
Mathematics,4,2024,MA,KY,8.67,higher
Mathematics,4,2024,MA,LA,11.94,higher
Mathematics,4,2024,MA,MD,12.4,higher
Mathematics,4,2024,MA,ME,13.35,higher
Mathematics,4,2024,MA,MI,11.27,higher
Mathematics,4,2024,MA,MN,5.83,higher
Mathematics,4,2024,MA,MO,11.48,higher
Mathematics,4,2024,MA,MS,7.31,higher
Mathematics,4,2024,MA,MT,8.02,higher
Mathematics,4,2024,MA,NC,7.63,higher
Mathematics,4,2024,MA,ND,5.21,higher
Mathematics,4,2024,MA,NE,8.29,higher
Mathematics,4,2024,MA,NH,4.93,higher
Mathematics,4,2024,MA,NJ,6.35,higher
Mathematics,4,2024,MA,NM,22.64,higher
Mathematics,4,2024,MA,NP,9.18,higher
Mathematics,4,2024,MA,NV,13.25,higher
Mathematics,4,2024,MA,NY,12.32,higher
Mathematics,4,2024,MA,OH,7.07,higher
Mathematics,4,2024,MA,OK,13.93,higher
Mathematics,4,2024,MA,OR,17.8,higher
Mathematics,4,2024,MA,PA,8.3,higher
Mathematics,4,2024,MA,RI,9.2,higher
Mathematics,4,2024,MA,SC,8.84,higher
Mathematics,4,2024,MA,SD,6.61,higher
Mathematics,4,2024,MA,TN,6.87,higher
Mathematics,4,2024,MA,TX,5.98,higher
Mathematics,4,2024,MA,UT,4.94,higher
Mathematics,4,2024,MA,VA,8.61,higher
Mathematics,4,2024,MA,VT,11.64,higher
Mathematics,4,2024,MA,WA,8.9,higher
Mathematics,4,2024,MA,WI,7.24,higher
Mathematics,4,2024,MA,WV,14.97,higher
Mathematics,4,2024,MA,WY,3.09,equal
Mathematics,4,2024,MD,AK,8.23,higher
Mathematics,4,2024,MD,AL,-2.27,equal
Mathematics,4,2024,MD,AR,3.76,equal
Mathematics,4,2024,MD,AZ,1.68,equal
Mathematics,4,2024,MD,CA,1.04,equal
Mathematics,4,2024,MD,CO,-5.04,lower
Mathematics,4,2024,MD,CT,-4.99,lower
Mathematics,4,2024,MD,DC,3.45,equal
Mathematics,4,2024,MD,DE,0.9,equal
Mathematics,4,2024,MD,DS,-16.63,lower
Mathematics,4,2024,MD,FL,-9.32,lower
Mathematics,4,2024,MD,GA,-2.02,equal
Mathematics,4,2024,MD,HI,-5.19,lower
Mathematics,4,2024,MD,IA,-2.96,equal
Mathematics,4,2024,MD,ID,-4.31,lower
Mathematics,4,2024,MD,IL,-1.99,equal
Mathematics,4,2024,MD,IN,-6.22,lower
Mathematics,4,2024,MD,KS,-3.11,equal
Mathematics,4,2024,MD,KY,-3.73,equal
Mathematics,4,2024,MD,LA,-0.46,equal
Mathematics,4,2024,MD,MA,-12.4,lower
Mathematics,4,2024,MD,ME,0.95,equal
Mathematics,4,2024,MD,MI,-1.13,equal
Mathematics,4,2024,MD,MN,-6.57,lower
Mathematics,4,2024,MD,MO,-0.92,equal
Mathematics,4,2024,MD,MS,-5.09,lower
Mathematics,4,2024,MD,MT,-4.38,lower
Mathematics,4,2024,MD,NC,-4.77,lower
Mathematics,4,2024,MD,ND,-7.19,lower
Mathematics,4,2024,MD,NE,-4.11,lower
Mathematics,4,2024,MD,NH,-7.47,lower
Mathematics,4,2024,MD,NJ,-6.05,lower
Mathematics,4,2024,MD,NM,10.24,higher
Mathematics,4,2024,MD,NP,-3.22,equal
Mathematics,4,2024,MD,NV,0.85,equal
Mathematics,4,2024,MD,NY,-0.08,equal
Mathematics,4,2024,MD,OH,-5.33,lower
Mathematics,4,2024,MD,OK,1.53,equal
Mathematics,4,2024,MD,OR,5.4,higher
Mathematics,4,2024,MD,PA,-4.1,equal
Mathematics,4,2024,MD,RI,-3.2,equal
Mathematics,4,2024,MD,SC,-3.56,equal
Mathematics,4,2024,MD,SD,-5.79,lower
Mathematics,4,2024,MD,TN,-5.53,lower
Mathematics,4,2024,MD,TX,-6.42,lower
Mathematics,4,2024,MD,UT,-7.46,lower
Mathematics,4,2024,MD,VA,-3.79,equal
Mathematics,4,2024,MD,VT,-0.76,equal
Mathematics,4,2024,MD,WA,-3.5,equal
Mathematics,4,2024,MD,WI,-5.16,lower
Mathematics,4,2024,MD,WV,2.57,equal
Mathematics,4,2024,MD,WY,-9.31,lower
Mathematics,4,2024,ME,AK,7.27,higher
Mathematics,4,2024,ME,AL,-3.22,equal
Mathematics,4,2024,ME,AR,2.8,equal
Mathematics,4,2024,ME,AZ,0.72,equal
Mathematics,4,2024,ME,CA,0.09,equal
Mathematics,4,2024,ME,CO,-6,lower
Mathematics,4,2024,ME,CT,-5.94,lower
Mathematics,4,2024,ME,DC,2.5,equal
Mathematics,4,2024,ME,DE,-0.06,equal
Mathematics,4,2024,ME,DS,-17.58,lower
Mathematics,4,2024,ME,FL,-10.27,lower
Mathematics,4,2024,ME,GA,-2.98,equal
Mathematics,4,2024,ME,HI,-6.15,lower
Mathematics,4,2024,ME,IA,-3.91,lower
Mathematics,4,2024,ME,ID,-5.26,lower
Mathematics,4,2024,ME,IL,-2.95,equal
Mathematics,4,2024,ME,IN,-7.17,lower
Mathematics,4,2024,ME,KS,-4.07,lower
Mathematics,4,2024,ME,KY,-4.68,lower
Mathematics,4,2024,ME,LA,-1.41,equal
Mathematics,4,2024,ME,MA,-13.35,lower
Mathematics,4,2024,ME,MD,-0.95,equal
Mathematics,4,2024,ME,MI,-2.09,equal
Mathematics,4,2024,ME,MN,-7.53,lower
Mathematics,4,2024,ME,MO,-1.87,equal
Mathematics,4,2024,ME,MS,-6.04,lower
Mathematics,4,2024,ME,MT,-5.33,lower
Mathematics,4,2024,ME,NC,-5.73,lower
Mathematics,4,2024,ME,ND,-8.15,lower
Mathematics,4,2024,ME,NE,-5.06,lower
Mathematics,4,2024,ME,NH,-8.42,lower
Mathematics,4,2024,ME,NJ,-7,lower
Mathematics,4,2024,ME,NM,9.29,higher
Mathematics,4,2024,ME,NP,-4.17,lower
Mathematics,4,2024,ME,NV,-0.11,equal
Mathematics,4,2024,ME,NY,-1.03,equal
Mathematics,4,2024,ME,OH,-6.28,lower
Mathematics,4,2024,ME,OK,0.57,equal
Mathematics,4,2024,ME,OR,4.44,higher
Mathematics,4,2024,ME,PA,-5.05,lower
Mathematics,4,2024,ME,RI,-4.16,lower
Mathematics,4,2024,ME,SC,-4.51,lower
Mathematics,4,2024,ME,SD,-6.75,lower
Mathematics,4,2024,ME,TN,-6.48,lower
Mathematics,4,2024,ME,TX,-7.38,lower
Mathematics,4,2024,ME,UT,-8.41,lower
Mathematics,4,2024,ME,VA,-4.74,lower
Mathematics,4,2024,ME,VT,-1.71,equal
Mathematics,4,2024,ME,WA,-4.46,lower
Mathematics,4,2024,ME,WI,-6.12,lower
Mathematics,4,2024,ME,WV,1.62,equal
Mathematics,4,2024,ME,WY,-10.27,lower
Mathematics,4,2024,MI,AK,9.36,higher
Mathematics,4,2024,MI,AL,-1.14,equal
Mathematics,4,2024,MI,AR,4.89,higher
Mathematics,4,2024,MI,AZ,2.81,equal
Mathematics,4,2024,MI,CA,2.17,equal
Mathematics,4,2024,MI,CO,-3.91,lower
Mathematics,4,2024,MI,CT,-3.85,equal
Mathematics,4,2024,MI,DC,4.59,higher
Mathematics,4,2024,MI,DE,2.03,equal
Mathematics,4,2024,MI,DS,-15.49,lower
Mathematics,4,2024,MI,FL,-8.18,lower
Mathematics,4,2024,MI,GA,-0.89,equal
Mathematics,4,2024,MI,HI,-4.06,lower
Mathematics,4,2024,MI,IA,-1.83,equal
Mathematics,4,2024,MI,ID,-3.17,equal
Mathematics,4,2024,MI,IL,-0.86,equal
Mathematics,4,2024,MI,IN,-5.09,lower
Mathematics,4,2024,MI,KS,-1.98,equal
Mathematics,4,2024,MI,KY,-2.59,equal
Mathematics,4,2024,MI,LA,0.67,equal
Mathematics,4,2024,MI,MA,-11.27,lower
Mathematics,4,2024,MI,MD,1.13,equal
Mathematics,4,2024,MI,ME,2.09,equal
Mathematics,4,2024,MI,MN,-5.44,lower
Mathematics,4,2024,MI,MO,0.22,equal
Mathematics,4,2024,MI,MS,-3.96,lower
Mathematics,4,2024,MI,MT,-3.25,equal
Mathematics,4,2024,MI,NC,-3.64,equal
Mathematics,4,2024,MI,ND,-6.06,lower
Mathematics,4,2024,MI,NE,-2.98,equal
Mathematics,4,2024,MI,NH,-6.34,lower
Mathematics,4,2024,MI,NJ,-4.92,equal
Mathematics,4,2024,MI,NM,11.37,higher
Mathematics,4,2024,MI,NP,-2.09,equal
Mathematics,4,2024,MI,NV,1.98,equal
Mathematics,4,2024,MI,NY,1.05,equal
Mathematics,4,2024,MI,OH,-4.2,equal
Mathematics,4,2024,MI,OK,2.66,equal
Mathematics,4,2024,MI,OR,6.53,higher
Mathematics,4,2024,MI,PA,-2.96,equal
Mathematics,4,2024,MI,RI,-2.07,equal
Mathematics,4,2024,MI,SC,-2.43,equal
Mathematics,4,2024,MI,SD,-4.66,lower
Mathematics,4,2024,MI,TN,-4.4,lower
Mathematics,4,2024,MI,TX,-5.29,lower
Mathematics,4,2024,MI,UT,-6.32,lower
Mathematics,4,2024,MI,VA,-2.65,equal
Mathematics,4,2024,MI,VT,0.37,equal
Mathematics,4,2024,MI,WA,-2.37,equal
Mathematics,4,2024,MI,WI,-4.03,lower
Mathematics,4,2024,MI,WV,3.71,higher
Mathematics,4,2024,MI,WY,-8.18,lower
Mathematics,4,2024,MN,AK,14.8,higher
Mathematics,4,2024,MN,AL,4.3,equal
Mathematics,4,2024,MN,AR,10.33,higher
Mathematics,4,2024,MN,AZ,8.25,higher
Mathematics,4,2024,MN,CA,7.62,higher
Mathematics,4,2024,MN,CO,1.53,equal
Mathematics,4,2024,MN,CT,1.59,equal
Mathematics,4,2024,MN,DC,10.03,higher
Mathematics,4,2024,MN,DE,7.47,higher
Mathematics,4,2024,MN,DS,-10.05,lower
Mathematics,4,2024,MN,FL,-2.74,equal
Mathematics,4,2024,MN,GA,4.55,higher
Mathematics,4,2024,MN,HI,1.38,equal
Mathematics,4,2024,MN,IA,3.62,equal
Mathematics,4,2024,MN,ID,2.27,equal
Mathematics,4,2024,MN,IL,4.58,higher
Mathematics,4,2024,MN,IN,0.35,equal
Mathematics,4,2024,MN,KS,3.46,equal
Mathematics,4,2024,MN,KY,2.85,equal
Mathematics,4,2024,MN,LA,6.11,higher
Mathematics,4,2024,MN,MA,-5.83,lower
Mathematics,4,2024,MN,MD,6.57,higher
Mathematics,4,2024,MN,ME,7.53,higher
Mathematics,4,2024,MN,MI,5.44,higher
Mathematics,4,2024,MN,MO,5.66,higher
Mathematics,4,2024,MN,MS,1.48,equal
Mathematics,4,2024,MN,MT,2.2,equal
Mathematics,4,2024,MN,NC,1.8,equal
Mathematics,4,2024,MN,ND,-0.62,equal
Mathematics,4,2024,MN,NE,2.46,equal
Mathematics,4,2024,MN,NH,-0.9,equal
Mathematics,4,2024,MN,NJ,0.52,equal
Mathematics,4,2024,MN,NM,16.81,higher
Mathematics,4,2024,MN,NP,3.36,higher
Mathematics,4,2024,MN,NV,7.42,higher
Mathematics,4,2024,MN,NY,6.5,higher
Mathematics,4,2024,MN,OH,1.24,equal
Mathematics,4,2024,MN,OK,8.1,higher
Mathematics,4,2024,MN,OR,11.97,higher
Mathematics,4,2024,MN,PA,2.48,equal
Mathematics,4,2024,MN,RI,3.37,equal
Mathematics,4,2024,MN,SC,3.01,equal
Mathematics,4,2024,MN,SD,0.78,equal
Mathematics,4,2024,MN,TN,1.04,equal
Mathematics,4,2024,MN,TX,0.15,equal
Mathematics,4,2024,MN,UT,-0.88,equal
Mathematics,4,2024,MN,VA,2.79,equal
Mathematics,4,2024,MN,VT,5.81,higher
Mathematics,4,2024,MN,WA,3.07,equal
Mathematics,4,2024,MN,WI,1.41,equal
Mathematics,4,2024,MN,WV,9.15,higher
Mathematics,4,2024,MN,WY,-2.74,equal
Mathematics,4,2024,MO,AK,9.14,higher
Mathematics,4,2024,MO,AL,-1.35,equal
Mathematics,4,2024,MO,AR,4.67,higher
Mathematics,4,2024,MO,AZ,2.59,equal
Mathematics,4,2024,MO,CA,1.96,equal
Mathematics,4,2024,MO,CO,-4.13,lower
Mathematics,4,2024,MO,CT,-4.07,lower
Mathematics,4,2024,MO,DC,4.37,higher
Mathematics,4,2024,MO,DE,1.81,equal
Mathematics,4,2024,MO,DS,-15.71,lower
Mathematics,4,2024,MO,FL,-8.4,lower
Mathematics,4,2024,MO,GA,-1.11,equal
Mathematics,4,2024,MO,HI,-4.28,lower
Mathematics,4,2024,MO,IA,-2.04,equal
Mathematics,4,2024,MO,ID,-3.39,equal
Mathematics,4,2024,MO,IL,-1.08,equal
Mathematics,4,2024,MO,IN,-5.3,lower
Mathematics,4,2024,MO,KS,-2.2,equal
Mathematics,4,2024,MO,KY,-2.81,equal
Mathematics,4,2024,MO,LA,0.46,equal
Mathematics,4,2024,MO,MA,-11.48,lower
Mathematics,4,2024,MO,MD,0.92,equal
Mathematics,4,2024,MO,ME,1.87,equal
Mathematics,4,2024,MO,MI,-0.22,equal
Mathematics,4,2024,MO,MN,-5.66,lower
Mathematics,4,2024,MO,MS,-4.17,lower
Mathematics,4,2024,MO,MT,-3.46,equal
Mathematics,4,2024,MO,NC,-3.86,equal
Mathematics,4,2024,MO,ND,-6.28,lower
Mathematics,4,2024,MO,NE,-3.19,equal
Mathematics,4,2024,MO,NH,-6.56,lower
Mathematics,4,2024,MO,NJ,-5.13,equal
Mathematics,4,2024,MO,NM,11.16,higher
Mathematics,4,2024,MO,NP,-2.3,equal
Mathematics,4,2024,MO,NV,1.76,equal
Mathematics,4,2024,MO,NY,0.84,equal
Mathematics,4,2024,MO,OH,-4.41,lower
Mathematics,4,2024,MO,OK,2.44,equal
Mathematics,4,2024,MO,OR,6.31,higher
Mathematics,4,2024,MO,PA,-3.18,equal
Mathematics,4,2024,MO,RI,-2.29,equal
Mathematics,4,2024,MO,SC,-2.64,equal
Mathematics,4,2024,MO,SD,-4.88,lower
Mathematics,4,2024,MO,TN,-4.61,lower
Mathematics,4,2024,MO,TX,-5.51,lower
Mathematics,4,2024,MO,UT,-6.54,lower
Mathematics,4,2024,MO,VA,-2.87,equal
Mathematics,4,2024,MO,VT,0.16,equal
Mathematics,4,2024,MO,WA,-2.59,equal
Mathematics,4,2024,MO,WI,-4.25,lower
Mathematics,4,2024,MO,WV,3.49,higher
Mathematics,4,2024,MO,WY,-8.4,lower
Mathematics,4,2024,MS,AK,13.32,higher
Mathematics,4,2024,MS,AL,2.82,equal
Mathematics,4,2024,MS,AR,8.85,higher
Mathematics,4,2024,MS,AZ,6.76,higher
Mathematics,4,2024,MS,CA,6.13,higher
Mathematics,4,2024,MS,CO,0.05,equal
Mathematics,4,2024,MS,CT,0.1,equal
Mathematics,4,2024,MS,DC,8.54,higher
Mathematics,4,2024,MS,DE,5.99,higher
Mathematics,4,2024,MS,DS,-11.54,lower
Mathematics,4,2024,MS,FL,-4.23,lower
Mathematics,4,2024,MS,GA,3.07,equal
Mathematics,4,2024,MS,HI,-0.1,equal
Mathematics,4,2024,MS,IA,2.13,equal
Mathematics,4,2024,MS,ID,0.78,equal
Mathematics,4,2024,MS,IL,3.1,equal
Mathematics,4,2024,MS,IN,-1.13,equal
Mathematics,4,2024,MS,KS,1.98,equal
Mathematics,4,2024,MS,KY,1.36,equal
Mathematics,4,2024,MS,LA,4.63,higher
Mathematics,4,2024,MS,MA,-7.31,lower
Mathematics,4,2024,MS,MD,5.09,higher
Mathematics,4,2024,MS,ME,6.04,higher
Mathematics,4,2024,MS,MI,3.96,higher
Mathematics,4,2024,MS,MN,-1.48,equal
Mathematics,4,2024,MS,MO,4.17,higher
Mathematics,4,2024,MS,MT,0.71,equal
Mathematics,4,2024,MS,NC,0.32,equal
Mathematics,4,2024,MS,ND,-2.1,equal
Mathematics,4,2024,MS,NE,0.98,equal
Mathematics,4,2024,MS,NH,-2.38,equal
Mathematics,4,2024,MS,NJ,-0.96,equal
Mathematics,4,2024,MS,NM,15.33,higher
Mathematics,4,2024,MS,NP,1.87,equal
Mathematics,4,2024,MS,NV,5.94,higher
Mathematics,4,2024,MS,NY,5.01,higher
Mathematics,4,2024,MS,OH,-0.24,equal
Mathematics,4,2024,MS,OK,6.62,higher
Mathematics,4,2024,MS,OR,10.49,higher
Mathematics,4,2024,MS,PA,0.99,equal
Mathematics,4,2024,MS,RI,1.89,equal
Mathematics,4,2024,MS,SC,1.53,equal
Mathematics,4,2024,MS,SD,-0.7,equal
Mathematics,4,2024,MS,TN,-0.44,equal
Mathematics,4,2024,MS,TX,-1.34,equal
Mathematics,4,2024,MS,UT,-2.37,equal
Mathematics,4,2024,MS,VA,1.3,equal
Mathematics,4,2024,MS,VT,4.33,higher
Mathematics,4,2024,MS,WA,1.58,equal
Mathematics,4,2024,MS,WI,-0.08,equal
Mathematics,4,2024,MS,WV,7.66,higher
Mathematics,4,2024,MS,WY,-4.22,lower
Mathematics,4,2024,MT,AK,12.6,higher
Mathematics,4,2024,MT,AL,2.11,equal
Mathematics,4,2024,MT,AR,8.14,higher
Mathematics,4,2024,MT,AZ,6.05,higher
Mathematics,4,2024,MT,CA,5.42,higher
Mathematics,4,2024,MT,CO,-0.67,equal
Mathematics,4,2024,MT,CT,-0.61,equal
Mathematics,4,2024,MT,DC,7.83,higher
Mathematics,4,2024,MT,DE,5.28,higher
Mathematics,4,2024,MT,DS,-12.25,lower
Mathematics,4,2024,MT,FL,-4.94,lower
Mathematics,4,2024,MT,GA,2.35,equal
Mathematics,4,2024,MT,HI,-0.81,equal
Mathematics,4,2024,MT,IA,1.42,equal
Mathematics,4,2024,MT,ID,0.07,equal
Mathematics,4,2024,MT,IL,2.38,equal
Mathematics,4,2024,MT,IN,-1.84,equal
Mathematics,4,2024,MT,KS,1.26,equal
Mathematics,4,2024,MT,KY,0.65,equal
Mathematics,4,2024,MT,LA,3.92,equal
Mathematics,4,2024,MT,MA,-8.02,lower
Mathematics,4,2024,MT,MD,4.38,higher
Mathematics,4,2024,MT,ME,5.33,higher
Mathematics,4,2024,MT,MI,3.25,equal
Mathematics,4,2024,MT,MN,-2.2,equal
Mathematics,4,2024,MT,MO,3.46,equal
Mathematics,4,2024,MT,MS,-0.71,equal
Mathematics,4,2024,MT,NC,-0.4,equal
Mathematics,4,2024,MT,ND,-2.81,equal
Mathematics,4,2024,MT,NE,0.27,equal
Mathematics,4,2024,MT,NH,-3.09,equal
Mathematics,4,2024,MT,NJ,-1.67,equal
Mathematics,4,2024,MT,NM,14.62,higher
Mathematics,4,2024,MT,NP,1.16,equal
Mathematics,4,2024,MT,NV,5.22,higher
Mathematics,4,2024,MT,NY,4.3,equal
Mathematics,4,2024,MT,OH,-0.95,equal
Mathematics,4,2024,MT,OK,5.91,higher
Mathematics,4,2024,MT,OR,9.77,higher
Mathematics,4,2024,MT,PA,0.28,equal
Mathematics,4,2024,MT,RI,1.17,equal
Mathematics,4,2024,MT,SC,0.82,equal
Mathematics,4,2024,MT,SD,-1.41,equal
Mathematics,4,2024,MT,TN,-1.15,equal
Mathematics,4,2024,MT,TX,-2.05,equal
Mathematics,4,2024,MT,UT,-3.08,equal
Mathematics,4,2024,MT,VA,0.59,equal
Mathematics,4,2024,MT,VT,3.62,higher
Mathematics,4,2024,MT,WA,0.87,equal
Mathematics,4,2024,MT,WI,-0.79,equal
Mathematics,4,2024,MT,WV,6.95,higher
Mathematics,4,2024,MT,WY,-4.94,lower
Mathematics,4,2024,NC,AK,13,higher
Mathematics,4,2024,NC,AL,2.5,equal
Mathematics,4,2024,NC,AR,8.53,higher
Mathematics,4,2024,NC,AZ,6.45,higher
Mathematics,4,2024,NC,CA,5.82,higher
Mathematics,4,2024,NC,CO,-0.27,equal
Mathematics,4,2024,NC,CT,-0.21,equal
Mathematics,4,2024,NC,DC,8.23,higher
Mathematics,4,2024,NC,DE,5.67,higher
Mathematics,4,2024,NC,DS,-11.85,lower
Mathematics,4,2024,NC,FL,-4.54,lower
Mathematics,4,2024,NC,GA,2.75,equal
Mathematics,4,2024,NC,HI,-0.42,equal
Mathematics,4,2024,NC,IA,1.82,equal
Mathematics,4,2024,NC,ID,0.47,equal
Mathematics,4,2024,NC,IL,2.78,equal
Mathematics,4,2024,NC,IN,-1.45,equal
Mathematics,4,2024,NC,KS,1.66,equal
Mathematics,4,2024,NC,KY,1.05,equal
Mathematics,4,2024,NC,LA,4.31,equal
Mathematics,4,2024,NC,MA,-7.63,lower
Mathematics,4,2024,NC,MD,4.77,higher
Mathematics,4,2024,NC,ME,5.73,higher
Mathematics,4,2024,NC,MI,3.64,equal
Mathematics,4,2024,NC,MN,-1.8,equal
Mathematics,4,2024,NC,MO,3.86,equal
Mathematics,4,2024,NC,MS,-0.32,equal
Mathematics,4,2024,NC,MT,0.4,equal
Mathematics,4,2024,NC,ND,-2.42,equal
Mathematics,4,2024,NC,NE,0.66,equal
Mathematics,4,2024,NC,NH,-2.7,equal
Mathematics,4,2024,NC,NJ,-1.27,equal
Mathematics,4,2024,NC,NM,15.01,higher
Mathematics,4,2024,NC,NP,1.56,equal
Mathematics,4,2024,NC,NV,5.62,higher
Mathematics,4,2024,NC,NY,4.7,equal
Mathematics,4,2024,NC,OH,-0.55,equal
Mathematics,4,2024,NC,OK,6.3,higher
Mathematics,4,2024,NC,OR,10.17,higher
Mathematics,4,2024,NC,PA,0.68,equal
Mathematics,4,2024,NC,RI,1.57,equal
Mathematics,4,2024,NC,SC,1.22,equal
Mathematics,4,2024,NC,SD,-1.02,equal
Mathematics,4,2024,NC,TN,-0.76,equal
Mathematics,4,2024,NC,TX,-1.65,equal
Mathematics,4,2024,NC,UT,-2.68,equal
Mathematics,4,2024,NC,VA,0.99,equal
Mathematics,4,2024,NC,VT,4.01,higher
Mathematics,4,2024,NC,WA,1.27,equal
Mathematics,4,2024,NC,WI,-0.39,equal
Mathematics,4,2024,NC,WV,7.35,higher
Mathematics,4,2024,NC,WY,-4.54,lower
Mathematics,4,2024,ND,AK,15.42,higher
Mathematics,4,2024,ND,AL,4.92,higher
Mathematics,4,2024,ND,AR,10.95,higher
Mathematics,4,2024,ND,AZ,8.87,higher
Mathematics,4,2024,ND,CA,8.23,higher
Mathematics,4,2024,ND,CO,2.15,equal
Mathematics,4,2024,ND,CT,2.21,equal
Mathematics,4,2024,ND,DC,10.65,higher
Mathematics,4,2024,ND,DE,8.09,higher
Mathematics,4,2024,ND,DS,-9.44,lower
Mathematics,4,2024,ND,FL,-2.13,equal
Mathematics,4,2024,ND,GA,5.17,higher
Mathematics,4,2024,ND,HI,2,equal
Mathematics,4,2024,ND,IA,4.23,higher
Mathematics,4,2024,ND,ID,2.89,equal
Mathematics,4,2024,ND,IL,5.2,higher
Mathematics,4,2024,ND,IN,0.97,equal
Mathematics,4,2024,ND,KS,4.08,higher
Mathematics,4,2024,ND,KY,3.46,equal
Mathematics,4,2024,ND,LA,6.73,higher
Mathematics,4,2024,ND,MA,-5.21,lower
Mathematics,4,2024,ND,MD,7.19,higher
Mathematics,4,2024,ND,ME,8.15,higher
Mathematics,4,2024,ND,MI,6.06,higher
Mathematics,4,2024,ND,MN,0.62,equal
Mathematics,4,2024,ND,MO,6.28,higher
Mathematics,4,2024,ND,MS,2.1,equal
Mathematics,4,2024,ND,MT,2.81,equal
Mathematics,4,2024,ND,NC,2.42,equal
Mathematics,4,2024,ND,NE,3.08,equal
Mathematics,4,2024,ND,NH,-0.28,equal
Mathematics,4,2024,ND,NJ,1.14,equal
Mathematics,4,2024,ND,NM,17.43,higher
Mathematics,4,2024,ND,NP,3.97,higher
Mathematics,4,2024,ND,NV,8.04,higher
Mathematics,4,2024,ND,NY,7.11,higher
Mathematics,4,2024,ND,OH,1.86,equal
Mathematics,4,2024,ND,OK,8.72,higher
Mathematics,4,2024,ND,OR,12.59,higher
Mathematics,4,2024,ND,PA,3.1,equal
Mathematics,4,2024,ND,RI,3.99,higher
Mathematics,4,2024,ND,SC,3.63,higher
Mathematics,4,2024,ND,SD,1.4,equal
Mathematics,4,2024,ND,TN,1.66,equal
Mathematics,4,2024,ND,TX,0.77,equal
Mathematics,4,2024,ND,UT,-0.26,equal
Mathematics,4,2024,ND,VA,3.4,equal
Mathematics,4,2024,ND,VT,6.43,higher
Mathematics,4,2024,ND,WA,3.69,equal
Mathematics,4,2024,ND,WI,2.03,equal
Mathematics,4,2024,ND,WV,9.76,higher
Mathematics,4,2024,ND,WY,-2.12,equal
Mathematics,4,2024,NE,AK,12.34,higher
Mathematics,4,2024,NE,AL,1.84,equal
Mathematics,4,2024,NE,AR,7.87,higher
Mathematics,4,2024,NE,AZ,5.78,higher
Mathematics,4,2024,NE,CA,5.15,higher
Mathematics,4,2024,NE,CO,-0.93,equal
Mathematics,4,2024,NE,CT,-0.88,equal
Mathematics,4,2024,NE,DC,7.56,higher
Mathematics,4,2024,NE,DE,5.01,higher
Mathematics,4,2024,NE,DS,-12.52,lower
Mathematics,4,2024,NE,FL,-5.21,lower
Mathematics,4,2024,NE,GA,2.09,equal
Mathematics,4,2024,NE,HI,-1.08,equal
Mathematics,4,2024,NE,IA,1.15,equal
Mathematics,4,2024,NE,ID,-0.2,equal
Mathematics,4,2024,NE,IL,2.12,equal
Mathematics,4,2024,NE,IN,-2.11,equal
Mathematics,4,2024,NE,KS,1,equal
Mathematics,4,2024,NE,KY,0.38,equal
Mathematics,4,2024,NE,LA,3.65,equal
Mathematics,4,2024,NE,MA,-8.29,lower
Mathematics,4,2024,NE,MD,4.11,higher
Mathematics,4,2024,NE,ME,5.06,higher
Mathematics,4,2024,NE,MI,2.98,equal
Mathematics,4,2024,NE,MN,-2.46,equal
Mathematics,4,2024,NE,MO,3.19,equal
Mathematics,4,2024,NE,MS,-0.98,equal
Mathematics,4,2024,NE,MT,-0.27,equal
Mathematics,4,2024,NE,NC,-0.66,equal
Mathematics,4,2024,NE,ND,-3.08,equal
Mathematics,4,2024,NE,NH,-3.36,lower
Mathematics,4,2024,NE,NJ,-1.94,equal
Mathematics,4,2024,NE,NM,14.35,higher
Mathematics,4,2024,NE,NP,0.89,equal
Mathematics,4,2024,NE,NV,4.96,higher
Mathematics,4,2024,NE,NY,4.03,equal
Mathematics,4,2024,NE,OH,-1.22,equal
Mathematics,4,2024,NE,OK,5.64,higher
Mathematics,4,2024,NE,OR,9.51,higher
Mathematics,4,2024,NE,PA,0.01,equal
Mathematics,4,2024,NE,RI,0.91,equal
Mathematics,4,2024,NE,SC,0.55,equal
Mathematics,4,2024,NE,SD,-1.68,equal
Mathematics,4,2024,NE,TN,-1.42,equal
Mathematics,4,2024,NE,TX,-2.32,equal
Mathematics,4,2024,NE,UT,-3.35,equal
Mathematics,4,2024,NE,VA,0.32,equal
Mathematics,4,2024,NE,VT,3.35,higher
Mathematics,4,2024,NE,WA,0.6,equal
Mathematics,4,2024,NE,WI,-1.06,equal
Mathematics,4,2024,NE,WV,6.68,higher
Mathematics,4,2024,NE,WY,-5.2,lower
Mathematics,4,2024,NH,AK,15.7,higher
Mathematics,4,2024,NH,AL,5.2,higher
Mathematics,4,2024,NH,AR,11.23,higher
Mathematics,4,2024,NH,AZ,9.15,higher
Mathematics,4,2024,NH,CA,8.51,higher
Mathematics,4,2024,NH,CO,2.43,equal
Mathematics,4,2024,NH,CT,2.49,equal
Mathematics,4,2024,NH,DC,10.93,higher
Mathematics,4,2024,NH,DE,8.37,higher
Mathematics,4,2024,NH,DS,-9.16,lower
Mathematics,4,2024,NH,FL,-1.85,equal
Mathematics,4,2024,NH,GA,5.45,higher
Mathematics,4,2024,NH,HI,2.28,equal
Mathematics,4,2024,NH,IA,4.51,higher
Mathematics,4,2024,NH,ID,3.17,equal
Mathematics,4,2024,NH,IL,5.48,higher
Mathematics,4,2024,NH,IN,1.25,equal
Mathematics,4,2024,NH,KS,4.36,higher
Mathematics,4,2024,NH,KY,3.74,higher
Mathematics,4,2024,NH,LA,7.01,higher
Mathematics,4,2024,NH,MA,-4.93,lower
Mathematics,4,2024,NH,MD,7.47,higher
Mathematics,4,2024,NH,ME,8.42,higher
Mathematics,4,2024,NH,MI,6.34,higher
Mathematics,4,2024,NH,MN,0.9,equal
Mathematics,4,2024,NH,MO,6.56,higher
Mathematics,4,2024,NH,MS,2.38,equal
Mathematics,4,2024,NH,MT,3.09,equal
Mathematics,4,2024,NH,NC,2.7,equal
Mathematics,4,2024,NH,ND,0.28,equal
Mathematics,4,2024,NH,NE,3.36,higher
Mathematics,4,2024,NH,NJ,1.42,equal
Mathematics,4,2024,NH,NM,17.71,higher
Mathematics,4,2024,NH,NP,4.25,higher
Mathematics,4,2024,NH,NV,8.32,higher
Mathematics,4,2024,NH,NY,7.39,higher
Mathematics,4,2024,NH,OH,2.14,equal
Mathematics,4,2024,NH,OK,9,higher
Mathematics,4,2024,NH,OR,12.87,higher
Mathematics,4,2024,NH,PA,3.38,equal
Mathematics,4,2024,NH,RI,4.27,higher
Mathematics,4,2024,NH,SC,3.91,higher
Mathematics,4,2024,NH,SD,1.68,equal
Mathematics,4,2024,NH,TN,1.94,equal
Mathematics,4,2024,NH,TX,1.05,equal
Mathematics,4,2024,NH,UT,0.01,equal
Mathematics,4,2024,NH,VA,3.68,equal
Mathematics,4,2024,NH,VT,6.71,higher
Mathematics,4,2024,NH,WA,3.97,higher
Mathematics,4,2024,NH,WI,2.31,equal
Mathematics,4,2024,NH,WV,10.04,higher
Mathematics,4,2024,NH,WY,-1.84,equal
Mathematics,4,2024,NJ,AK,14.28,higher
Mathematics,4,2024,NJ,AL,3.78,equal
Mathematics,4,2024,NJ,AR,9.81,higher
Mathematics,4,2024,NJ,AZ,7.72,higher
Mathematics,4,2024,NJ,CA,7.09,higher
Mathematics,4,2024,NJ,CO,1.01,equal
Mathematics,4,2024,NJ,CT,1.06,equal
Mathematics,4,2024,NJ,DC,9.5,higher
Mathematics,4,2024,NJ,DE,6.95,higher
Mathematics,4,2024,NJ,DS,-10.58,lower
Mathematics,4,2024,NJ,FL,-3.27,equal
Mathematics,4,2024,NJ,GA,4.03,equal
Mathematics,4,2024,NJ,HI,0.86,equal
Mathematics,4,2024,NJ,IA,3.09,equal
Mathematics,4,2024,NJ,ID,1.74,equal
Mathematics,4,2024,NJ,IL,4.06,equal
Mathematics,4,2024,NJ,IN,-0.17,equal
Mathematics,4,2024,NJ,KS,2.93,equal
Mathematics,4,2024,NJ,KY,2.32,equal
Mathematics,4,2024,NJ,LA,5.59,equal
Mathematics,4,2024,NJ,MA,-6.35,lower
Mathematics,4,2024,NJ,MD,6.05,higher
Mathematics,4,2024,NJ,ME,7,higher
Mathematics,4,2024,NJ,MI,4.92,equal
Mathematics,4,2024,NJ,MN,-0.52,equal
Mathematics,4,2024,NJ,MO,5.13,equal
Mathematics,4,2024,NJ,MS,0.96,equal
Mathematics,4,2024,NJ,MT,1.67,equal
Mathematics,4,2024,NJ,NC,1.27,equal
Mathematics,4,2024,NJ,ND,-1.14,equal
Mathematics,4,2024,NJ,NE,1.94,equal
Mathematics,4,2024,NJ,NH,-1.42,equal
Mathematics,4,2024,NJ,NM,16.29,higher
Mathematics,4,2024,NJ,NP,2.83,equal
Mathematics,4,2024,NJ,NV,6.89,higher
Mathematics,4,2024,NJ,NY,5.97,equal
Mathematics,4,2024,NJ,OH,0.72,equal
Mathematics,4,2024,NJ,OK,7.58,higher
Mathematics,4,2024,NJ,OR,11.45,higher
Mathematics,4,2024,NJ,PA,1.95,equal
Mathematics,4,2024,NJ,RI,2.85,equal
Mathematics,4,2024,NJ,SC,2.49,equal
Mathematics,4,2024,NJ,SD,0.26,equal
Mathematics,4,2024,NJ,TN,0.52,equal
Mathematics,4,2024,NJ,TX,-0.38,equal
Mathematics,4,2024,NJ,UT,-1.41,equal
Mathematics,4,2024,NJ,VA,2.26,equal
Mathematics,4,2024,NJ,VT,5.29,higher
Mathematics,4,2024,NJ,WA,2.54,equal
Mathematics,4,2024,NJ,WI,0.88,equal
Mathematics,4,2024,NJ,WV,8.62,higher
Mathematics,4,2024,NJ,WY,-3.26,equal
Mathematics,4,2024,NM,AK,-2.01,equal
Mathematics,4,2024,NM,AL,-12.51,lower
Mathematics,4,2024,NM,AR,-6.48,lower
Mathematics,4,2024,NM,AZ,-8.56,lower
Mathematics,4,2024,NM,CA,-9.2,lower
Mathematics,4,2024,NM,CO,-15.28,lower
Mathematics,4,2024,NM,CT,-15.23,lower
Mathematics,4,2024,NM,DC,-6.79,lower
Mathematics,4,2024,NM,DE,-9.34,lower
Mathematics,4,2024,NM,DS,-26.87,lower
Mathematics,4,2024,NM,FL,-19.56,lower
Mathematics,4,2024,NM,GA,-12.26,lower
Mathematics,4,2024,NM,HI,-15.43,lower
Mathematics,4,2024,NM,IA,-13.2,lower
Mathematics,4,2024,NM,ID,-14.55,lower
Mathematics,4,2024,NM,IL,-12.23,lower
Mathematics,4,2024,NM,IN,-16.46,lower
Mathematics,4,2024,NM,KS,-13.35,lower
Mathematics,4,2024,NM,KY,-13.97,lower
Mathematics,4,2024,NM,LA,-10.7,lower
Mathematics,4,2024,NM,MA,-22.64,lower
Mathematics,4,2024,NM,MD,-10.24,lower
Mathematics,4,2024,NM,ME,-9.29,lower
Mathematics,4,2024,NM,MI,-11.37,lower
Mathematics,4,2024,NM,MN,-16.81,lower
Mathematics,4,2024,NM,MO,-11.16,lower
Mathematics,4,2024,NM,MS,-15.33,lower
Mathematics,4,2024,NM,MT,-14.62,lower
Mathematics,4,2024,NM,NC,-15.01,lower
Mathematics,4,2024,NM,ND,-17.43,lower
Mathematics,4,2024,NM,NE,-14.35,lower
Mathematics,4,2024,NM,NH,-17.71,lower
Mathematics,4,2024,NM,NJ,-16.29,lower
Mathematics,4,2024,NM,NP,-13.46,lower
Mathematics,4,2024,NM,NV,-9.39,lower
Mathematics,4,2024,NM,NY,-10.32,lower
Mathematics,4,2024,NM,OH,-15.57,lower
Mathematics,4,2024,NM,OK,-8.71,lower
Mathematics,4,2024,NM,OR,-4.84,lower
Mathematics,4,2024,NM,PA,-14.34,lower
Mathematics,4,2024,NM,RI,-13.44,lower
Mathematics,4,2024,NM,SC,-13.8,lower
Mathematics,4,2024,NM,SD,-16.03,lower
Mathematics,4,2024,NM,TN,-15.77,lower
Mathematics,4,2024,NM,TX,-16.66,lower
Mathematics,4,2024,NM,UT,-17.7,lower
Mathematics,4,2024,NM,VA,-14.03,lower
Mathematics,4,2024,NM,VT,-11,lower
Mathematics,4,2024,NM,WA,-13.75,lower
Mathematics,4,2024,NM,WI,-15.4,lower
Mathematics,4,2024,NM,WV,-7.67,lower
Mathematics,4,2024,NM,WY,-19.55,lower
Mathematics,4,2024,NP,AK,11.44,higher
Mathematics,4,2024,NP,AL,0.95,equal
Mathematics,4,2024,NP,AR,6.98,higher
Mathematics,4,2024,NP,AZ,4.89,higher
Mathematics,4,2024,NP,CA,4.26,higher
Mathematics,4,2024,NP,CO,-1.83,equal
Mathematics,4,2024,NP,CT,-1.77,equal
Mathematics,4,2024,NP,DC,6.67,higher
Mathematics,4,2024,NP,DE,4.12,higher
Mathematics,4,2024,NP,DS,-13.41,lower
Mathematics,4,2024,NP,FL,-6.1,lower
Mathematics,4,2024,NP,GA,1.19,equal
Mathematics,4,2024,NP,HI,-1.98,equal
Mathematics,4,2024,NP,IA,0.26,equal
Mathematics,4,2024,NP,ID,-1.09,equal
Mathematics,4,2024,NP,IL,1.22,equal
Mathematics,4,2024,NP,IN,-3,equal
Mathematics,4,2024,NP,KS,0.1,equal
Mathematics,4,2024,NP,KY,-0.51,equal
Mathematics,4,2024,NP,LA,2.76,equal
Mathematics,4,2024,NP,MA,-9.18,lower
Mathematics,4,2024,NP,MD,3.22,equal
Mathematics,4,2024,NP,ME,4.17,higher
Mathematics,4,2024,NP,MI,2.09,equal
Mathematics,4,2024,NP,MN,-3.36,lower
Mathematics,4,2024,NP,MO,2.3,equal
Mathematics,4,2024,NP,MS,-1.87,equal
Mathematics,4,2024,NP,MT,-1.16,equal
Mathematics,4,2024,NP,NC,-1.56,equal
Mathematics,4,2024,NP,ND,-3.97,lower
Mathematics,4,2024,NP,NE,-0.89,equal
Mathematics,4,2024,NP,NH,-4.25,lower
Mathematics,4,2024,NP,NJ,-2.83,equal
Mathematics,4,2024,NP,NM,13.46,higher
Mathematics,4,2024,NP,NV,4.06,higher
Mathematics,4,2024,NP,NY,3.14,equal
Mathematics,4,2024,NP,OH,-2.11,equal
Mathematics,4,2024,NP,OK,4.75,higher
Mathematics,4,2024,NP,OR,8.61,higher
Mathematics,4,2024,NP,PA,-0.88,equal
Mathematics,4,2024,NP,RI,0.01,equal
Mathematics,4,2024,NP,SC,-0.34,equal
Mathematics,4,2024,NP,SD,-2.57,equal
Mathematics,4,2024,NP,TN,-2.31,equal
Mathematics,4,2024,NP,TX,-3.21,lower
Mathematics,4,2024,NP,UT,-4.24,lower
Mathematics,4,2024,NP,VA,-0.57,equal
Mathematics,4,2024,NP,VT,2.46,higher
Mathematics,4,2024,NP,WA,-0.29,equal
Mathematics,4,2024,NP,WI,-1.95,equal
Mathematics,4,2024,NP,WV,5.79,higher
Mathematics,4,2024,NP,WY,-6.1,lower
Mathematics,4,2024,NV,AK,7.38,higher
Mathematics,4,2024,NV,AL,-3.12,equal
Mathematics,4,2024,NV,AR,2.91,equal
Mathematics,4,2024,NV,AZ,0.83,equal
Mathematics,4,2024,NV,CA,0.2,equal
Mathematics,4,2024,NV,CO,-5.89,lower
Mathematics,4,2024,NV,CT,-5.83,lower
Mathematics,4,2024,NV,DC,2.61,equal
Mathematics,4,2024,NV,DE,0.05,equal
Mathematics,4,2024,NV,DS,-17.47,lower
Mathematics,4,2024,NV,FL,-10.16,lower
Mathematics,4,2024,NV,GA,-2.87,equal
Mathematics,4,2024,NV,HI,-6.04,lower
Mathematics,4,2024,NV,IA,-3.8,equal
Mathematics,4,2024,NV,ID,-5.15,lower
Mathematics,4,2024,NV,IL,-2.84,equal
Mathematics,4,2024,NV,IN,-7.07,lower
Mathematics,4,2024,NV,KS,-3.96,equal
Mathematics,4,2024,NV,KY,-4.57,lower
Mathematics,4,2024,NV,LA,-1.31,equal
Mathematics,4,2024,NV,MA,-13.25,lower
Mathematics,4,2024,NV,MD,-0.85,equal
Mathematics,4,2024,NV,ME,0.11,equal
Mathematics,4,2024,NV,MI,-1.98,equal
Mathematics,4,2024,NV,MN,-7.42,lower
Mathematics,4,2024,NV,MO,-1.76,equal
Mathematics,4,2024,NV,MS,-5.94,lower
Mathematics,4,2024,NV,MT,-5.22,lower
Mathematics,4,2024,NV,NC,-5.62,lower
Mathematics,4,2024,NV,ND,-8.04,lower
Mathematics,4,2024,NV,NE,-4.96,lower
Mathematics,4,2024,NV,NH,-8.32,lower
Mathematics,4,2024,NV,NJ,-6.89,lower
Mathematics,4,2024,NV,NM,9.39,higher
Mathematics,4,2024,NV,NP,-4.06,lower
Mathematics,4,2024,NV,NY,-0.92,equal
Mathematics,4,2024,NV,OH,-6.17,lower
Mathematics,4,2024,NV,OK,0.68,equal
Mathematics,4,2024,NV,OR,4.55,higher
Mathematics,4,2024,NV,PA,-4.94,lower
Mathematics,4,2024,NV,RI,-4.05,lower
Mathematics,4,2024,NV,SC,-4.4,lower
Mathematics,4,2024,NV,SD,-6.64,lower
Mathematics,4,2024,NV,TN,-6.38,lower
Mathematics,4,2024,NV,TX,-7.27,lower
Mathematics,4,2024,NV,UT,-8.3,lower
Mathematics,4,2024,NV,VA,-4.63,lower
Mathematics,4,2024,NV,VT,-1.61,equal
Mathematics,4,2024,NV,WA,-4.35,equal
Mathematics,4,2024,NV,WI,-6.01,lower
Mathematics,4,2024,NV,WV,1.73,equal
Mathematics,4,2024,NV,WY,-10.16,lower
Mathematics,4,2024,NY,AK,8.3,higher
Mathematics,4,2024,NY,AL,-2.19,equal
Mathematics,4,2024,NY,AR,3.84,equal
Mathematics,4,2024,NY,AZ,1.75,equal
Mathematics,4,2024,NY,CA,1.12,equal
Mathematics,4,2024,NY,CO,-4.97,lower
Mathematics,4,2024,NY,CT,-4.91,lower
Mathematics,4,2024,NY,DC,3.53,equal
Mathematics,4,2024,NY,DE,0.98,equal
Mathematics,4,2024,NY,DS,-16.55,lower
Mathematics,4,2024,NY,FL,-9.24,lower
Mathematics,4,2024,NY,GA,-1.95,equal
Mathematics,4,2024,NY,HI,-5.11,lower
Mathematics,4,2024,NY,IA,-2.88,equal
Mathematics,4,2024,NY,ID,-4.23,equal
Mathematics,4,2024,NY,IL,-1.92,equal
Mathematics,4,2024,NY,IN,-6.14,lower
Mathematics,4,2024,NY,KS,-3.04,equal
Mathematics,4,2024,NY,KY,-3.65,equal
Mathematics,4,2024,NY,LA,-0.38,equal
Mathematics,4,2024,NY,MA,-12.32,lower
Mathematics,4,2024,NY,MD,0.08,equal
Mathematics,4,2024,NY,ME,1.03,equal
Mathematics,4,2024,NY,MI,-1.05,equal
Mathematics,4,2024,NY,MN,-6.5,lower
Mathematics,4,2024,NY,MO,-0.84,equal
Mathematics,4,2024,NY,MS,-5.01,lower
Mathematics,4,2024,NY,MT,-4.3,equal
Mathematics,4,2024,NY,NC,-4.7,equal
Mathematics,4,2024,NY,ND,-7.11,lower
Mathematics,4,2024,NY,NE,-4.03,equal
Mathematics,4,2024,NY,NH,-7.39,lower
Mathematics,4,2024,NY,NJ,-5.97,equal
Mathematics,4,2024,NY,NM,10.32,higher
Mathematics,4,2024,NY,NP,-3.14,equal
Mathematics,4,2024,NY,NV,0.92,equal
Mathematics,4,2024,NY,OH,-5.25,lower
Mathematics,4,2024,NY,OK,1.61,equal
Mathematics,4,2024,NY,OR,5.47,higher
Mathematics,4,2024,NY,PA,-4.02,equal
Mathematics,4,2024,NY,RI,-3.13,equal
Mathematics,4,2024,NY,SC,-3.48,equal
Mathematics,4,2024,NY,SD,-5.71,lower
Mathematics,4,2024,NY,TN,-5.45,lower
Mathematics,4,2024,NY,TX,-6.35,lower
Mathematics,4,2024,NY,UT,-7.38,lower
Mathematics,4,2024,NY,VA,-3.71,equal
Mathematics,4,2024,NY,VT,-0.68,equal
Mathematics,4,2024,NY,WA,-3.43,equal
Mathematics,4,2024,NY,WI,-5.09,lower
Mathematics,4,2024,NY,WV,2.65,equal
Mathematics,4,2024,NY,WY,-9.24,lower
Mathematics,4,2024,OH,AK,13.56,higher
Mathematics,4,2024,OH,AL,3.06,equal
Mathematics,4,2024,OH,AR,9.09,higher
Mathematics,4,2024,OH,AZ,7,higher
Mathematics,4,2024,OH,CA,6.37,higher
Mathematics,4,2024,OH,CO,0.28,equal
Mathematics,4,2024,OH,CT,0.34,equal
Mathematics,4,2024,OH,DC,8.78,higher
Mathematics,4,2024,OH,DE,6.23,higher
Mathematics,4,2024,OH,DS,-11.3,lower
Mathematics,4,2024,OH,FL,-3.99,equal
Mathematics,4,2024,OH,GA,3.31,equal
Mathematics,4,2024,OH,HI,0.14,equal
Mathematics,4,2024,OH,IA,2.37,equal
Mathematics,4,2024,OH,ID,1.02,equal
Mathematics,4,2024,OH,IL,3.33,equal
Mathematics,4,2024,OH,IN,-0.89,equal
Mathematics,4,2024,OH,KS,2.21,equal
Mathematics,4,2024,OH,KY,1.6,equal
Mathematics,4,2024,OH,LA,4.87,higher
Mathematics,4,2024,OH,MA,-7.07,lower
Mathematics,4,2024,OH,MD,5.33,higher
Mathematics,4,2024,OH,ME,6.28,higher
Mathematics,4,2024,OH,MI,4.2,equal
Mathematics,4,2024,OH,MN,-1.24,equal
Mathematics,4,2024,OH,MO,4.41,higher
Mathematics,4,2024,OH,MS,0.24,equal
Mathematics,4,2024,OH,MT,0.95,equal
Mathematics,4,2024,OH,NC,0.55,equal
Mathematics,4,2024,OH,ND,-1.86,equal
Mathematics,4,2024,OH,NE,1.22,equal
Mathematics,4,2024,OH,NH,-2.14,equal
Mathematics,4,2024,OH,NJ,-0.72,equal
Mathematics,4,2024,OH,NM,15.57,higher
Mathematics,4,2024,OH,NP,2.11,equal
Mathematics,4,2024,OH,NV,6.17,higher
Mathematics,4,2024,OH,NY,5.25,higher
Mathematics,4,2024,OH,OK,6.86,higher
Mathematics,4,2024,OH,OR,10.73,higher
Mathematics,4,2024,OH,PA,1.23,equal
Mathematics,4,2024,OH,RI,2.13,equal
Mathematics,4,2024,OH,SC,1.77,equal
Mathematics,4,2024,OH,SD,-0.46,equal
Mathematics,4,2024,OH,TN,-0.2,equal
Mathematics,4,2024,OH,TX,-1.1,equal
Mathematics,4,2024,OH,UT,-2.13,equal
Mathematics,4,2024,OH,VA,1.54,equal
Mathematics,4,2024,OH,VT,4.57,higher
Mathematics,4,2024,OH,WA,1.82,equal
Mathematics,4,2024,OH,WI,0.16,equal
Mathematics,4,2024,OH,WV,7.9,higher
Mathematics,4,2024,OH,WY,-3.98,lower
Mathematics,4,2024,OK,AK,6.7,higher
Mathematics,4,2024,OK,AL,-3.8,equal
Mathematics,4,2024,OK,AR,2.23,equal
Mathematics,4,2024,OK,AZ,0.15,equal
Mathematics,4,2024,OK,CA,-0.49,equal
Mathematics,4,2024,OK,CO,-6.57,lower
Mathematics,4,2024,OK,CT,-6.51,lower
Mathematics,4,2024,OK,DC,1.93,equal
Mathematics,4,2024,OK,DE,-0.63,equal
Mathematics,4,2024,OK,DS,-18.15,lower
Mathematics,4,2024,OK,FL,-10.84,lower
Mathematics,4,2024,OK,GA,-3.55,equal
Mathematics,4,2024,OK,HI,-6.72,lower
Mathematics,4,2024,OK,IA,-4.49,lower
Mathematics,4,2024,OK,ID,-5.83,lower
Mathematics,4,2024,OK,IL,-3.52,equal
Mathematics,4,2024,OK,IN,-7.75,lower
Mathematics,4,2024,OK,KS,-4.64,lower
Mathematics,4,2024,OK,KY,-5.25,lower
Mathematics,4,2024,OK,LA,-1.99,equal
Mathematics,4,2024,OK,MA,-13.93,lower
Mathematics,4,2024,OK,MD,-1.53,equal
Mathematics,4,2024,OK,ME,-0.57,equal
Mathematics,4,2024,OK,MI,-2.66,equal
Mathematics,4,2024,OK,MN,-8.1,lower
Mathematics,4,2024,OK,MO,-2.44,equal
Mathematics,4,2024,OK,MS,-6.62,lower
Mathematics,4,2024,OK,MT,-5.91,lower
Mathematics,4,2024,OK,NC,-6.3,lower
Mathematics,4,2024,OK,ND,-8.72,lower
Mathematics,4,2024,OK,NE,-5.64,lower
Mathematics,4,2024,OK,NH,-9,lower
Mathematics,4,2024,OK,NJ,-7.58,lower
Mathematics,4,2024,OK,NM,8.71,higher
Mathematics,4,2024,OK,NP,-4.75,lower
Mathematics,4,2024,OK,NV,-0.68,equal
Mathematics,4,2024,OK,NY,-1.61,equal
Mathematics,4,2024,OK,OH,-6.86,lower
Mathematics,4,2024,OK,OR,3.87,higher
Mathematics,4,2024,OK,PA,-5.62,lower
Mathematics,4,2024,OK,RI,-4.73,lower
Mathematics,4,2024,OK,SC,-5.09,lower
Mathematics,4,2024,OK,SD,-7.32,lower
Mathematics,4,2024,OK,TN,-7.06,lower
Mathematics,4,2024,OK,TX,-7.95,lower
Mathematics,4,2024,OK,UT,-8.98,lower
Mathematics,4,2024,OK,VA,-5.31,lower
Mathematics,4,2024,OK,VT,-2.29,equal
Mathematics,4,2024,OK,WA,-5.03,lower
Mathematics,4,2024,OK,WI,-6.69,lower
Mathematics,4,2024,OK,WV,1.05,equal
Mathematics,4,2024,OK,WY,-10.84,lower
Mathematics,4,2024,OR,AK,2.83,equal
Mathematics,4,2024,OR,AL,-7.67,lower
Mathematics,4,2024,OR,AR,-1.64,equal
Mathematics,4,2024,OR,AZ,-3.72,equal
Mathematics,4,2024,OR,CA,-4.36,lower
Mathematics,4,2024,OR,CO,-10.44,lower
Mathematics,4,2024,OR,CT,-10.38,lower
Mathematics,4,2024,OR,DC,-1.94,equal
Mathematics,4,2024,OR,DE,-4.5,lower
Mathematics,4,2024,OR,DS,-22.02,lower
Mathematics,4,2024,OR,FL,-14.71,lower
Mathematics,4,2024,OR,GA,-7.42,lower
Mathematics,4,2024,OR,HI,-10.59,lower
Mathematics,4,2024,OR,IA,-8.35,lower
Mathematics,4,2024,OR,ID,-9.7,lower
Mathematics,4,2024,OR,IL,-7.39,lower
Mathematics,4,2024,OR,IN,-11.62,lower
Mathematics,4,2024,OR,KS,-8.51,lower
Mathematics,4,2024,OR,KY,-9.12,lower
Mathematics,4,2024,OR,LA,-5.86,lower
Mathematics,4,2024,OR,MA,-17.8,lower
Mathematics,4,2024,OR,MD,-5.4,lower
Mathematics,4,2024,OR,ME,-4.44,lower
Mathematics,4,2024,OR,MI,-6.53,lower
Mathematics,4,2024,OR,MN,-11.97,lower
Mathematics,4,2024,OR,MO,-6.31,lower
Mathematics,4,2024,OR,MS,-10.49,lower
Mathematics,4,2024,OR,MT,-9.77,lower
Mathematics,4,2024,OR,NC,-10.17,lower
Mathematics,4,2024,OR,ND,-12.59,lower
Mathematics,4,2024,OR,NE,-9.51,lower
Mathematics,4,2024,OR,NH,-12.87,lower
Mathematics,4,2024,OR,NJ,-11.45,lower
Mathematics,4,2024,OR,NM,4.84,higher
Mathematics,4,2024,OR,NP,-8.61,lower
Mathematics,4,2024,OR,NV,-4.55,lower
Mathematics,4,2024,OR,NY,-5.47,lower
Mathematics,4,2024,OR,OH,-10.73,lower
Mathematics,4,2024,OR,OK,-3.87,lower
Mathematics,4,2024,OR,PA,-9.49,lower
Mathematics,4,2024,OR,RI,-8.6,lower
Mathematics,4,2024,OR,SC,-8.96,lower
Mathematics,4,2024,OR,SD,-11.19,lower
Mathematics,4,2024,OR,TN,-10.93,lower
Mathematics,4,2024,OR,TX,-11.82,lower
Mathematics,4,2024,OR,UT,-12.85,lower
Mathematics,4,2024,OR,VA,-9.18,lower
Mathematics,4,2024,OR,VT,-6.16,lower
Mathematics,4,2024,OR,WA,-8.9,lower
Mathematics,4,2024,OR,WI,-10.56,lower
Mathematics,4,2024,OR,WV,-2.82,equal
Mathematics,4,2024,OR,WY,-14.71,lower
Mathematics,4,2024,PA,AK,12.32,higher
Mathematics,4,2024,PA,AL,1.83,equal
Mathematics,4,2024,PA,AR,7.85,higher
Mathematics,4,2024,PA,AZ,5.77,higher
Mathematics,4,2024,PA,CA,5.14,higher
Mathematics,4,2024,PA,CO,-0.95,equal
Mathematics,4,2024,PA,CT,-0.89,equal
Mathematics,4,2024,PA,DC,7.55,higher
Mathematics,4,2024,PA,DE,4.99,higher
Mathematics,4,2024,PA,DS,-12.53,lower
Mathematics,4,2024,PA,FL,-5.22,lower
Mathematics,4,2024,PA,GA,2.07,equal
Mathematics,4,2024,PA,HI,-1.1,equal
Mathematics,4,2024,PA,IA,1.14,equal
Mathematics,4,2024,PA,ID,-0.21,equal
Mathematics,4,2024,PA,IL,2.1,equal
Mathematics,4,2024,PA,IN,-2.12,equal
Mathematics,4,2024,PA,KS,0.98,equal
Mathematics,4,2024,PA,KY,0.37,equal
Mathematics,4,2024,PA,LA,3.64,equal
Mathematics,4,2024,PA,MA,-8.3,lower
Mathematics,4,2024,PA,MD,4.1,equal
Mathematics,4,2024,PA,ME,5.05,higher
Mathematics,4,2024,PA,MI,2.96,equal
Mathematics,4,2024,PA,MN,-2.48,equal
Mathematics,4,2024,PA,MO,3.18,equal
Mathematics,4,2024,PA,MS,-0.99,equal
Mathematics,4,2024,PA,MT,-0.28,equal
Mathematics,4,2024,PA,NC,-0.68,equal
Mathematics,4,2024,PA,ND,-3.1,equal
Mathematics,4,2024,PA,NE,-0.01,equal
Mathematics,4,2024,PA,NH,-3.38,equal
Mathematics,4,2024,PA,NJ,-1.95,equal
Mathematics,4,2024,PA,NM,14.34,higher
Mathematics,4,2024,PA,NP,0.88,equal
Mathematics,4,2024,PA,NV,4.94,higher
Mathematics,4,2024,PA,NY,4.02,equal
Mathematics,4,2024,PA,OH,-1.23,equal
Mathematics,4,2024,PA,OK,5.62,higher
Mathematics,4,2024,PA,OR,9.49,higher
Mathematics,4,2024,PA,RI,0.89,equal
Mathematics,4,2024,PA,SC,0.54,equal
Mathematics,4,2024,PA,SD,-1.7,equal
Mathematics,4,2024,PA,TN,-1.43,equal
Mathematics,4,2024,PA,TX,-2.33,equal
Mathematics,4,2024,PA,UT,-3.36,equal
Mathematics,4,2024,PA,VA,0.31,equal
Mathematics,4,2024,PA,VT,3.34,equal
Mathematics,4,2024,PA,WA,0.59,equal
Mathematics,4,2024,PA,WI,-1.07,equal
Mathematics,4,2024,PA,WV,6.67,higher
Mathematics,4,2024,PA,WY,-5.22,lower
Mathematics,4,2024,RI,AK,11.43,higher
Mathematics,4,2024,RI,AL,0.93,equal
Mathematics,4,2024,RI,AR,6.96,higher
Mathematics,4,2024,RI,AZ,4.88,higher
Mathematics,4,2024,RI,CA,4.25,higher
Mathematics,4,2024,RI,CO,-1.84,equal
Mathematics,4,2024,RI,CT,-1.78,equal
Mathematics,4,2024,RI,DC,6.66,higher
Mathematics,4,2024,RI,DE,4.1,higher
Mathematics,4,2024,RI,DS,-13.42,lower
Mathematics,4,2024,RI,FL,-6.11,lower
Mathematics,4,2024,RI,GA,1.18,equal
Mathematics,4,2024,RI,HI,-1.99,equal
Mathematics,4,2024,RI,IA,0.25,equal
Mathematics,4,2024,RI,ID,-1.1,equal
Mathematics,4,2024,RI,IL,1.21,equal
Mathematics,4,2024,RI,IN,-3.02,equal
Mathematics,4,2024,RI,KS,0.09,equal
Mathematics,4,2024,RI,KY,-0.52,equal
Mathematics,4,2024,RI,LA,2.74,equal
Mathematics,4,2024,RI,MA,-9.2,lower
Mathematics,4,2024,RI,MD,3.2,equal
Mathematics,4,2024,RI,ME,4.16,higher
Mathematics,4,2024,RI,MI,2.07,equal
Mathematics,4,2024,RI,MN,-3.37,equal
Mathematics,4,2024,RI,MO,2.29,equal
Mathematics,4,2024,RI,MS,-1.89,equal
Mathematics,4,2024,RI,MT,-1.17,equal
Mathematics,4,2024,RI,NC,-1.57,equal
Mathematics,4,2024,RI,ND,-3.99,lower
Mathematics,4,2024,RI,NE,-0.91,equal
Mathematics,4,2024,RI,NH,-4.27,lower
Mathematics,4,2024,RI,NJ,-2.85,equal
Mathematics,4,2024,RI,NM,13.44,higher
Mathematics,4,2024,RI,NP,-0.01,equal
Mathematics,4,2024,RI,NV,4.05,higher
Mathematics,4,2024,RI,NY,3.13,equal
Mathematics,4,2024,RI,OH,-2.13,equal
Mathematics,4,2024,RI,OK,4.73,higher
Mathematics,4,2024,RI,OR,8.6,higher
Mathematics,4,2024,RI,PA,-0.89,equal
Mathematics,4,2024,RI,SC,-0.36,equal
Mathematics,4,2024,RI,SD,-2.59,equal
Mathematics,4,2024,RI,TN,-2.33,equal
Mathematics,4,2024,RI,TX,-3.22,equal
Mathematics,4,2024,RI,UT,-4.25,lower
Mathematics,4,2024,RI,VA,-0.58,equal
Mathematics,4,2024,RI,VT,2.44,equal
Mathematics,4,2024,RI,WA,-0.3,equal
Mathematics,4,2024,RI,WI,-1.96,equal
Mathematics,4,2024,RI,WV,5.78,higher
Mathematics,4,2024,RI,WY,-6.11,lower
Mathematics,4,2024,SC,AK,11.79,higher
Mathematics,4,2024,SC,AL,1.29,equal
Mathematics,4,2024,SC,AR,7.32,higher
Mathematics,4,2024,SC,AZ,5.23,higher
Mathematics,4,2024,SC,CA,4.6,higher
Mathematics,4,2024,SC,CO,-1.48,equal
Mathematics,4,2024,SC,CT,-1.43,equal
Mathematics,4,2024,SC,DC,7.01,higher
Mathematics,4,2024,SC,DE,4.46,higher
Mathematics,4,2024,SC,DS,-13.07,lower
Mathematics,4,2024,SC,FL,-5.76,lower
Mathematics,4,2024,SC,GA,1.54,equal
Mathematics,4,2024,SC,HI,-1.63,equal
Mathematics,4,2024,SC,IA,0.6,equal
Mathematics,4,2024,SC,ID,-0.75,equal
Mathematics,4,2024,SC,IL,1.57,equal
Mathematics,4,2024,SC,IN,-2.66,equal
Mathematics,4,2024,SC,KS,0.45,equal
Mathematics,4,2024,SC,KY,-0.17,equal
Mathematics,4,2024,SC,LA,3.1,equal
Mathematics,4,2024,SC,MA,-8.84,lower
Mathematics,4,2024,SC,MD,3.56,equal
Mathematics,4,2024,SC,ME,4.51,higher
Mathematics,4,2024,SC,MI,2.43,equal
Mathematics,4,2024,SC,MN,-3.01,equal
Mathematics,4,2024,SC,MO,2.64,equal
Mathematics,4,2024,SC,MS,-1.53,equal
Mathematics,4,2024,SC,MT,-0.82,equal
Mathematics,4,2024,SC,NC,-1.22,equal
Mathematics,4,2024,SC,ND,-3.63,lower
Mathematics,4,2024,SC,NE,-0.55,equal
Mathematics,4,2024,SC,NH,-3.91,lower
Mathematics,4,2024,SC,NJ,-2.49,equal
Mathematics,4,2024,SC,NM,13.8,higher
Mathematics,4,2024,SC,NP,0.34,equal
Mathematics,4,2024,SC,NV,4.4,higher
Mathematics,4,2024,SC,NY,3.48,equal
Mathematics,4,2024,SC,OH,-1.77,equal
Mathematics,4,2024,SC,OK,5.09,higher
Mathematics,4,2024,SC,OR,8.96,higher
Mathematics,4,2024,SC,PA,-0.54,equal
Mathematics,4,2024,SC,RI,0.36,equal
Mathematics,4,2024,SC,SD,-2.23,equal
Mathematics,4,2024,SC,TN,-1.97,equal
Mathematics,4,2024,SC,TX,-2.87,equal
Mathematics,4,2024,SC,UT,-3.9,lower
Mathematics,4,2024,SC,VA,-0.23,equal
Mathematics,4,2024,SC,VT,2.8,equal
Mathematics,4,2024,SC,WA,0.05,equal
Mathematics,4,2024,SC,WI,-1.61,equal
Mathematics,4,2024,SC,WV,6.13,higher
Mathematics,4,2024,SC,WY,-5.75,lower
Mathematics,4,2024,SD,AK,14.02,higher
Mathematics,4,2024,SD,AL,3.52,equal
Mathematics,4,2024,SD,AR,9.55,higher
Mathematics,4,2024,SD,AZ,7.47,higher
Mathematics,4,2024,SD,CA,6.83,higher
Mathematics,4,2024,SD,CO,0.75,equal
Mathematics,4,2024,SD,CT,0.81,equal
Mathematics,4,2024,SD,DC,9.25,higher
Mathematics,4,2024,SD,DE,6.69,higher
Mathematics,4,2024,SD,DS,-10.84,lower
Mathematics,4,2024,SD,FL,-3.52,equal
Mathematics,4,2024,SD,GA,3.77,equal
Mathematics,4,2024,SD,HI,0.6,equal
Mathematics,4,2024,SD,IA,2.83,equal
Mathematics,4,2024,SD,ID,1.49,equal
Mathematics,4,2024,SD,IL,3.8,equal
Mathematics,4,2024,SD,IN,-0.43,equal
Mathematics,4,2024,SD,KS,2.68,equal
Mathematics,4,2024,SD,KY,2.07,equal
Mathematics,4,2024,SD,LA,5.33,higher
Mathematics,4,2024,SD,MA,-6.61,lower
Mathematics,4,2024,SD,MD,5.79,higher
Mathematics,4,2024,SD,ME,6.75,higher
Mathematics,4,2024,SD,MI,4.66,higher
Mathematics,4,2024,SD,MN,-0.78,equal
Mathematics,4,2024,SD,MO,4.88,higher
Mathematics,4,2024,SD,MS,0.7,equal
Mathematics,4,2024,SD,MT,1.41,equal
Mathematics,4,2024,SD,NC,1.02,equal
Mathematics,4,2024,SD,ND,-1.4,equal
Mathematics,4,2024,SD,NE,1.68,equal
Mathematics,4,2024,SD,NH,-1.68,equal
Mathematics,4,2024,SD,NJ,-0.26,equal
Mathematics,4,2024,SD,NM,16.03,higher
Mathematics,4,2024,SD,NP,2.57,equal
Mathematics,4,2024,SD,NV,6.64,higher
Mathematics,4,2024,SD,NY,5.71,higher
Mathematics,4,2024,SD,OH,0.46,equal
Mathematics,4,2024,SD,OK,7.32,higher
Mathematics,4,2024,SD,OR,11.19,higher
Mathematics,4,2024,SD,PA,1.7,equal
Mathematics,4,2024,SD,RI,2.59,equal
Mathematics,4,2024,SD,SC,2.23,equal
Mathematics,4,2024,SD,TN,0.26,equal
Mathematics,4,2024,SD,TX,-0.63,equal
Mathematics,4,2024,SD,UT,-1.66,equal
Mathematics,4,2024,SD,VA,2,equal
Mathematics,4,2024,SD,VT,5.03,higher
Mathematics,4,2024,SD,WA,2.29,equal
Mathematics,4,2024,SD,WI,0.63,equal
Mathematics,4,2024,SD,WV,8.36,higher
Mathematics,4,2024,SD,WY,-3.52,lower
Mathematics,4,2024,TN,AK,13.76,higher
Mathematics,4,2024,TN,AL,3.26,equal
Mathematics,4,2024,TN,AR,9.29,higher
Mathematics,4,2024,TN,AZ,7.21,higher
Mathematics,4,2024,TN,CA,6.57,higher
Mathematics,4,2024,TN,CO,0.49,equal
Mathematics,4,2024,TN,CT,0.55,equal
Mathematics,4,2024,TN,DC,8.98,higher
Mathematics,4,2024,TN,DE,6.43,higher
Mathematics,4,2024,TN,DS,-11.1,lower
Mathematics,4,2024,TN,FL,-3.79,lower
Mathematics,4,2024,TN,GA,3.51,equal
Mathematics,4,2024,TN,HI,0.34,equal
Mathematics,4,2024,TN,IA,2.57,equal
Mathematics,4,2024,TN,ID,1.22,equal
Mathematics,4,2024,TN,IL,3.54,equal
Mathematics,4,2024,TN,IN,-0.69,equal
Mathematics,4,2024,TN,KS,2.42,equal
Mathematics,4,2024,TN,KY,1.8,equal
Mathematics,4,2024,TN,LA,5.07,higher
Mathematics,4,2024,TN,MA,-6.87,lower
Mathematics,4,2024,TN,MD,5.53,higher
Mathematics,4,2024,TN,ME,6.48,higher
Mathematics,4,2024,TN,MI,4.4,higher
Mathematics,4,2024,TN,MN,-1.04,equal
Mathematics,4,2024,TN,MO,4.61,higher
Mathematics,4,2024,TN,MS,0.44,equal
Mathematics,4,2024,TN,MT,1.15,equal
Mathematics,4,2024,TN,NC,0.76,equal
Mathematics,4,2024,TN,ND,-1.66,equal
Mathematics,4,2024,TN,NE,1.42,equal
Mathematics,4,2024,TN,NH,-1.94,equal
Mathematics,4,2024,TN,NJ,-0.52,equal
Mathematics,4,2024,TN,NM,15.77,higher
Mathematics,4,2024,TN,NP,2.31,equal
Mathematics,4,2024,TN,NV,6.38,higher
Mathematics,4,2024,TN,NY,5.45,higher
Mathematics,4,2024,TN,OH,0.2,equal
Mathematics,4,2024,TN,OK,7.06,higher
Mathematics,4,2024,TN,OR,10.93,higher
Mathematics,4,2024,TN,PA,1.43,equal
Mathematics,4,2024,TN,RI,2.33,equal
Mathematics,4,2024,TN,SC,1.97,equal
Mathematics,4,2024,TN,SD,-0.26,equal
Mathematics,4,2024,TN,TX,-0.89,equal
Mathematics,4,2024,TN,UT,-1.93,equal
Mathematics,4,2024,TN,VA,1.74,equal
Mathematics,4,2024,TN,VT,4.77,higher
Mathematics,4,2024,TN,WA,2.03,equal
Mathematics,4,2024,TN,WI,0.37,equal
Mathematics,4,2024,TN,WV,8.1,higher
Mathematics,4,2024,TN,WY,-3.78,lower
Mathematics,4,2024,TX,AK,14.65,higher
Mathematics,4,2024,TX,AL,4.16,equal
Mathematics,4,2024,TX,AR,10.18,higher
Mathematics,4,2024,TX,AZ,8.1,higher
Mathematics,4,2024,TX,CA,7.47,higher
Mathematics,4,2024,TX,CO,1.38,equal
Mathematics,4,2024,TX,CT,1.44,equal
Mathematics,4,2024,TX,DC,9.88,higher
Mathematics,4,2024,TX,DE,7.32,higher
Mathematics,4,2024,TX,DS,-10.2,lower
Mathematics,4,2024,TX,FL,-2.89,equal
Mathematics,4,2024,TX,GA,4.4,higher
Mathematics,4,2024,TX,HI,1.23,equal
Mathematics,4,2024,TX,IA,3.47,equal
Mathematics,4,2024,TX,ID,2.12,equal
Mathematics,4,2024,TX,IL,4.43,higher
Mathematics,4,2024,TX,IN,0.2,equal
Mathematics,4,2024,TX,KS,3.31,equal
Mathematics,4,2024,TX,KY,2.7,equal
Mathematics,4,2024,TX,LA,5.96,higher
Mathematics,4,2024,TX,MA,-5.98,lower
Mathematics,4,2024,TX,MD,6.42,higher
Mathematics,4,2024,TX,ME,7.38,higher
Mathematics,4,2024,TX,MI,5.29,higher
Mathematics,4,2024,TX,MN,-0.15,equal
Mathematics,4,2024,TX,MO,5.51,higher
Mathematics,4,2024,TX,MS,1.34,equal
Mathematics,4,2024,TX,MT,2.05,equal
Mathematics,4,2024,TX,NC,1.65,equal
Mathematics,4,2024,TX,ND,-0.77,equal
Mathematics,4,2024,TX,NE,2.32,equal
Mathematics,4,2024,TX,NH,-1.05,equal
Mathematics,4,2024,TX,NJ,0.38,equal
Mathematics,4,2024,TX,NM,16.66,higher
Mathematics,4,2024,TX,NP,3.21,higher
Mathematics,4,2024,TX,NV,7.27,higher
Mathematics,4,2024,TX,NY,6.35,higher
Mathematics,4,2024,TX,OH,1.1,equal
Mathematics,4,2024,TX,OK,7.95,higher
Mathematics,4,2024,TX,OR,11.82,higher
Mathematics,4,2024,TX,PA,2.33,equal
Mathematics,4,2024,TX,RI,3.22,equal
Mathematics,4,2024,TX,SC,2.87,equal
Mathematics,4,2024,TX,SD,0.63,equal
Mathematics,4,2024,TX,TN,0.89,equal
Mathematics,4,2024,TX,UT,-1.03,equal
Mathematics,4,2024,TX,VA,2.64,equal
Mathematics,4,2024,TX,VT,5.66,higher
Mathematics,4,2024,TX,WA,2.92,equal
Mathematics,4,2024,TX,WI,1.26,equal
Mathematics,4,2024,TX,WV,9,higher
Mathematics,4,2024,TX,WY,-2.89,equal
Mathematics,4,2024,UT,AK,15.68,higher
Mathematics,4,2024,UT,AL,5.19,higher
Mathematics,4,2024,UT,AR,11.21,higher
Mathematics,4,2024,UT,AZ,9.13,higher
Mathematics,4,2024,UT,CA,8.5,higher
Mathematics,4,2024,UT,CO,2.41,equal
Mathematics,4,2024,UT,CT,2.47,equal
Mathematics,4,2024,UT,DC,10.91,higher
Mathematics,4,2024,UT,DE,8.35,higher
Mathematics,4,2024,UT,DS,-9.17,lower
Mathematics,4,2024,UT,FL,-1.86,equal
Mathematics,4,2024,UT,GA,5.43,higher
Mathematics,4,2024,UT,HI,2.26,equal
Mathematics,4,2024,UT,IA,4.5,higher
Mathematics,4,2024,UT,ID,3.15,equal
Mathematics,4,2024,UT,IL,5.46,higher
Mathematics,4,2024,UT,IN,1.24,equal
Mathematics,4,2024,UT,KS,4.34,higher
Mathematics,4,2024,UT,KY,3.73,equal
Mathematics,4,2024,UT,LA,7,higher
Mathematics,4,2024,UT,MA,-4.94,lower
Mathematics,4,2024,UT,MD,7.46,higher
Mathematics,4,2024,UT,ME,8.41,higher
Mathematics,4,2024,UT,MI,6.32,higher
Mathematics,4,2024,UT,MN,0.88,equal
Mathematics,4,2024,UT,MO,6.54,higher
Mathematics,4,2024,UT,MS,2.37,equal
Mathematics,4,2024,UT,MT,3.08,equal
Mathematics,4,2024,UT,NC,2.68,equal
Mathematics,4,2024,UT,ND,0.26,equal
Mathematics,4,2024,UT,NE,3.35,equal
Mathematics,4,2024,UT,NH,-0.01,equal
Mathematics,4,2024,UT,NJ,1.41,equal
Mathematics,4,2024,UT,NM,17.7,higher
Mathematics,4,2024,UT,NP,4.24,higher
Mathematics,4,2024,UT,NV,8.3,higher
Mathematics,4,2024,UT,NY,7.38,higher
Mathematics,4,2024,UT,OH,2.13,equal
Mathematics,4,2024,UT,OK,8.98,higher
Mathematics,4,2024,UT,OR,12.85,higher
Mathematics,4,2024,UT,PA,3.36,equal
Mathematics,4,2024,UT,RI,4.25,higher
Mathematics,4,2024,UT,SC,3.9,higher
Mathematics,4,2024,UT,SD,1.66,equal
Mathematics,4,2024,UT,TN,1.93,equal
Mathematics,4,2024,UT,TX,1.03,equal
Mathematics,4,2024,UT,VA,3.67,equal
Mathematics,4,2024,UT,VT,6.7,higher
Mathematics,4,2024,UT,WA,3.95,equal
Mathematics,4,2024,UT,WI,2.29,equal
Mathematics,4,2024,UT,WV,10.03,higher
Mathematics,4,2024,UT,WY,-1.86,equal
Mathematics,4,2024,VA,AK,12.01,higher
Mathematics,4,2024,VA,AL,1.52,equal
Mathematics,4,2024,VA,AR,7.55,higher
Mathematics,4,2024,VA,AZ,5.46,higher
Mathematics,4,2024,VA,CA,4.83,higher
Mathematics,4,2024,VA,CO,-1.26,equal
Mathematics,4,2024,VA,CT,-1.2,equal
Mathematics,4,2024,VA,DC,7.24,higher
Mathematics,4,2024,VA,DE,4.69,higher
Mathematics,4,2024,VA,DS,-12.84,lower
Mathematics,4,2024,VA,FL,-5.53,lower
Mathematics,4,2024,VA,GA,1.76,equal
Mathematics,4,2024,VA,HI,-1.41,equal
Mathematics,4,2024,VA,IA,0.83,equal
Mathematics,4,2024,VA,ID,-0.52,equal
Mathematics,4,2024,VA,IL,1.79,equal
Mathematics,4,2024,VA,IN,-2.43,equal
Mathematics,4,2024,VA,KS,0.67,equal
Mathematics,4,2024,VA,KY,0.06,equal
Mathematics,4,2024,VA,LA,3.33,equal
Mathematics,4,2024,VA,MA,-8.61,lower
Mathematics,4,2024,VA,MD,3.79,equal
Mathematics,4,2024,VA,ME,4.74,higher
Mathematics,4,2024,VA,MI,2.65,equal
Mathematics,4,2024,VA,MN,-2.79,equal
Mathematics,4,2024,VA,MO,2.87,equal
Mathematics,4,2024,VA,MS,-1.3,equal
Mathematics,4,2024,VA,MT,-0.59,equal
Mathematics,4,2024,VA,NC,-0.99,equal
Mathematics,4,2024,VA,ND,-3.4,equal
Mathematics,4,2024,VA,NE,-0.32,equal
Mathematics,4,2024,VA,NH,-3.68,equal
Mathematics,4,2024,VA,NJ,-2.26,equal
Mathematics,4,2024,VA,NM,14.03,higher
Mathematics,4,2024,VA,NP,0.57,equal
Mathematics,4,2024,VA,NV,4.63,higher
Mathematics,4,2024,VA,NY,3.71,equal
Mathematics,4,2024,VA,OH,-1.54,equal
Mathematics,4,2024,VA,OK,5.31,higher
Mathematics,4,2024,VA,OR,9.18,higher
Mathematics,4,2024,VA,PA,-0.31,equal
Mathematics,4,2024,VA,RI,0.58,equal
Mathematics,4,2024,VA,SC,0.23,equal
Mathematics,4,2024,VA,SD,-2,equal
Mathematics,4,2024,VA,TN,-1.74,equal
Mathematics,4,2024,VA,TX,-2.64,equal
Mathematics,4,2024,VA,UT,-3.67,equal
Mathematics,4,2024,VA,VT,3.03,equal
Mathematics,4,2024,VA,WA,0.28,equal
Mathematics,4,2024,VA,WI,-1.38,equal
Mathematics,4,2024,VA,WV,6.36,higher
Mathematics,4,2024,VA,WY,-5.53,lower
Mathematics,4,2024,VT,AK,8.99,higher
Mathematics,4,2024,VT,AL,-1.51,equal
Mathematics,4,2024,VT,AR,4.52,higher
Mathematics,4,2024,VT,AZ,2.44,equal
Mathematics,4,2024,VT,CA,1.8,equal
Mathematics,4,2024,VT,CO,-4.28,lower
Mathematics,4,2024,VT,CT,-4.22,lower
Mathematics,4,2024,VT,DC,4.21,higher
Mathematics,4,2024,VT,DE,1.66,equal
Mathematics,4,2024,VT,DS,-15.87,lower
Mathematics,4,2024,VT,FL,-8.56,lower
Mathematics,4,2024,VT,GA,-1.26,equal
Mathematics,4,2024,VT,HI,-4.43,lower
Mathematics,4,2024,VT,IA,-2.2,equal
Mathematics,4,2024,VT,ID,-3.55,lower
Mathematics,4,2024,VT,IL,-1.23,equal
Mathematics,4,2024,VT,IN,-5.46,lower
Mathematics,4,2024,VT,KS,-2.35,equal
Mathematics,4,2024,VT,KY,-2.97,equal
Mathematics,4,2024,VT,LA,0.3,equal
Mathematics,4,2024,VT,MA,-11.64,lower
Mathematics,4,2024,VT,MD,0.76,equal
Mathematics,4,2024,VT,ME,1.71,equal
Mathematics,4,2024,VT,MI,-0.37,equal
Mathematics,4,2024,VT,MN,-5.81,lower
Mathematics,4,2024,VT,MO,-0.16,equal
Mathematics,4,2024,VT,MS,-4.33,lower
Mathematics,4,2024,VT,MT,-3.62,lower
Mathematics,4,2024,VT,NC,-4.01,lower
Mathematics,4,2024,VT,ND,-6.43,lower
Mathematics,4,2024,VT,NE,-3.35,lower
Mathematics,4,2024,VT,NH,-6.71,lower
Mathematics,4,2024,VT,NJ,-5.29,lower
Mathematics,4,2024,VT,NM,11,higher
Mathematics,4,2024,VT,NP,-2.46,lower
Mathematics,4,2024,VT,NV,1.61,equal
Mathematics,4,2024,VT,NY,0.68,equal
Mathematics,4,2024,VT,OH,-4.57,lower
Mathematics,4,2024,VT,OK,2.29,equal
Mathematics,4,2024,VT,OR,6.16,higher
Mathematics,4,2024,VT,PA,-3.34,equal
Mathematics,4,2024,VT,RI,-2.44,equal
Mathematics,4,2024,VT,SC,-2.8,equal
Mathematics,4,2024,VT,SD,-5.03,lower
Mathematics,4,2024,VT,TN,-4.77,lower
Mathematics,4,2024,VT,TX,-5.66,lower
Mathematics,4,2024,VT,UT,-6.7,lower
Mathematics,4,2024,VT,VA,-3.03,equal
Mathematics,4,2024,VT,WA,-2.74,equal
Mathematics,4,2024,VT,WI,-4.4,lower
Mathematics,4,2024,VT,WV,3.33,higher
Mathematics,4,2024,VT,WY,-8.55,lower
Mathematics,4,2024,WA,AK,11.73,higher
Mathematics,4,2024,WA,AL,1.24,equal
Mathematics,4,2024,WA,AR,7.26,higher
Mathematics,4,2024,WA,AZ,5.18,higher
Mathematics,4,2024,WA,CA,4.55,higher
Mathematics,4,2024,WA,CO,-1.54,equal
Mathematics,4,2024,WA,CT,-1.48,equal
Mathematics,4,2024,WA,DC,6.96,higher
Mathematics,4,2024,WA,DE,4.4,higher
Mathematics,4,2024,WA,DS,-13.12,lower
Mathematics,4,2024,WA,FL,-5.81,lower
Mathematics,4,2024,WA,GA,1.48,equal
Mathematics,4,2024,WA,HI,-1.69,equal
Mathematics,4,2024,WA,IA,0.55,equal
Mathematics,4,2024,WA,ID,-0.8,equal
Mathematics,4,2024,WA,IL,1.51,equal
Mathematics,4,2024,WA,IN,-2.72,equal
Mathematics,4,2024,WA,KS,0.39,equal
Mathematics,4,2024,WA,KY,-0.22,equal
Mathematics,4,2024,WA,LA,3.04,equal
Mathematics,4,2024,WA,MA,-8.9,lower
Mathematics,4,2024,WA,MD,3.5,equal
Mathematics,4,2024,WA,ME,4.46,higher
Mathematics,4,2024,WA,MI,2.37,equal
Mathematics,4,2024,WA,MN,-3.07,equal
Mathematics,4,2024,WA,MO,2.59,equal
Mathematics,4,2024,WA,MS,-1.58,equal
Mathematics,4,2024,WA,MT,-0.87,equal
Mathematics,4,2024,WA,NC,-1.27,equal
Mathematics,4,2024,WA,ND,-3.69,equal
Mathematics,4,2024,WA,NE,-0.6,equal
Mathematics,4,2024,WA,NH,-3.97,lower
Mathematics,4,2024,WA,NJ,-2.54,equal
Mathematics,4,2024,WA,NM,13.75,higher
Mathematics,4,2024,WA,NP,0.29,equal
Mathematics,4,2024,WA,NV,4.35,equal
Mathematics,4,2024,WA,NY,3.43,equal
Mathematics,4,2024,WA,OH,-1.82,equal
Mathematics,4,2024,WA,OK,5.03,higher
Mathematics,4,2024,WA,OR,8.9,higher
Mathematics,4,2024,WA,PA,-0.59,equal
Mathematics,4,2024,WA,RI,0.3,equal
Mathematics,4,2024,WA,SC,-0.05,equal
Mathematics,4,2024,WA,SD,-2.29,equal
Mathematics,4,2024,WA,TN,-2.03,equal
Mathematics,4,2024,WA,TX,-2.92,equal
Mathematics,4,2024,WA,UT,-3.95,equal
Mathematics,4,2024,WA,VA,-0.28,equal
Mathematics,4,2024,WA,VT,2.74,equal
Mathematics,4,2024,WA,WI,-1.66,equal
Mathematics,4,2024,WA,WV,6.08,higher
Mathematics,4,2024,WA,WY,-5.81,lower
Mathematics,4,2024,WI,AK,13.39,higher
Mathematics,4,2024,WI,AL,2.9,equal
Mathematics,4,2024,WI,AR,8.92,higher
Mathematics,4,2024,WI,AZ,6.84,higher
Mathematics,4,2024,WI,CA,6.21,higher
Mathematics,4,2024,WI,CO,0.12,equal
Mathematics,4,2024,WI,CT,0.18,equal
Mathematics,4,2024,WI,DC,8.62,higher
Mathematics,4,2024,WI,DE,6.06,higher
Mathematics,4,2024,WI,DS,-11.46,lower
Mathematics,4,2024,WI,FL,-4.15,lower
Mathematics,4,2024,WI,GA,3.14,equal
Mathematics,4,2024,WI,HI,-0.03,equal
Mathematics,4,2024,WI,IA,2.21,equal
Mathematics,4,2024,WI,ID,0.86,equal
Mathematics,4,2024,WI,IL,3.17,equal
Mathematics,4,2024,WI,IN,-1.06,equal
Mathematics,4,2024,WI,KS,2.05,equal
Mathematics,4,2024,WI,KY,1.44,equal
Mathematics,4,2024,WI,LA,4.7,higher
Mathematics,4,2024,WI,MA,-7.24,lower
Mathematics,4,2024,WI,MD,5.16,higher
Mathematics,4,2024,WI,ME,6.12,higher
Mathematics,4,2024,WI,MI,4.03,higher
Mathematics,4,2024,WI,MN,-1.41,equal
Mathematics,4,2024,WI,MO,4.25,higher
Mathematics,4,2024,WI,MS,0.08,equal
Mathematics,4,2024,WI,MT,0.79,equal
Mathematics,4,2024,WI,NC,0.39,equal
Mathematics,4,2024,WI,ND,-2.03,equal
Mathematics,4,2024,WI,NE,1.06,equal
Mathematics,4,2024,WI,NH,-2.31,equal
Mathematics,4,2024,WI,NJ,-0.88,equal
Mathematics,4,2024,WI,NM,15.4,higher
Mathematics,4,2024,WI,NP,1.95,equal
Mathematics,4,2024,WI,NV,6.01,higher
Mathematics,4,2024,WI,NY,5.09,higher
Mathematics,4,2024,WI,OH,-0.16,equal
Mathematics,4,2024,WI,OK,6.69,higher
Mathematics,4,2024,WI,OR,10.56,higher
Mathematics,4,2024,WI,PA,1.07,equal
Mathematics,4,2024,WI,RI,1.96,equal
Mathematics,4,2024,WI,SC,1.61,equal
Mathematics,4,2024,WI,SD,-0.63,equal
Mathematics,4,2024,WI,TN,-0.37,equal
Mathematics,4,2024,WI,TX,-1.26,equal
Mathematics,4,2024,WI,UT,-2.29,equal
Mathematics,4,2024,WI,VA,1.38,equal
Mathematics,4,2024,WI,VT,4.4,higher
Mathematics,4,2024,WI,WA,1.66,equal
Mathematics,4,2024,WI,WV,7.74,higher
Mathematics,4,2024,WI,WY,-4.15,lower
Mathematics,4,2024,WV,AK,5.65,higher
Mathematics,4,2024,WV,AL,-4.84,lower
Mathematics,4,2024,WV,AR,1.19,equal
Mathematics,4,2024,WV,AZ,-0.9,equal
Mathematics,4,2024,WV,CA,-1.53,equal
Mathematics,4,2024,WV,CO,-7.62,lower
Mathematics,4,2024,WV,CT,-7.56,lower
Mathematics,4,2024,WV,DC,0.88,equal
Mathematics,4,2024,WV,DE,-1.67,equal
Mathematics,4,2024,WV,DS,-19.2,lower
Mathematics,4,2024,WV,FL,-11.89,lower
Mathematics,4,2024,WV,GA,-4.6,lower
Mathematics,4,2024,WV,HI,-7.77,lower
Mathematics,4,2024,WV,IA,-5.53,lower
Mathematics,4,2024,WV,ID,-6.88,lower
Mathematics,4,2024,WV,IL,-4.57,lower
Mathematics,4,2024,WV,IN,-8.79,lower
Mathematics,4,2024,WV,KS,-5.69,lower
Mathematics,4,2024,WV,KY,-6.3,lower
Mathematics,4,2024,WV,LA,-3.03,equal
Mathematics,4,2024,WV,MA,-14.97,lower
Mathematics,4,2024,WV,MD,-2.57,equal
Mathematics,4,2024,WV,ME,-1.62,equal
Mathematics,4,2024,WV,MI,-3.71,lower
Mathematics,4,2024,WV,MN,-9.15,lower
Mathematics,4,2024,WV,MO,-3.49,lower
Mathematics,4,2024,WV,MS,-7.66,lower
Mathematics,4,2024,WV,MT,-6.95,lower
Mathematics,4,2024,WV,NC,-7.35,lower
Mathematics,4,2024,WV,ND,-9.76,lower
Mathematics,4,2024,WV,NE,-6.68,lower
Mathematics,4,2024,WV,NH,-10.04,lower
Mathematics,4,2024,WV,NJ,-8.62,lower
Mathematics,4,2024,WV,NM,7.67,higher
Mathematics,4,2024,WV,NP,-5.79,lower
Mathematics,4,2024,WV,NV,-1.73,equal
Mathematics,4,2024,WV,NY,-2.65,equal
Mathematics,4,2024,WV,OH,-7.9,lower
Mathematics,4,2024,WV,OK,-1.05,equal
Mathematics,4,2024,WV,OR,2.82,equal
Mathematics,4,2024,WV,PA,-6.67,lower
Mathematics,4,2024,WV,RI,-5.78,lower
Mathematics,4,2024,WV,SC,-6.13,lower
Mathematics,4,2024,WV,SD,-8.36,lower
Mathematics,4,2024,WV,TN,-8.1,lower
Mathematics,4,2024,WV,TX,-9,lower
Mathematics,4,2024,WV,UT,-10.03,lower
Mathematics,4,2024,WV,VA,-6.36,lower
Mathematics,4,2024,WV,VT,-3.33,lower
Mathematics,4,2024,WV,WA,-6.08,lower
Mathematics,4,2024,WV,WI,-7.74,lower
Mathematics,4,2024,WV,WY,-11.89,lower
Mathematics,4,2024,WY,AK,17.54,higher
Mathematics,4,2024,WY,AL,7.04,higher
Mathematics,4,2024,WY,AR,13.07,higher
Mathematics,4,2024,WY,AZ,10.99,higher
Mathematics,4,2024,WY,CA,10.36,higher
Mathematics,4,2024,WY,CO,4.27,higher
Mathematics,4,2024,WY,CT,4.33,higher
Mathematics,4,2024,WY,DC,12.77,higher
Mathematics,4,2024,WY,DE,10.21,higher
Mathematics,4,2024,WY,DS,-7.31,lower
Mathematics,4,2024,WY,FL,-0,equal
Mathematics,4,2024,WY,GA,7.29,higher
Mathematics,4,2024,WY,HI,4.12,higher
Mathematics,4,2024,WY,IA,6.36,higher
Mathematics,4,2024,WY,ID,5.01,higher
Mathematics,4,2024,WY,IL,7.32,higher
Mathematics,4,2024,WY,IN,3.09,equal
Mathematics,4,2024,WY,KS,6.2,higher
Mathematics,4,2024,WY,KY,5.59,higher
Mathematics,4,2024,WY,LA,8.85,higher
Mathematics,4,2024,WY,MA,-3.09,equal
Mathematics,4,2024,WY,MD,9.31,higher
Mathematics,4,2024,WY,ME,10.27,higher
Mathematics,4,2024,WY,MI,8.18,higher
Mathematics,4,2024,WY,MN,2.74,equal
Mathematics,4,2024,WY,MO,8.4,higher
Mathematics,4,2024,WY,MS,4.22,higher
Mathematics,4,2024,WY,MT,4.94,higher
Mathematics,4,2024,WY,NC,4.54,higher
Mathematics,4,2024,WY,ND,2.12,equal
Mathematics,4,2024,WY,NE,5.2,higher
Mathematics,4,2024,WY,NH,1.84,equal
Mathematics,4,2024,WY,NJ,3.26,equal
Mathematics,4,2024,WY,NM,19.55,higher
Mathematics,4,2024,WY,NP,6.1,higher
Mathematics,4,2024,WY,NV,10.16,higher
Mathematics,4,2024,WY,NY,9.24,higher
Mathematics,4,2024,WY,OH,3.98,higher
Mathematics,4,2024,WY,OK,10.84,higher
Mathematics,4,2024,WY,OR,14.71,higher
Mathematics,4,2024,WY,PA,5.22,higher
Mathematics,4,2024,WY,RI,6.11,higher
Mathematics,4,2024,WY,SC,5.75,higher
Mathematics,4,2024,WY,SD,3.52,higher
Mathematics,4,2024,WY,TN,3.78,higher
Mathematics,4,2024,WY,TX,2.89,equal
Mathematics,4,2024,WY,UT,1.86,equal
Mathematics,4,2024,WY,VA,5.53,higher
Mathematics,4,2024,WY,VT,8.55,higher
Mathematics,4,2024,WY,WA,5.81,higher
Mathematics,4,2024,WY,WI,4.15,higher
Mathematics,4,2024,WY,WV,11.89,higher
Mathematics,8,2024,AK,AL,2.19,equal
Mathematics,8,2024,AK,AR,-2.23,equal
Mathematics,8,2024,AK,AZ,-5.69,lower
Mathematics,8,2024,AK,CA,-4.82,lower
Mathematics,8,2024,AK,CO,-14.15,lower
Mathematics,8,2024,AK,CT,-12.71,lower
Mathematics,8,2024,AK,DC,2.42,equal
Mathematics,8,2024,AK,DE,0.91,equal
Mathematics,8,2024,AK,DS,-27.45,lower
Mathematics,8,2024,AK,FL,-3.28,equal
Mathematics,8,2024,AK,GA,-4.69,lower
Mathematics,8,2024,AK,HI,-6.08,lower
Mathematics,8,2024,AK,IA,-10.86,lower
Mathematics,8,2024,AK,ID,-14.14,lower
Mathematics,8,2024,AK,IL,-13.45,lower
Mathematics,8,2024,AK,IN,-14.22,lower
Mathematics,8,2024,AK,KS,-10.17,lower
Mathematics,8,2024,AK,KY,-6.85,lower
Mathematics,8,2024,AK,LA,-2.82,equal
Mathematics,8,2024,AK,MA,-19.5,lower
Mathematics,8,2024,AK,MD,-4.25,lower
Mathematics,8,2024,AK,ME,-8.66,lower
Mathematics,8,2024,AK,MI,-6.02,lower
Mathematics,8,2024,AK,MN,-18.12,lower
Mathematics,8,2024,AK,MO,-6.4,lower
Mathematics,8,2024,AK,MS,-5.1,lower
Mathematics,8,2024,AK,MT,-15.12,lower
Mathematics,8,2024,AK,NC,-11.86,lower
Mathematics,8,2024,AK,ND,-15.8,lower
Mathematics,8,2024,AK,NE,-15.92,lower
Mathematics,8,2024,AK,NH,-15.78,lower
Mathematics,8,2024,AK,NJ,-17.72,lower
Mathematics,8,2024,AK,NM,7.75,higher
Mathematics,8,2024,AK,NP,-8.27,lower
Mathematics,8,2024,AK,NV,-1.21,equal
Mathematics,8,2024,AK,NY,-6.89,lower
Mathematics,8,2024,AK,OH,-14.85,lower
Mathematics,8,2024,AK,OK,-0.49,equal
Mathematics,8,2024,AK,OR,-3.98,equal
Mathematics,8,2024,AK,PA,-12.28,lower
Mathematics,8,2024,AK,RI,-5.86,lower
Mathematics,8,2024,AK,SC,-4.04,lower
Mathematics,8,2024,AK,SD,-17.14,lower
Mathematics,8,2024,AK,TN,-12.02,lower
Mathematics,8,2024,AK,TX,-5.43,lower
Mathematics,8,2024,AK,UT,-17.83,lower
Mathematics,8,2024,AK,VA,-11.03,lower
Mathematics,8,2024,AK,VT,-11.66,lower
Mathematics,8,2024,AK,WA,-9.7,lower
Mathematics,8,2024,AK,WI,-18.69,lower
Mathematics,8,2024,AK,WV,3.19,equal
Mathematics,8,2024,AK,WY,-14.35,lower
Mathematics,8,2024,AL,AK,-2.19,equal
Mathematics,8,2024,AL,AR,-4.42,lower
Mathematics,8,2024,AL,AZ,-7.89,lower
Mathematics,8,2024,AL,CA,-7.01,lower
Mathematics,8,2024,AL,CO,-16.34,lower
Mathematics,8,2024,AL,CT,-14.9,lower
Mathematics,8,2024,AL,DC,0.23,equal
Mathematics,8,2024,AL,DE,-1.29,equal
Mathematics,8,2024,AL,DS,-29.64,lower
Mathematics,8,2024,AL,FL,-5.47,lower
Mathematics,8,2024,AL,GA,-6.89,lower
Mathematics,8,2024,AL,HI,-8.27,lower
Mathematics,8,2024,AL,IA,-13.05,lower
Mathematics,8,2024,AL,ID,-16.33,lower
Mathematics,8,2024,AL,IL,-15.65,lower
Mathematics,8,2024,AL,IN,-16.42,lower
Mathematics,8,2024,AL,KS,-12.37,lower
Mathematics,8,2024,AL,KY,-9.04,lower
Mathematics,8,2024,AL,LA,-5.01,lower
Mathematics,8,2024,AL,MA,-21.7,lower
Mathematics,8,2024,AL,MD,-6.44,lower
Mathematics,8,2024,AL,ME,-10.85,lower
Mathematics,8,2024,AL,MI,-8.21,lower
Mathematics,8,2024,AL,MN,-20.32,lower
Mathematics,8,2024,AL,MO,-8.59,lower
Mathematics,8,2024,AL,MS,-7.29,lower
Mathematics,8,2024,AL,MT,-17.31,lower
Mathematics,8,2024,AL,NC,-14.05,lower
Mathematics,8,2024,AL,ND,-18,lower
Mathematics,8,2024,AL,NE,-18.11,lower
Mathematics,8,2024,AL,NH,-17.97,lower
Mathematics,8,2024,AL,NJ,-19.91,lower
Mathematics,8,2024,AL,NM,5.56,higher
Mathematics,8,2024,AL,NP,-10.46,lower
Mathematics,8,2024,AL,NV,-3.41,equal
Mathematics,8,2024,AL,NY,-9.08,lower
Mathematics,8,2024,AL,OH,-17.04,lower
Mathematics,8,2024,AL,OK,-2.68,equal
Mathematics,8,2024,AL,OR,-6.17,lower
Mathematics,8,2024,AL,PA,-14.48,lower
Mathematics,8,2024,AL,RI,-8.06,lower
Mathematics,8,2024,AL,SC,-6.24,lower
Mathematics,8,2024,AL,SD,-19.33,lower
Mathematics,8,2024,AL,TN,-14.21,lower
Mathematics,8,2024,AL,TX,-7.62,lower
Mathematics,8,2024,AL,UT,-20.02,lower
Mathematics,8,2024,AL,VA,-13.22,lower
Mathematics,8,2024,AL,VT,-13.85,lower
Mathematics,8,2024,AL,WA,-11.9,lower
Mathematics,8,2024,AL,WI,-20.88,lower
Mathematics,8,2024,AL,WV,1,equal
Mathematics,8,2024,AL,WY,-16.55,lower
Mathematics,8,2024,AR,AK,2.23,equal
Mathematics,8,2024,AR,AL,4.42,higher
Mathematics,8,2024,AR,AZ,-3.46,equal
Mathematics,8,2024,AR,CA,-2.58,equal
Mathematics,8,2024,AR,CO,-11.91,lower
Mathematics,8,2024,AR,CT,-10.48,lower
Mathematics,8,2024,AR,DC,4.66,higher
Mathematics,8,2024,AR,DE,3.14,equal
Mathematics,8,2024,AR,DS,-25.22,lower
Mathematics,8,2024,AR,FL,-1.05,equal
Mathematics,8,2024,AR,GA,-2.46,equal
Mathematics,8,2024,AR,HI,-3.85,lower
Mathematics,8,2024,AR,IA,-8.63,lower
Mathematics,8,2024,AR,ID,-11.91,lower
Mathematics,8,2024,AR,IL,-11.22,lower
Mathematics,8,2024,AR,IN,-11.99,lower
Mathematics,8,2024,AR,KS,-7.94,lower
Mathematics,8,2024,AR,KY,-4.62,lower
Mathematics,8,2024,AR,LA,-0.59,equal
Mathematics,8,2024,AR,MA,-17.27,lower
Mathematics,8,2024,AR,MD,-2.02,equal
Mathematics,8,2024,AR,ME,-6.43,lower
Mathematics,8,2024,AR,MI,-3.78,equal
Mathematics,8,2024,AR,MN,-15.89,lower
Mathematics,8,2024,AR,MO,-4.17,lower
Mathematics,8,2024,AR,MS,-2.87,equal
Mathematics,8,2024,AR,MT,-12.89,lower
Mathematics,8,2024,AR,NC,-9.63,lower
Mathematics,8,2024,AR,ND,-13.57,lower
Mathematics,8,2024,AR,NE,-13.69,lower
Mathematics,8,2024,AR,NH,-13.55,lower
Mathematics,8,2024,AR,NJ,-15.49,lower
Mathematics,8,2024,AR,NM,9.98,higher
Mathematics,8,2024,AR,NP,-6.04,lower
Mathematics,8,2024,AR,NV,1.02,equal
Mathematics,8,2024,AR,NY,-4.66,equal
Mathematics,8,2024,AR,OH,-12.62,lower
Mathematics,8,2024,AR,OK,1.74,equal
Mathematics,8,2024,AR,OR,-1.75,equal
Mathematics,8,2024,AR,PA,-10.05,lower
Mathematics,8,2024,AR,RI,-3.63,lower
Mathematics,8,2024,AR,SC,-1.81,equal
Mathematics,8,2024,AR,SD,-14.91,lower
Mathematics,8,2024,AR,TN,-9.79,lower
Mathematics,8,2024,AR,TX,-3.2,equal
Mathematics,8,2024,AR,UT,-15.6,lower
Mathematics,8,2024,AR,VA,-8.79,lower
Mathematics,8,2024,AR,VT,-9.42,lower
Mathematics,8,2024,AR,WA,-7.47,lower
Mathematics,8,2024,AR,WI,-16.45,lower
Mathematics,8,2024,AR,WV,5.43,higher
Mathematics,8,2024,AR,WY,-12.12,lower
Mathematics,8,2024,AZ,AK,5.69,higher
Mathematics,8,2024,AZ,AL,7.89,higher
Mathematics,8,2024,AZ,AR,3.46,equal
Mathematics,8,2024,AZ,CA,0.88,equal
Mathematics,8,2024,AZ,CO,-8.45,lower
Mathematics,8,2024,AZ,CT,-7.02,lower
Mathematics,8,2024,AZ,DC,8.12,higher
Mathematics,8,2024,AZ,DE,6.6,higher
Mathematics,8,2024,AZ,DS,-21.76,lower
Mathematics,8,2024,AZ,FL,2.41,equal
Mathematics,8,2024,AZ,GA,1,equal
Mathematics,8,2024,AZ,HI,-0.38,equal
Mathematics,8,2024,AZ,IA,-5.17,lower
Mathematics,8,2024,AZ,ID,-8.45,lower
Mathematics,8,2024,AZ,IL,-7.76,lower
Mathematics,8,2024,AZ,IN,-8.53,lower
Mathematics,8,2024,AZ,KS,-4.48,equal
Mathematics,8,2024,AZ,KY,-1.16,equal
Mathematics,8,2024,AZ,LA,2.87,equal
Mathematics,8,2024,AZ,MA,-13.81,lower
Mathematics,8,2024,AZ,MD,1.44,equal
Mathematics,8,2024,AZ,ME,-2.97,equal
Mathematics,8,2024,AZ,MI,-0.32,equal
Mathematics,8,2024,AZ,MN,-12.43,lower
Mathematics,8,2024,AZ,MO,-0.71,equal
Mathematics,8,2024,AZ,MS,0.6,equal
Mathematics,8,2024,AZ,MT,-9.43,lower
Mathematics,8,2024,AZ,NC,-6.17,lower
Mathematics,8,2024,AZ,ND,-10.11,lower
Mathematics,8,2024,AZ,NE,-10.23,lower
Mathematics,8,2024,AZ,NH,-10.09,lower
Mathematics,8,2024,AZ,NJ,-12.03,lower
Mathematics,8,2024,AZ,NM,13.45,higher
Mathematics,8,2024,AZ,NP,-2.58,equal
Mathematics,8,2024,AZ,NV,4.48,equal
Mathematics,8,2024,AZ,NY,-1.2,equal
Mathematics,8,2024,AZ,OH,-9.16,lower
Mathematics,8,2024,AZ,OK,5.2,higher
Mathematics,8,2024,AZ,OR,1.72,equal
Mathematics,8,2024,AZ,PA,-6.59,lower
Mathematics,8,2024,AZ,RI,-0.17,equal
Mathematics,8,2024,AZ,SC,1.65,equal
Mathematics,8,2024,AZ,SD,-11.44,lower
Mathematics,8,2024,AZ,TN,-6.33,lower
Mathematics,8,2024,AZ,TX,0.26,equal
Mathematics,8,2024,AZ,UT,-12.13,lower
Mathematics,8,2024,AZ,VA,-5.33,lower
Mathematics,8,2024,AZ,VT,-5.96,lower
Mathematics,8,2024,AZ,WA,-4.01,equal
Mathematics,8,2024,AZ,WI,-12.99,lower
Mathematics,8,2024,AZ,WV,8.89,higher
Mathematics,8,2024,AZ,WY,-8.66,lower
Mathematics,8,2024,CA,AK,4.82,higher
Mathematics,8,2024,CA,AL,7.01,higher
Mathematics,8,2024,CA,AR,2.58,equal
Mathematics,8,2024,CA,AZ,-0.88,equal
Mathematics,8,2024,CA,CO,-9.33,lower
Mathematics,8,2024,CA,CT,-7.89,lower
Mathematics,8,2024,CA,DC,7.24,higher
Mathematics,8,2024,CA,DE,5.72,higher
Mathematics,8,2024,CA,DS,-22.63,lower
Mathematics,8,2024,CA,FL,1.54,equal
Mathematics,8,2024,CA,GA,0.12,equal
Mathematics,8,2024,CA,HI,-1.26,equal
Mathematics,8,2024,CA,IA,-6.04,lower
Mathematics,8,2024,CA,ID,-9.32,lower
Mathematics,8,2024,CA,IL,-8.64,lower
Mathematics,8,2024,CA,IN,-9.41,lower
Mathematics,8,2024,CA,KS,-5.36,lower
Mathematics,8,2024,CA,KY,-2.03,equal
Mathematics,8,2024,CA,LA,2,equal
Mathematics,8,2024,CA,MA,-14.69,lower
Mathematics,8,2024,CA,MD,0.57,equal
Mathematics,8,2024,CA,ME,-3.84,equal
Mathematics,8,2024,CA,MI,-1.2,equal
Mathematics,8,2024,CA,MN,-13.31,lower
Mathematics,8,2024,CA,MO,-1.58,equal
Mathematics,8,2024,CA,MS,-0.28,equal
Mathematics,8,2024,CA,MT,-10.3,lower
Mathematics,8,2024,CA,NC,-7.04,lower
Mathematics,8,2024,CA,ND,-10.99,lower
Mathematics,8,2024,CA,NE,-11.1,lower
Mathematics,8,2024,CA,NH,-10.96,lower
Mathematics,8,2024,CA,NJ,-12.9,lower
Mathematics,8,2024,CA,NM,12.57,higher
Mathematics,8,2024,CA,NP,-3.45,lower
Mathematics,8,2024,CA,NV,3.6,equal
Mathematics,8,2024,CA,NY,-2.07,equal
Mathematics,8,2024,CA,OH,-10.03,lower
Mathematics,8,2024,CA,OK,4.33,equal
Mathematics,8,2024,CA,OR,0.84,equal
Mathematics,8,2024,CA,PA,-7.47,lower
Mathematics,8,2024,CA,RI,-1.05,equal
Mathematics,8,2024,CA,SC,0.77,equal
Mathematics,8,2024,CA,SD,-12.32,lower
Mathematics,8,2024,CA,TN,-7.2,lower
Mathematics,8,2024,CA,TX,-0.61,equal
Mathematics,8,2024,CA,UT,-13.01,lower
Mathematics,8,2024,CA,VA,-6.21,lower
Mathematics,8,2024,CA,VT,-6.84,lower
Mathematics,8,2024,CA,WA,-4.89,lower
Mathematics,8,2024,CA,WI,-13.87,lower
Mathematics,8,2024,CA,WV,8.01,higher
Mathematics,8,2024,CA,WY,-9.54,lower
Mathematics,8,2024,CO,AK,14.15,higher
Mathematics,8,2024,CO,AL,16.34,higher
Mathematics,8,2024,CO,AR,11.91,higher
Mathematics,8,2024,CO,AZ,8.45,higher
Mathematics,8,2024,CO,CA,9.33,higher
Mathematics,8,2024,CO,CT,1.43,equal
Mathematics,8,2024,CO,DC,16.57,higher
Mathematics,8,2024,CO,DE,15.05,higher
Mathematics,8,2024,CO,DS,-13.3,lower
Mathematics,8,2024,CO,FL,10.86,higher
Mathematics,8,2024,CO,GA,9.45,higher
Mathematics,8,2024,CO,HI,8.07,higher
Mathematics,8,2024,CO,IA,3.28,equal
Mathematics,8,2024,CO,ID,0,equal
Mathematics,8,2024,CO,IL,0.69,equal
Mathematics,8,2024,CO,IN,-0.08,equal
Mathematics,8,2024,CO,KS,3.97,equal
Mathematics,8,2024,CO,KY,7.29,higher
Mathematics,8,2024,CO,LA,11.32,higher
Mathematics,8,2024,CO,MA,-5.36,lower
Mathematics,8,2024,CO,MD,9.89,higher
Mathematics,8,2024,CO,ME,5.49,higher
Mathematics,8,2024,CO,MI,8.13,higher
Mathematics,8,2024,CO,MN,-3.98,equal
Mathematics,8,2024,CO,MO,7.74,higher
Mathematics,8,2024,CO,MS,9.05,higher
Mathematics,8,2024,CO,MT,-0.97,equal
Mathematics,8,2024,CO,NC,2.29,equal
Mathematics,8,2024,CO,ND,-1.66,equal
Mathematics,8,2024,CO,NE,-1.78,equal
Mathematics,8,2024,CO,NH,-1.64,equal
Mathematics,8,2024,CO,NJ,-3.58,equal
Mathematics,8,2024,CO,NM,21.9,higher
Mathematics,8,2024,CO,NP,5.88,higher
Mathematics,8,2024,CO,NV,12.93,higher
Mathematics,8,2024,CO,NY,7.26,higher
Mathematics,8,2024,CO,OH,-0.71,equal
Mathematics,8,2024,CO,OK,13.65,higher
Mathematics,8,2024,CO,OR,10.17,higher
Mathematics,8,2024,CO,PA,1.86,equal
Mathematics,8,2024,CO,RI,8.28,higher
Mathematics,8,2024,CO,SC,10.1,higher
Mathematics,8,2024,CO,SD,-2.99,equal
Mathematics,8,2024,CO,TN,2.12,equal
Mathematics,8,2024,CO,TX,8.71,higher
Mathematics,8,2024,CO,UT,-3.68,equal
Mathematics,8,2024,CO,VA,3.12,equal
Mathematics,8,2024,CO,VT,2.49,equal
Mathematics,8,2024,CO,WA,4.44,equal
Mathematics,8,2024,CO,WI,-4.54,equal
Mathematics,8,2024,CO,WV,17.34,higher
Mathematics,8,2024,CO,WY,-0.21,equal
Mathematics,8,2024,CT,AK,12.71,higher
Mathematics,8,2024,CT,AL,14.9,higher
Mathematics,8,2024,CT,AR,10.48,higher
Mathematics,8,2024,CT,AZ,7.02,higher
Mathematics,8,2024,CT,CA,7.89,higher
Mathematics,8,2024,CT,CO,-1.43,equal
Mathematics,8,2024,CT,DC,15.14,higher
Mathematics,8,2024,CT,DE,13.62,higher
Mathematics,8,2024,CT,DS,-14.74,lower
Mathematics,8,2024,CT,FL,9.43,higher
Mathematics,8,2024,CT,GA,8.02,higher
Mathematics,8,2024,CT,HI,6.63,higher
Mathematics,8,2024,CT,IA,1.85,equal
Mathematics,8,2024,CT,ID,-1.43,equal
Mathematics,8,2024,CT,IL,-0.74,equal
Mathematics,8,2024,CT,IN,-1.51,equal
Mathematics,8,2024,CT,KS,2.54,equal
Mathematics,8,2024,CT,KY,5.86,higher
Mathematics,8,2024,CT,LA,9.89,higher
Mathematics,8,2024,CT,MA,-6.79,lower
Mathematics,8,2024,CT,MD,8.46,higher
Mathematics,8,2024,CT,ME,4.05,equal
Mathematics,8,2024,CT,MI,6.7,higher
Mathematics,8,2024,CT,MN,-5.41,lower
Mathematics,8,2024,CT,MO,6.31,higher
Mathematics,8,2024,CT,MS,7.61,higher
Mathematics,8,2024,CT,MT,-2.41,equal
Mathematics,8,2024,CT,NC,0.85,equal
Mathematics,8,2024,CT,ND,-3.09,equal
Mathematics,8,2024,CT,NE,-3.21,equal
Mathematics,8,2024,CT,NH,-3.07,equal
Mathematics,8,2024,CT,NJ,-5.01,lower
Mathematics,8,2024,CT,NM,20.46,higher
Mathematics,8,2024,CT,NP,4.44,higher
Mathematics,8,2024,CT,NV,11.5,higher
Mathematics,8,2024,CT,NY,5.82,higher
Mathematics,8,2024,CT,OH,-2.14,equal
Mathematics,8,2024,CT,OK,12.22,higher
Mathematics,8,2024,CT,OR,8.73,higher
Mathematics,8,2024,CT,PA,0.43,equal
Mathematics,8,2024,CT,RI,6.85,higher
Mathematics,8,2024,CT,SC,8.67,higher
Mathematics,8,2024,CT,SD,-4.43,lower
Mathematics,8,2024,CT,TN,0.69,equal
Mathematics,8,2024,CT,TX,7.28,higher
Mathematics,8,2024,CT,UT,-5.12,lower
Mathematics,8,2024,CT,VA,1.69,equal
Mathematics,8,2024,CT,VT,1.06,equal
Mathematics,8,2024,CT,WA,3.01,equal
Mathematics,8,2024,CT,WI,-5.98,lower
Mathematics,8,2024,CT,WV,15.91,higher
Mathematics,8,2024,CT,WY,-1.64,equal
Mathematics,8,2024,DC,AK,-2.42,equal
Mathematics,8,2024,DC,AL,-0.23,equal
Mathematics,8,2024,DC,AR,-4.66,lower
Mathematics,8,2024,DC,AZ,-8.12,lower
Mathematics,8,2024,DC,CA,-7.24,lower
Mathematics,8,2024,DC,CO,-16.57,lower
Mathematics,8,2024,DC,CT,-15.14,lower
Mathematics,8,2024,DC,DE,-1.52,equal
Mathematics,8,2024,DC,DS,-29.87,lower
Mathematics,8,2024,DC,FL,-5.7,lower
Mathematics,8,2024,DC,GA,-7.12,lower
Mathematics,8,2024,DC,HI,-8.5,lower
Mathematics,8,2024,DC,IA,-13.29,lower
Mathematics,8,2024,DC,ID,-16.57,lower
Mathematics,8,2024,DC,IL,-15.88,lower
Mathematics,8,2024,DC,IN,-16.65,lower
Mathematics,8,2024,DC,KS,-12.6,lower
Mathematics,8,2024,DC,KY,-9.27,lower
Mathematics,8,2024,DC,LA,-5.24,lower
Mathematics,8,2024,DC,MA,-21.93,lower
Mathematics,8,2024,DC,MD,-6.67,lower
Mathematics,8,2024,DC,ME,-11.08,lower
Mathematics,8,2024,DC,MI,-8.44,lower
Mathematics,8,2024,DC,MN,-20.55,lower
Mathematics,8,2024,DC,MO,-8.82,lower
Mathematics,8,2024,DC,MS,-7.52,lower
Mathematics,8,2024,DC,MT,-17.54,lower
Mathematics,8,2024,DC,NC,-14.28,lower
Mathematics,8,2024,DC,ND,-18.23,lower
Mathematics,8,2024,DC,NE,-18.34,lower
Mathematics,8,2024,DC,NH,-18.21,lower
Mathematics,8,2024,DC,NJ,-20.15,lower
Mathematics,8,2024,DC,NM,5.33,higher
Mathematics,8,2024,DC,NP,-10.69,lower
Mathematics,8,2024,DC,NV,-3.64,lower
Mathematics,8,2024,DC,NY,-9.31,lower
Mathematics,8,2024,DC,OH,-17.27,lower
Mathematics,8,2024,DC,OK,-2.92,equal
Mathematics,8,2024,DC,OR,-6.4,lower
Mathematics,8,2024,DC,PA,-14.71,lower
Mathematics,8,2024,DC,RI,-8.29,lower
Mathematics,8,2024,DC,SC,-6.47,lower
Mathematics,8,2024,DC,SD,-19.56,lower
Mathematics,8,2024,DC,TN,-14.44,lower
Mathematics,8,2024,DC,TX,-7.85,lower
Mathematics,8,2024,DC,UT,-20.25,lower
Mathematics,8,2024,DC,VA,-13.45,lower
Mathematics,8,2024,DC,VT,-14.08,lower
Mathematics,8,2024,DC,WA,-12.13,lower
Mathematics,8,2024,DC,WI,-21.11,lower
Mathematics,8,2024,DC,WV,0.77,equal
Mathematics,8,2024,DC,WY,-16.78,lower
Mathematics,8,2024,DE,AK,-0.91,equal
Mathematics,8,2024,DE,AL,1.29,equal
Mathematics,8,2024,DE,AR,-3.14,equal
Mathematics,8,2024,DE,AZ,-6.6,lower
Mathematics,8,2024,DE,CA,-5.72,lower
Mathematics,8,2024,DE,CO,-15.05,lower
Mathematics,8,2024,DE,CT,-13.62,lower
Mathematics,8,2024,DE,DC,1.52,equal
Mathematics,8,2024,DE,DS,-28.36,lower
Mathematics,8,2024,DE,FL,-4.19,lower
Mathematics,8,2024,DE,GA,-5.6,lower
Mathematics,8,2024,DE,HI,-6.98,lower
Mathematics,8,2024,DE,IA,-11.77,lower
Mathematics,8,2024,DE,ID,-15.05,lower
Mathematics,8,2024,DE,IL,-14.36,lower
Mathematics,8,2024,DE,IN,-15.13,lower
Mathematics,8,2024,DE,KS,-11.08,lower
Mathematics,8,2024,DE,KY,-7.76,lower
Mathematics,8,2024,DE,LA,-3.73,equal
Mathematics,8,2024,DE,MA,-20.41,lower
Mathematics,8,2024,DE,MD,-5.16,lower
Mathematics,8,2024,DE,ME,-9.56,lower
Mathematics,8,2024,DE,MI,-6.92,lower
Mathematics,8,2024,DE,MN,-19.03,lower
Mathematics,8,2024,DE,MO,-7.31,lower
Mathematics,8,2024,DE,MS,-6,lower
Mathematics,8,2024,DE,MT,-16.02,lower
Mathematics,8,2024,DE,NC,-12.76,lower
Mathematics,8,2024,DE,ND,-16.71,lower
Mathematics,8,2024,DE,NE,-16.83,lower
Mathematics,8,2024,DE,NH,-16.69,lower
Mathematics,8,2024,DE,NJ,-18.63,lower
Mathematics,8,2024,DE,NM,6.85,higher
Mathematics,8,2024,DE,NP,-9.18,lower
Mathematics,8,2024,DE,NV,-2.12,equal
Mathematics,8,2024,DE,NY,-7.79,lower
Mathematics,8,2024,DE,OH,-15.76,lower
Mathematics,8,2024,DE,OK,-1.4,equal
Mathematics,8,2024,DE,OR,-4.88,lower
Mathematics,8,2024,DE,PA,-13.19,lower
Mathematics,8,2024,DE,RI,-6.77,lower
Mathematics,8,2024,DE,SC,-4.95,lower
Mathematics,8,2024,DE,SD,-18.04,lower
Mathematics,8,2024,DE,TN,-12.93,lower
Mathematics,8,2024,DE,TX,-6.34,lower
Mathematics,8,2024,DE,UT,-18.73,lower
Mathematics,8,2024,DE,VA,-11.93,lower
Mathematics,8,2024,DE,VT,-12.56,lower
Mathematics,8,2024,DE,WA,-10.61,lower
Mathematics,8,2024,DE,WI,-19.59,lower
Mathematics,8,2024,DE,WV,2.29,equal
Mathematics,8,2024,DE,WY,-15.26,lower
Mathematics,8,2024,DS,AK,27.45,higher
Mathematics,8,2024,DS,AL,29.64,higher
Mathematics,8,2024,DS,AR,25.22,higher
Mathematics,8,2024,DS,AZ,21.76,higher
Mathematics,8,2024,DS,CA,22.63,higher
Mathematics,8,2024,DS,CO,13.3,higher
Mathematics,8,2024,DS,CT,14.74,higher
Mathematics,8,2024,DS,DC,29.87,higher
Mathematics,8,2024,DS,DE,28.36,higher
Mathematics,8,2024,DS,FL,24.17,higher
Mathematics,8,2024,DS,GA,22.76,higher
Mathematics,8,2024,DS,HI,21.37,higher
Mathematics,8,2024,DS,IA,16.59,higher
Mathematics,8,2024,DS,ID,13.31,higher
Mathematics,8,2024,DS,IL,14,higher
Mathematics,8,2024,DS,IN,13.23,higher
Mathematics,8,2024,DS,KS,17.28,higher
Mathematics,8,2024,DS,KY,20.6,higher
Mathematics,8,2024,DS,LA,24.63,higher
Mathematics,8,2024,DS,MA,7.95,higher
Mathematics,8,2024,DS,MD,23.2,higher
Mathematics,8,2024,DS,ME,18.79,higher
Mathematics,8,2024,DS,MI,21.43,higher
Mathematics,8,2024,DS,MN,9.32,higher
Mathematics,8,2024,DS,MO,21.05,higher
Mathematics,8,2024,DS,MS,22.35,higher
Mathematics,8,2024,DS,MT,12.33,higher
Mathematics,8,2024,DS,NC,15.59,higher
Mathematics,8,2024,DS,ND,11.65,higher
Mathematics,8,2024,DS,NE,11.53,higher
Mathematics,8,2024,DS,NH,11.67,higher
Mathematics,8,2024,DS,NJ,9.73,higher
Mathematics,8,2024,DS,NM,35.2,higher
Mathematics,8,2024,DS,NP,19.18,higher
Mathematics,8,2024,DS,NV,26.23,higher
Mathematics,8,2024,DS,NY,20.56,higher
Mathematics,8,2024,DS,OH,12.6,higher
Mathematics,8,2024,DS,OK,26.96,higher
Mathematics,8,2024,DS,OR,23.47,higher
Mathematics,8,2024,DS,PA,15.17,higher
Mathematics,8,2024,DS,RI,21.59,higher
Mathematics,8,2024,DS,SC,23.41,higher
Mathematics,8,2024,DS,SD,10.31,higher
Mathematics,8,2024,DS,TN,15.43,higher
Mathematics,8,2024,DS,TX,22.02,higher
Mathematics,8,2024,DS,UT,9.62,higher
Mathematics,8,2024,DS,VA,16.42,higher
Mathematics,8,2024,DS,VT,15.79,higher
Mathematics,8,2024,DS,WA,17.75,higher
Mathematics,8,2024,DS,WI,8.76,higher
Mathematics,8,2024,DS,WV,30.64,higher
Mathematics,8,2024,DS,WY,13.1,higher
Mathematics,8,2024,FL,AK,3.28,equal
Mathematics,8,2024,FL,AL,5.47,higher
Mathematics,8,2024,FL,AR,1.05,equal
Mathematics,8,2024,FL,AZ,-2.41,equal
Mathematics,8,2024,FL,CA,-1.54,equal
Mathematics,8,2024,FL,CO,-10.86,lower
Mathematics,8,2024,FL,CT,-9.43,lower
Mathematics,8,2024,FL,DC,5.7,higher
Mathematics,8,2024,FL,DE,4.19,higher
Mathematics,8,2024,FL,DS,-24.17,lower
Mathematics,8,2024,FL,GA,-1.41,equal
Mathematics,8,2024,FL,HI,-2.8,equal
Mathematics,8,2024,FL,IA,-7.58,lower
Mathematics,8,2024,FL,ID,-10.86,lower
Mathematics,8,2024,FL,IL,-10.17,lower
Mathematics,8,2024,FL,IN,-10.94,lower
Mathematics,8,2024,FL,KS,-6.89,lower
Mathematics,8,2024,FL,KY,-3.57,equal
Mathematics,8,2024,FL,LA,0.46,equal
Mathematics,8,2024,FL,MA,-16.22,lower
Mathematics,8,2024,FL,MD,-0.97,equal
Mathematics,8,2024,FL,ME,-5.38,lower
Mathematics,8,2024,FL,MI,-2.74,equal
Mathematics,8,2024,FL,MN,-14.84,lower
Mathematics,8,2024,FL,MO,-3.12,equal
Mathematics,8,2024,FL,MS,-1.82,equal
Mathematics,8,2024,FL,MT,-11.84,lower
Mathematics,8,2024,FL,NC,-8.58,lower
Mathematics,8,2024,FL,ND,-12.52,lower
Mathematics,8,2024,FL,NE,-12.64,lower
Mathematics,8,2024,FL,NH,-12.5,lower
Mathematics,8,2024,FL,NJ,-14.44,lower
Mathematics,8,2024,FL,NM,11.03,higher
Mathematics,8,2024,FL,NP,-4.99,lower
Mathematics,8,2024,FL,NV,2.07,equal
Mathematics,8,2024,FL,NY,-3.61,equal
Mathematics,8,2024,FL,OH,-11.57,lower
Mathematics,8,2024,FL,OK,2.79,equal
Mathematics,8,2024,FL,OR,-0.7,equal
Mathematics,8,2024,FL,PA,-9,lower
Mathematics,8,2024,FL,RI,-2.58,equal
Mathematics,8,2024,FL,SC,-0.76,equal
Mathematics,8,2024,FL,SD,-13.86,lower
Mathematics,8,2024,FL,TN,-8.74,lower
Mathematics,8,2024,FL,TX,-2.15,equal
Mathematics,8,2024,FL,UT,-14.55,lower
Mathematics,8,2024,FL,VA,-7.75,lower
Mathematics,8,2024,FL,VT,-8.37,lower
Mathematics,8,2024,FL,WA,-6.42,lower
Mathematics,8,2024,FL,WI,-15.41,lower
Mathematics,8,2024,FL,WV,6.47,higher
Mathematics,8,2024,FL,WY,-11.07,lower
Mathematics,8,2024,GA,AK,4.69,higher
Mathematics,8,2024,GA,AL,6.89,higher
Mathematics,8,2024,GA,AR,2.46,equal
Mathematics,8,2024,GA,AZ,-1,equal
Mathematics,8,2024,GA,CA,-0.12,equal
Mathematics,8,2024,GA,CO,-9.45,lower
Mathematics,8,2024,GA,CT,-8.02,lower
Mathematics,8,2024,GA,DC,7.12,higher
Mathematics,8,2024,GA,DE,5.6,higher
Mathematics,8,2024,GA,DS,-22.76,lower
Mathematics,8,2024,GA,FL,1.41,equal
Mathematics,8,2024,GA,HI,-1.39,equal
Mathematics,8,2024,GA,IA,-6.17,lower
Mathematics,8,2024,GA,ID,-9.45,lower
Mathematics,8,2024,GA,IL,-8.76,lower
Mathematics,8,2024,GA,IN,-9.53,lower
Mathematics,8,2024,GA,KS,-5.48,lower
Mathematics,8,2024,GA,KY,-2.16,equal
Mathematics,8,2024,GA,LA,1.87,equal
Mathematics,8,2024,GA,MA,-14.81,lower
Mathematics,8,2024,GA,MD,0.44,equal
Mathematics,8,2024,GA,ME,-3.97,equal
Mathematics,8,2024,GA,MI,-1.32,equal
Mathematics,8,2024,GA,MN,-13.43,lower
Mathematics,8,2024,GA,MO,-1.71,equal
Mathematics,8,2024,GA,MS,-0.4,equal
Mathematics,8,2024,GA,MT,-10.43,lower
Mathematics,8,2024,GA,NC,-7.17,lower
Mathematics,8,2024,GA,ND,-11.11,lower
Mathematics,8,2024,GA,NE,-11.23,lower
Mathematics,8,2024,GA,NH,-11.09,lower
Mathematics,8,2024,GA,NJ,-13.03,lower
Mathematics,8,2024,GA,NM,12.44,higher
Mathematics,8,2024,GA,NP,-3.58,lower
Mathematics,8,2024,GA,NV,3.48,equal
Mathematics,8,2024,GA,NY,-2.2,equal
Mathematics,8,2024,GA,OH,-10.16,lower
Mathematics,8,2024,GA,OK,4.2,higher
Mathematics,8,2024,GA,OR,0.72,equal
Mathematics,8,2024,GA,PA,-7.59,lower
Mathematics,8,2024,GA,RI,-1.17,equal
Mathematics,8,2024,GA,SC,0.65,equal
Mathematics,8,2024,GA,SD,-12.45,lower
Mathematics,8,2024,GA,TN,-7.33,lower
Mathematics,8,2024,GA,TX,-0.74,equal
Mathematics,8,2024,GA,UT,-13.13,lower
Mathematics,8,2024,GA,VA,-6.33,lower
Mathematics,8,2024,GA,VT,-6.96,lower
Mathematics,8,2024,GA,WA,-5.01,lower
Mathematics,8,2024,GA,WI,-13.99,lower
Mathematics,8,2024,GA,WV,7.89,higher
Mathematics,8,2024,GA,WY,-9.66,lower
Mathematics,8,2024,HI,AK,6.08,higher
Mathematics,8,2024,HI,AL,8.27,higher
Mathematics,8,2024,HI,AR,3.85,higher
Mathematics,8,2024,HI,AZ,0.38,equal
Mathematics,8,2024,HI,CA,1.26,equal
Mathematics,8,2024,HI,CO,-8.07,lower
Mathematics,8,2024,HI,CT,-6.63,lower
Mathematics,8,2024,HI,DC,8.5,higher
Mathematics,8,2024,HI,DE,6.98,higher
Mathematics,8,2024,HI,DS,-21.37,lower
Mathematics,8,2024,HI,FL,2.8,equal
Mathematics,8,2024,HI,GA,1.39,equal
Mathematics,8,2024,HI,IA,-4.78,lower
Mathematics,8,2024,HI,ID,-8.06,lower
Mathematics,8,2024,HI,IL,-7.38,lower
Mathematics,8,2024,HI,IN,-8.14,lower
Mathematics,8,2024,HI,KS,-4.1,lower
Mathematics,8,2024,HI,KY,-0.77,equal
Mathematics,8,2024,HI,LA,3.26,equal
Mathematics,8,2024,HI,MA,-13.42,lower
Mathematics,8,2024,HI,MD,1.83,equal
Mathematics,8,2024,HI,ME,-2.58,equal
Mathematics,8,2024,HI,MI,0.06,equal
Mathematics,8,2024,HI,MN,-12.05,lower
Mathematics,8,2024,HI,MO,-0.32,equal
Mathematics,8,2024,HI,MS,0.98,equal
Mathematics,8,2024,HI,MT,-9.04,lower
Mathematics,8,2024,HI,NC,-5.78,lower
Mathematics,8,2024,HI,ND,-9.72,lower
Mathematics,8,2024,HI,NE,-9.84,lower
Mathematics,8,2024,HI,NH,-9.7,lower
Mathematics,8,2024,HI,NJ,-11.64,lower
Mathematics,8,2024,HI,NM,13.83,higher
Mathematics,8,2024,HI,NP,-2.19,lower
Mathematics,8,2024,HI,NV,4.86,higher
Mathematics,8,2024,HI,NY,-0.81,equal
Mathematics,8,2024,HI,OH,-8.77,lower
Mathematics,8,2024,HI,OK,5.59,higher
Mathematics,8,2024,HI,OR,2.1,equal
Mathematics,8,2024,HI,PA,-6.2,lower
Mathematics,8,2024,HI,RI,0.21,equal
Mathematics,8,2024,HI,SC,2.03,equal
Mathematics,8,2024,HI,SD,-11.06,lower
Mathematics,8,2024,HI,TN,-5.94,lower
Mathematics,8,2024,HI,TX,0.65,equal
Mathematics,8,2024,HI,UT,-11.75,lower
Mathematics,8,2024,HI,VA,-4.95,lower
Mathematics,8,2024,HI,VT,-5.58,lower
Mathematics,8,2024,HI,WA,-3.62,equal
Mathematics,8,2024,HI,WI,-12.61,lower
Mathematics,8,2024,HI,WV,9.27,higher
Mathematics,8,2024,HI,WY,-8.27,lower
Mathematics,8,2024,IA,AK,10.86,higher
Mathematics,8,2024,IA,AL,13.05,higher
Mathematics,8,2024,IA,AR,8.63,higher
Mathematics,8,2024,IA,AZ,5.17,higher
Mathematics,8,2024,IA,CA,6.04,higher
Mathematics,8,2024,IA,CO,-3.28,equal
Mathematics,8,2024,IA,CT,-1.85,equal
Mathematics,8,2024,IA,DC,13.29,higher
Mathematics,8,2024,IA,DE,11.77,higher
Mathematics,8,2024,IA,DS,-16.59,lower
Mathematics,8,2024,IA,FL,7.58,higher
Mathematics,8,2024,IA,GA,6.17,higher
Mathematics,8,2024,IA,HI,4.78,higher
Mathematics,8,2024,IA,ID,-3.28,equal
Mathematics,8,2024,IA,IL,-2.59,equal
Mathematics,8,2024,IA,IN,-3.36,equal
Mathematics,8,2024,IA,KS,0.69,equal
Mathematics,8,2024,IA,KY,4.01,higher
Mathematics,8,2024,IA,LA,8.04,higher
Mathematics,8,2024,IA,MA,-8.64,lower
Mathematics,8,2024,IA,MD,6.61,higher
Mathematics,8,2024,IA,ME,2.2,equal
Mathematics,8,2024,IA,MI,4.85,higher
Mathematics,8,2024,IA,MN,-7.26,lower
Mathematics,8,2024,IA,MO,4.46,higher
Mathematics,8,2024,IA,MS,5.76,higher
Mathematics,8,2024,IA,MT,-4.26,lower
Mathematics,8,2024,IA,NC,-1,equal
Mathematics,8,2024,IA,ND,-4.94,lower
Mathematics,8,2024,IA,NE,-5.06,lower
Mathematics,8,2024,IA,NH,-4.92,lower
Mathematics,8,2024,IA,NJ,-6.86,lower
Mathematics,8,2024,IA,NM,18.61,higher
Mathematics,8,2024,IA,NP,2.59,higher
Mathematics,8,2024,IA,NV,9.65,higher
Mathematics,8,2024,IA,NY,3.97,equal
Mathematics,8,2024,IA,OH,-3.99,equal
Mathematics,8,2024,IA,OK,10.37,higher
Mathematics,8,2024,IA,OR,6.88,higher
Mathematics,8,2024,IA,PA,-1.42,equal
Mathematics,8,2024,IA,RI,5,higher
Mathematics,8,2024,IA,SC,6.82,higher
Mathematics,8,2024,IA,SD,-6.28,lower
Mathematics,8,2024,IA,TN,-1.16,equal
Mathematics,8,2024,IA,TX,5.43,higher
Mathematics,8,2024,IA,UT,-6.97,lower
Mathematics,8,2024,IA,VA,-0.16,equal
Mathematics,8,2024,IA,VT,-0.79,equal
Mathematics,8,2024,IA,WA,1.16,equal
Mathematics,8,2024,IA,WI,-7.83,lower
Mathematics,8,2024,IA,WV,14.05,higher
Mathematics,8,2024,IA,WY,-3.49,lower
Mathematics,8,2024,ID,AK,14.14,higher
Mathematics,8,2024,ID,AL,16.33,higher
Mathematics,8,2024,ID,AR,11.91,higher
Mathematics,8,2024,ID,AZ,8.45,higher
Mathematics,8,2024,ID,CA,9.32,higher
Mathematics,8,2024,ID,CO,-0,equal
Mathematics,8,2024,ID,CT,1.43,equal
Mathematics,8,2024,ID,DC,16.57,higher
Mathematics,8,2024,ID,DE,15.05,higher
Mathematics,8,2024,ID,DS,-13.31,lower
Mathematics,8,2024,ID,FL,10.86,higher
Mathematics,8,2024,ID,GA,9.45,higher
Mathematics,8,2024,ID,HI,8.06,higher
Mathematics,8,2024,ID,IA,3.28,equal
Mathematics,8,2024,ID,IL,0.69,equal
Mathematics,8,2024,ID,IN,-0.08,equal
Mathematics,8,2024,ID,KS,3.97,equal
Mathematics,8,2024,ID,KY,7.29,higher
Mathematics,8,2024,ID,LA,11.32,higher
Mathematics,8,2024,ID,MA,-5.36,lower
Mathematics,8,2024,ID,MD,9.89,higher
Mathematics,8,2024,ID,ME,5.48,higher
Mathematics,8,2024,ID,MI,8.13,higher
Mathematics,8,2024,ID,MN,-3.98,equal
Mathematics,8,2024,ID,MO,7.74,higher
Mathematics,8,2024,ID,MS,9.04,higher
Mathematics,8,2024,ID,MT,-0.98,equal
Mathematics,8,2024,ID,NC,2.28,equal
Mathematics,8,2024,ID,ND,-1.66,equal
Mathematics,8,2024,ID,NE,-1.78,equal
Mathematics,8,2024,ID,NH,-1.64,equal
Mathematics,8,2024,ID,NJ,-3.58,equal
Mathematics,8,2024,ID,NM,21.89,higher
Mathematics,8,2024,ID,NP,5.87,higher
Mathematics,8,2024,ID,NV,12.93,higher
Mathematics,8,2024,ID,NY,7.25,higher
Mathematics,8,2024,ID,OH,-0.71,equal
Mathematics,8,2024,ID,OK,13.65,higher
Mathematics,8,2024,ID,OR,10.16,higher
Mathematics,8,2024,ID,PA,1.86,equal
Mathematics,8,2024,ID,RI,8.28,higher
Mathematics,8,2024,ID,SC,10.1,higher
Mathematics,8,2024,ID,SD,-3,equal
Mathematics,8,2024,ID,TN,2.12,equal
Mathematics,8,2024,ID,TX,8.71,higher
Mathematics,8,2024,ID,UT,-3.69,equal
Mathematics,8,2024,ID,VA,3.12,equal
Mathematics,8,2024,ID,VT,2.49,equal
Mathematics,8,2024,ID,WA,4.44,higher
Mathematics,8,2024,ID,WI,-4.55,lower
Mathematics,8,2024,ID,WV,17.34,higher
Mathematics,8,2024,ID,WY,-0.21,equal
Mathematics,8,2024,IL,AK,13.45,higher
Mathematics,8,2024,IL,AL,15.65,higher
Mathematics,8,2024,IL,AR,11.22,higher
Mathematics,8,2024,IL,AZ,7.76,higher
Mathematics,8,2024,IL,CA,8.64,higher
Mathematics,8,2024,IL,CO,-0.69,equal
Mathematics,8,2024,IL,CT,0.74,equal
Mathematics,8,2024,IL,DC,15.88,higher
Mathematics,8,2024,IL,DE,14.36,higher
Mathematics,8,2024,IL,DS,-14,lower
Mathematics,8,2024,IL,FL,10.17,higher
Mathematics,8,2024,IL,GA,8.76,higher
Mathematics,8,2024,IL,HI,7.38,higher
Mathematics,8,2024,IL,IA,2.59,equal
Mathematics,8,2024,IL,ID,-0.69,equal
Mathematics,8,2024,IL,IN,-0.77,equal
Mathematics,8,2024,IL,KS,3.28,equal
Mathematics,8,2024,IL,KY,6.6,higher
Mathematics,8,2024,IL,LA,10.63,higher
Mathematics,8,2024,IL,MA,-6.05,lower
Mathematics,8,2024,IL,MD,9.2,higher
Mathematics,8,2024,IL,ME,4.79,higher
Mathematics,8,2024,IL,MI,7.44,higher
Mathematics,8,2024,IL,MN,-4.67,lower
Mathematics,8,2024,IL,MO,7.05,higher
Mathematics,8,2024,IL,MS,8.36,higher
Mathematics,8,2024,IL,MT,-1.67,equal
Mathematics,8,2024,IL,NC,1.59,equal
Mathematics,8,2024,IL,ND,-2.35,equal
Mathematics,8,2024,IL,NE,-2.47,equal
Mathematics,8,2024,IL,NH,-2.33,equal
Mathematics,8,2024,IL,NJ,-4.27,equal
Mathematics,8,2024,IL,NM,21.21,higher
Mathematics,8,2024,IL,NP,5.18,higher
Mathematics,8,2024,IL,NV,12.24,higher
Mathematics,8,2024,IL,NY,6.56,higher
Mathematics,8,2024,IL,OH,-1.4,equal
Mathematics,8,2024,IL,OK,12.96,higher
Mathematics,8,2024,IL,OR,9.48,higher
Mathematics,8,2024,IL,PA,1.17,equal
Mathematics,8,2024,IL,RI,7.59,higher
Mathematics,8,2024,IL,SC,9.41,higher
Mathematics,8,2024,IL,SD,-3.68,equal
Mathematics,8,2024,IL,TN,1.43,equal
Mathematics,8,2024,IL,TX,8.02,higher
Mathematics,8,2024,IL,UT,-4.37,lower
Mathematics,8,2024,IL,VA,2.43,equal
Mathematics,8,2024,IL,VT,1.8,equal
Mathematics,8,2024,IL,WA,3.75,equal
Mathematics,8,2024,IL,WI,-5.23,lower
Mathematics,8,2024,IL,WV,16.65,higher
Mathematics,8,2024,IL,WY,-0.9,equal
Mathematics,8,2024,IN,AK,14.22,higher
Mathematics,8,2024,IN,AL,16.42,higher
Mathematics,8,2024,IN,AR,11.99,higher
Mathematics,8,2024,IN,AZ,8.53,higher
Mathematics,8,2024,IN,CA,9.41,higher
Mathematics,8,2024,IN,CO,0.08,equal
Mathematics,8,2024,IN,CT,1.51,equal
Mathematics,8,2024,IN,DC,16.65,higher
Mathematics,8,2024,IN,DE,15.13,higher
Mathematics,8,2024,IN,DS,-13.23,lower
Mathematics,8,2024,IN,FL,10.94,higher
Mathematics,8,2024,IN,GA,9.53,higher
Mathematics,8,2024,IN,HI,8.14,higher
Mathematics,8,2024,IN,IA,3.36,equal
Mathematics,8,2024,IN,ID,0.08,equal
Mathematics,8,2024,IN,IL,0.77,equal
Mathematics,8,2024,IN,KS,4.05,equal
Mathematics,8,2024,IN,KY,7.37,higher
Mathematics,8,2024,IN,LA,11.4,higher
Mathematics,8,2024,IN,MA,-5.28,lower
Mathematics,8,2024,IN,MD,9.97,higher
Mathematics,8,2024,IN,ME,5.56,higher
Mathematics,8,2024,IN,MI,8.21,higher
Mathematics,8,2024,IN,MN,-3.9,equal
Mathematics,8,2024,IN,MO,7.82,higher
Mathematics,8,2024,IN,MS,9.12,higher
Mathematics,8,2024,IN,MT,-0.9,equal
Mathematics,8,2024,IN,NC,2.36,equal
Mathematics,8,2024,IN,ND,-1.58,equal
Mathematics,8,2024,IN,NE,-1.7,equal
Mathematics,8,2024,IN,NH,-1.56,equal
Mathematics,8,2024,IN,NJ,-3.5,equal
Mathematics,8,2024,IN,NM,21.97,higher
Mathematics,8,2024,IN,NP,5.95,higher
Mathematics,8,2024,IN,NV,13.01,higher
Mathematics,8,2024,IN,NY,7.33,higher
Mathematics,8,2024,IN,OH,-0.63,equal
Mathematics,8,2024,IN,OK,13.73,higher
Mathematics,8,2024,IN,OR,10.24,higher
Mathematics,8,2024,IN,PA,1.94,equal
Mathematics,8,2024,IN,RI,8.36,higher
Mathematics,8,2024,IN,SC,10.18,higher
Mathematics,8,2024,IN,SD,-2.92,equal
Mathematics,8,2024,IN,TN,2.2,equal
Mathematics,8,2024,IN,TX,8.79,higher
Mathematics,8,2024,IN,UT,-3.61,equal
Mathematics,8,2024,IN,VA,3.2,equal
Mathematics,8,2024,IN,VT,2.57,equal
Mathematics,8,2024,IN,WA,4.52,higher
Mathematics,8,2024,IN,WI,-4.46,lower
Mathematics,8,2024,IN,WV,17.42,higher
Mathematics,8,2024,IN,WY,-0.13,equal
Mathematics,8,2024,KS,AK,10.17,higher
Mathematics,8,2024,KS,AL,12.37,higher
Mathematics,8,2024,KS,AR,7.94,higher
Mathematics,8,2024,KS,AZ,4.48,equal
Mathematics,8,2024,KS,CA,5.36,higher
Mathematics,8,2024,KS,CO,-3.97,equal
Mathematics,8,2024,KS,CT,-2.54,equal
Mathematics,8,2024,KS,DC,12.6,higher
Mathematics,8,2024,KS,DE,11.08,higher
Mathematics,8,2024,KS,DS,-17.28,lower
Mathematics,8,2024,KS,FL,6.89,higher
Mathematics,8,2024,KS,GA,5.48,higher
Mathematics,8,2024,KS,HI,4.1,higher
Mathematics,8,2024,KS,IA,-0.69,equal
Mathematics,8,2024,KS,ID,-3.97,equal
Mathematics,8,2024,KS,IL,-3.28,equal
Mathematics,8,2024,KS,IN,-4.05,equal
Mathematics,8,2024,KS,KY,3.32,equal
Mathematics,8,2024,KS,LA,7.35,higher
Mathematics,8,2024,KS,MA,-9.33,lower
Mathematics,8,2024,KS,MD,5.92,higher
Mathematics,8,2024,KS,ME,1.51,equal
Mathematics,8,2024,KS,MI,4.16,higher
Mathematics,8,2024,KS,MN,-7.95,lower
Mathematics,8,2024,KS,MO,3.77,equal
Mathematics,8,2024,KS,MS,5.08,higher
Mathematics,8,2024,KS,MT,-4.95,lower
Mathematics,8,2024,KS,NC,-1.68,equal
Mathematics,8,2024,KS,ND,-5.63,lower
Mathematics,8,2024,KS,NE,-5.75,lower
Mathematics,8,2024,KS,NH,-5.61,lower
Mathematics,8,2024,KS,NJ,-7.55,lower
Mathematics,8,2024,KS,NM,17.93,higher
Mathematics,8,2024,KS,NP,1.9,equal
Mathematics,8,2024,KS,NV,8.96,higher
Mathematics,8,2024,KS,NY,3.29,equal
Mathematics,8,2024,KS,OH,-4.68,lower
Mathematics,8,2024,KS,OK,9.68,higher
Mathematics,8,2024,KS,OR,6.2,higher
Mathematics,8,2024,KS,PA,-2.11,equal
Mathematics,8,2024,KS,RI,4.31,higher
Mathematics,8,2024,KS,SC,6.13,higher
Mathematics,8,2024,KS,SD,-6.96,lower
Mathematics,8,2024,KS,TN,-1.85,equal
Mathematics,8,2024,KS,TX,4.74,higher
Mathematics,8,2024,KS,UT,-7.65,lower
Mathematics,8,2024,KS,VA,-0.85,equal
Mathematics,8,2024,KS,VT,-1.48,equal
Mathematics,8,2024,KS,WA,0.47,equal
Mathematics,8,2024,KS,WI,-8.51,lower
Mathematics,8,2024,KS,WV,13.37,higher
Mathematics,8,2024,KS,WY,-4.18,lower
Mathematics,8,2024,KY,AK,6.85,higher
Mathematics,8,2024,KY,AL,9.04,higher
Mathematics,8,2024,KY,AR,4.62,higher
Mathematics,8,2024,KY,AZ,1.16,equal
Mathematics,8,2024,KY,CA,2.03,equal
Mathematics,8,2024,KY,CO,-7.29,lower
Mathematics,8,2024,KY,CT,-5.86,lower
Mathematics,8,2024,KY,DC,9.27,higher
Mathematics,8,2024,KY,DE,7.76,higher
Mathematics,8,2024,KY,DS,-20.6,lower
Mathematics,8,2024,KY,FL,3.57,equal
Mathematics,8,2024,KY,GA,2.16,equal
Mathematics,8,2024,KY,HI,0.77,equal
Mathematics,8,2024,KY,IA,-4.01,lower
Mathematics,8,2024,KY,ID,-7.29,lower
Mathematics,8,2024,KY,IL,-6.6,lower
Mathematics,8,2024,KY,IN,-7.37,lower
Mathematics,8,2024,KY,KS,-3.32,equal
Mathematics,8,2024,KY,LA,4.03,equal
Mathematics,8,2024,KY,MA,-12.65,lower
Mathematics,8,2024,KY,MD,2.6,equal
Mathematics,8,2024,KY,ME,-1.81,equal
Mathematics,8,2024,KY,MI,0.83,equal
Mathematics,8,2024,KY,MN,-11.27,lower
Mathematics,8,2024,KY,MO,0.45,equal
Mathematics,8,2024,KY,MS,1.75,equal
Mathematics,8,2024,KY,MT,-8.27,lower
Mathematics,8,2024,KY,NC,-5.01,lower
Mathematics,8,2024,KY,ND,-8.95,lower
Mathematics,8,2024,KY,NE,-9.07,lower
Mathematics,8,2024,KY,NH,-8.93,lower
Mathematics,8,2024,KY,NJ,-10.87,lower
Mathematics,8,2024,KY,NM,14.6,higher
Mathematics,8,2024,KY,NP,-1.42,equal
Mathematics,8,2024,KY,NV,5.64,higher
Mathematics,8,2024,KY,NY,-0.04,equal
Mathematics,8,2024,KY,OH,-8,lower
Mathematics,8,2024,KY,OK,6.36,higher
Mathematics,8,2024,KY,OR,2.87,equal
Mathematics,8,2024,KY,PA,-5.43,lower
Mathematics,8,2024,KY,RI,0.99,equal
Mathematics,8,2024,KY,SC,2.81,equal
Mathematics,8,2024,KY,SD,-10.29,lower
Mathematics,8,2024,KY,TN,-5.17,equal
Mathematics,8,2024,KY,TX,1.42,equal
Mathematics,8,2024,KY,UT,-10.98,lower
Mathematics,8,2024,KY,VA,-4.18,lower
Mathematics,8,2024,KY,VT,-4.8,lower
Mathematics,8,2024,KY,WA,-2.85,equal
Mathematics,8,2024,KY,WI,-11.84,lower
Mathematics,8,2024,KY,WV,10.04,higher
Mathematics,8,2024,KY,WY,-7.5,lower
Mathematics,8,2024,LA,AK,2.82,equal
Mathematics,8,2024,LA,AL,5.01,higher
Mathematics,8,2024,LA,AR,0.59,equal
Mathematics,8,2024,LA,AZ,-2.87,equal
Mathematics,8,2024,LA,CA,-2,equal
Mathematics,8,2024,LA,CO,-11.32,lower
Mathematics,8,2024,LA,CT,-9.89,lower
Mathematics,8,2024,LA,DC,5.24,higher
Mathematics,8,2024,LA,DE,3.73,equal
Mathematics,8,2024,LA,DS,-24.63,lower
Mathematics,8,2024,LA,FL,-0.46,equal
Mathematics,8,2024,LA,GA,-1.87,equal
Mathematics,8,2024,LA,HI,-3.26,equal
Mathematics,8,2024,LA,IA,-8.04,lower
Mathematics,8,2024,LA,ID,-11.32,lower
Mathematics,8,2024,LA,IL,-10.63,lower
Mathematics,8,2024,LA,IN,-11.4,lower
Mathematics,8,2024,LA,KS,-7.35,lower
Mathematics,8,2024,LA,KY,-4.03,equal
Mathematics,8,2024,LA,MA,-16.68,lower
Mathematics,8,2024,LA,MD,-1.43,equal
Mathematics,8,2024,LA,ME,-5.84,lower
Mathematics,8,2024,LA,MI,-3.2,equal
Mathematics,8,2024,LA,MN,-15.3,lower
Mathematics,8,2024,LA,MO,-3.58,equal
Mathematics,8,2024,LA,MS,-2.28,equal
Mathematics,8,2024,LA,MT,-12.3,lower
Mathematics,8,2024,LA,NC,-9.04,lower
Mathematics,8,2024,LA,ND,-12.98,lower
Mathematics,8,2024,LA,NE,-13.1,lower
Mathematics,8,2024,LA,NH,-12.96,lower
Mathematics,8,2024,LA,NJ,-14.9,lower
Mathematics,8,2024,LA,NM,10.57,higher
Mathematics,8,2024,LA,NP,-5.45,lower
Mathematics,8,2024,LA,NV,1.61,equal
Mathematics,8,2024,LA,NY,-4.07,equal
Mathematics,8,2024,LA,OH,-12.03,lower
Mathematics,8,2024,LA,OK,2.33,equal
Mathematics,8,2024,LA,OR,-1.16,equal
Mathematics,8,2024,LA,PA,-9.46,lower
Mathematics,8,2024,LA,RI,-3.04,equal
Mathematics,8,2024,LA,SC,-1.22,equal
Mathematics,8,2024,LA,SD,-14.32,lower
Mathematics,8,2024,LA,TN,-9.2,lower
Mathematics,8,2024,LA,TX,-2.61,equal
Mathematics,8,2024,LA,UT,-15.01,lower
Mathematics,8,2024,LA,VA,-8.21,lower
Mathematics,8,2024,LA,VT,-8.83,lower
Mathematics,8,2024,LA,WA,-6.88,lower
Mathematics,8,2024,LA,WI,-15.87,lower
Mathematics,8,2024,LA,WV,6.01,higher
Mathematics,8,2024,LA,WY,-11.53,lower
Mathematics,8,2024,MA,AK,19.5,higher
Mathematics,8,2024,MA,AL,21.7,higher
Mathematics,8,2024,MA,AR,17.27,higher
Mathematics,8,2024,MA,AZ,13.81,higher
Mathematics,8,2024,MA,CA,14.69,higher
Mathematics,8,2024,MA,CO,5.36,higher
Mathematics,8,2024,MA,CT,6.79,higher
Mathematics,8,2024,MA,DC,21.93,higher
Mathematics,8,2024,MA,DE,20.41,higher
Mathematics,8,2024,MA,DS,-7.95,lower
Mathematics,8,2024,MA,FL,16.22,higher
Mathematics,8,2024,MA,GA,14.81,higher
Mathematics,8,2024,MA,HI,13.42,higher
Mathematics,8,2024,MA,IA,8.64,higher
Mathematics,8,2024,MA,ID,5.36,higher
Mathematics,8,2024,MA,IL,6.05,higher
Mathematics,8,2024,MA,IN,5.28,higher
Mathematics,8,2024,MA,KS,9.33,higher
Mathematics,8,2024,MA,KY,12.65,higher
Mathematics,8,2024,MA,LA,16.68,higher
Mathematics,8,2024,MA,MD,15.25,higher
Mathematics,8,2024,MA,ME,10.84,higher
Mathematics,8,2024,MA,MI,13.49,higher
Mathematics,8,2024,MA,MN,1.38,equal
Mathematics,8,2024,MA,MO,13.1,higher
Mathematics,8,2024,MA,MS,14.41,higher
Mathematics,8,2024,MA,MT,4.38,higher
Mathematics,8,2024,MA,NC,7.64,higher
Mathematics,8,2024,MA,ND,3.7,equal
Mathematics,8,2024,MA,NE,3.58,equal
Mathematics,8,2024,MA,NH,3.72,equal
Mathematics,8,2024,MA,NJ,1.78,equal
Mathematics,8,2024,MA,NM,27.25,higher
Mathematics,8,2024,MA,NP,11.23,higher
Mathematics,8,2024,MA,NV,18.29,higher
Mathematics,8,2024,MA,NY,12.61,higher
Mathematics,8,2024,MA,OH,4.65,equal
Mathematics,8,2024,MA,OK,19.01,higher
Mathematics,8,2024,MA,OR,15.53,higher
Mathematics,8,2024,MA,PA,7.22,higher
Mathematics,8,2024,MA,RI,13.64,higher
Mathematics,8,2024,MA,SC,15.46,higher
Mathematics,8,2024,MA,SD,2.36,equal
Mathematics,8,2024,MA,TN,7.48,higher
Mathematics,8,2024,MA,TX,14.07,higher
Mathematics,8,2024,MA,UT,1.68,equal
Mathematics,8,2024,MA,VA,8.48,higher
Mathematics,8,2024,MA,VT,7.85,higher
Mathematics,8,2024,MA,WA,9.8,higher
Mathematics,8,2024,MA,WI,0.82,equal
Mathematics,8,2024,MA,WV,22.7,higher
Mathematics,8,2024,MA,WY,5.15,higher
Mathematics,8,2024,MD,AK,4.25,higher
Mathematics,8,2024,MD,AL,6.44,higher
Mathematics,8,2024,MD,AR,2.02,equal
Mathematics,8,2024,MD,AZ,-1.44,equal
Mathematics,8,2024,MD,CA,-0.57,equal
Mathematics,8,2024,MD,CO,-9.89,lower
Mathematics,8,2024,MD,CT,-8.46,lower
Mathematics,8,2024,MD,DC,6.67,higher
Mathematics,8,2024,MD,DE,5.16,higher
Mathematics,8,2024,MD,DS,-23.2,lower
Mathematics,8,2024,MD,FL,0.97,equal
Mathematics,8,2024,MD,GA,-0.44,equal
Mathematics,8,2024,MD,HI,-1.83,equal
Mathematics,8,2024,MD,IA,-6.61,lower
Mathematics,8,2024,MD,ID,-9.89,lower
Mathematics,8,2024,MD,IL,-9.2,lower
Mathematics,8,2024,MD,IN,-9.97,lower
Mathematics,8,2024,MD,KS,-5.92,lower
Mathematics,8,2024,MD,KY,-2.6,equal
Mathematics,8,2024,MD,LA,1.43,equal
Mathematics,8,2024,MD,MA,-15.25,lower
Mathematics,8,2024,MD,ME,-4.41,lower
Mathematics,8,2024,MD,MI,-1.77,equal
Mathematics,8,2024,MD,MN,-13.87,lower
Mathematics,8,2024,MD,MO,-2.15,equal
Mathematics,8,2024,MD,MS,-0.85,equal
Mathematics,8,2024,MD,MT,-10.87,lower
Mathematics,8,2024,MD,NC,-7.61,lower
Mathematics,8,2024,MD,ND,-11.55,lower
Mathematics,8,2024,MD,NE,-11.67,lower
Mathematics,8,2024,MD,NH,-11.53,lower
Mathematics,8,2024,MD,NJ,-13.47,lower
Mathematics,8,2024,MD,NM,12,higher
Mathematics,8,2024,MD,NP,-4.02,lower
Mathematics,8,2024,MD,NV,3.04,equal
Mathematics,8,2024,MD,NY,-2.64,equal
Mathematics,8,2024,MD,OH,-10.6,lower
Mathematics,8,2024,MD,OK,3.76,equal
Mathematics,8,2024,MD,OR,0.27,equal
Mathematics,8,2024,MD,PA,-8.03,lower
Mathematics,8,2024,MD,RI,-1.61,equal
Mathematics,8,2024,MD,SC,0.21,equal
Mathematics,8,2024,MD,SD,-12.89,lower
Mathematics,8,2024,MD,TN,-7.77,lower
Mathematics,8,2024,MD,TX,-1.18,equal
Mathematics,8,2024,MD,UT,-13.58,lower
Mathematics,8,2024,MD,VA,-6.77,lower
Mathematics,8,2024,MD,VT,-7.4,lower
Mathematics,8,2024,MD,WA,-5.45,lower
Mathematics,8,2024,MD,WI,-14.44,lower
Mathematics,8,2024,MD,WV,7.44,higher
Mathematics,8,2024,MD,WY,-10.1,lower
Mathematics,8,2024,ME,AK,8.66,higher
Mathematics,8,2024,ME,AL,10.85,higher
Mathematics,8,2024,ME,AR,6.43,higher
Mathematics,8,2024,ME,AZ,2.97,equal
Mathematics,8,2024,ME,CA,3.84,equal
Mathematics,8,2024,ME,CO,-5.49,lower
Mathematics,8,2024,ME,CT,-4.05,equal
Mathematics,8,2024,ME,DC,11.08,higher
Mathematics,8,2024,ME,DE,9.56,higher
Mathematics,8,2024,ME,DS,-18.79,lower
Mathematics,8,2024,ME,FL,5.38,higher
Mathematics,8,2024,ME,GA,3.97,equal
Mathematics,8,2024,ME,HI,2.58,equal
Mathematics,8,2024,ME,IA,-2.2,equal
Mathematics,8,2024,ME,ID,-5.48,lower
Mathematics,8,2024,ME,IL,-4.79,lower
Mathematics,8,2024,ME,IN,-5.56,lower
Mathematics,8,2024,ME,KS,-1.51,equal
Mathematics,8,2024,ME,KY,1.81,equal
Mathematics,8,2024,ME,LA,5.84,higher
Mathematics,8,2024,ME,MA,-10.84,lower
Mathematics,8,2024,ME,MD,4.41,higher
Mathematics,8,2024,ME,MI,2.64,equal
Mathematics,8,2024,ME,MN,-9.47,lower
Mathematics,8,2024,ME,MO,2.26,equal
Mathematics,8,2024,ME,MS,3.56,equal
Mathematics,8,2024,ME,MT,-6.46,lower
Mathematics,8,2024,ME,NC,-3.2,equal
Mathematics,8,2024,ME,ND,-7.14,lower
Mathematics,8,2024,ME,NE,-7.26,lower
Mathematics,8,2024,ME,NH,-7.12,lower
Mathematics,8,2024,ME,NJ,-9.06,lower
Mathematics,8,2024,ME,NM,16.41,higher
Mathematics,8,2024,ME,NP,0.39,equal
Mathematics,8,2024,ME,NV,7.44,higher
Mathematics,8,2024,ME,NY,1.77,equal
Mathematics,8,2024,ME,OH,-6.19,lower
Mathematics,8,2024,ME,OK,8.17,higher
Mathematics,8,2024,ME,OR,4.68,higher
Mathematics,8,2024,ME,PA,-3.62,equal
Mathematics,8,2024,ME,RI,2.8,equal
Mathematics,8,2024,ME,SC,4.62,higher
Mathematics,8,2024,ME,SD,-8.48,lower
Mathematics,8,2024,ME,TN,-3.36,equal
Mathematics,8,2024,ME,TX,3.23,equal
Mathematics,8,2024,ME,UT,-9.17,lower
Mathematics,8,2024,ME,VA,-2.37,equal
Mathematics,8,2024,ME,VT,-3,equal
Mathematics,8,2024,ME,WA,-1.04,equal
Mathematics,8,2024,ME,WI,-10.03,lower
Mathematics,8,2024,ME,WV,11.85,higher
Mathematics,8,2024,ME,WY,-5.69,lower
Mathematics,8,2024,MI,AK,6.02,higher
Mathematics,8,2024,MI,AL,8.21,higher
Mathematics,8,2024,MI,AR,3.78,equal
Mathematics,8,2024,MI,AZ,0.32,equal
Mathematics,8,2024,MI,CA,1.2,equal
Mathematics,8,2024,MI,CO,-8.13,lower
Mathematics,8,2024,MI,CT,-6.7,lower
Mathematics,8,2024,MI,DC,8.44,higher
Mathematics,8,2024,MI,DE,6.92,higher
Mathematics,8,2024,MI,DS,-21.43,lower
Mathematics,8,2024,MI,FL,2.74,equal
Mathematics,8,2024,MI,GA,1.32,equal
Mathematics,8,2024,MI,HI,-0.06,equal
Mathematics,8,2024,MI,IA,-4.85,lower
Mathematics,8,2024,MI,ID,-8.13,lower
Mathematics,8,2024,MI,IL,-7.44,lower
Mathematics,8,2024,MI,IN,-8.21,lower
Mathematics,8,2024,MI,KS,-4.16,lower
Mathematics,8,2024,MI,KY,-0.83,equal
Mathematics,8,2024,MI,LA,3.2,equal
Mathematics,8,2024,MI,MA,-13.49,lower
Mathematics,8,2024,MI,MD,1.77,equal
Mathematics,8,2024,MI,ME,-2.64,equal
Mathematics,8,2024,MI,MN,-12.11,lower
Mathematics,8,2024,MI,MO,-0.38,equal
Mathematics,8,2024,MI,MS,0.92,equal
Mathematics,8,2024,MI,MT,-9.1,lower
Mathematics,8,2024,MI,NC,-5.84,lower
Mathematics,8,2024,MI,ND,-9.79,lower
Mathematics,8,2024,MI,NE,-9.9,lower
Mathematics,8,2024,MI,NH,-9.77,lower
Mathematics,8,2024,MI,NJ,-11.71,lower
Mathematics,8,2024,MI,NM,13.77,higher
Mathematics,8,2024,MI,NP,-2.25,equal
Mathematics,8,2024,MI,NV,4.8,higher
Mathematics,8,2024,MI,NY,-0.87,equal
Mathematics,8,2024,MI,OH,-8.83,lower
Mathematics,8,2024,MI,OK,5.52,higher
Mathematics,8,2024,MI,OR,2.04,equal
Mathematics,8,2024,MI,PA,-6.27,lower
Mathematics,8,2024,MI,RI,0.15,equal
Mathematics,8,2024,MI,SC,1.97,equal
Mathematics,8,2024,MI,SD,-11.12,lower
Mathematics,8,2024,MI,TN,-6,lower
Mathematics,8,2024,MI,TX,0.59,equal
Mathematics,8,2024,MI,UT,-11.81,lower
Mathematics,8,2024,MI,VA,-5.01,lower
Mathematics,8,2024,MI,VT,-5.64,lower
Mathematics,8,2024,MI,WA,-3.69,equal
Mathematics,8,2024,MI,WI,-12.67,lower
Mathematics,8,2024,MI,WV,9.21,higher
Mathematics,8,2024,MI,WY,-8.34,lower
Mathematics,8,2024,MN,AK,18.12,higher
Mathematics,8,2024,MN,AL,20.32,higher
Mathematics,8,2024,MN,AR,15.89,higher
Mathematics,8,2024,MN,AZ,12.43,higher
Mathematics,8,2024,MN,CA,13.31,higher
Mathematics,8,2024,MN,CO,3.98,equal
Mathematics,8,2024,MN,CT,5.41,higher
Mathematics,8,2024,MN,DC,20.55,higher
Mathematics,8,2024,MN,DE,19.03,higher
Mathematics,8,2024,MN,DS,-9.32,lower
Mathematics,8,2024,MN,FL,14.84,higher
Mathematics,8,2024,MN,GA,13.43,higher
Mathematics,8,2024,MN,HI,12.05,higher
Mathematics,8,2024,MN,IA,7.26,higher
Mathematics,8,2024,MN,ID,3.98,equal
Mathematics,8,2024,MN,IL,4.67,higher
Mathematics,8,2024,MN,IN,3.9,equal
Mathematics,8,2024,MN,KS,7.95,higher
Mathematics,8,2024,MN,KY,11.27,higher
Mathematics,8,2024,MN,LA,15.3,higher
Mathematics,8,2024,MN,MA,-1.38,equal
Mathematics,8,2024,MN,MD,13.87,higher
Mathematics,8,2024,MN,ME,9.47,higher
Mathematics,8,2024,MN,MI,12.11,higher
Mathematics,8,2024,MN,MO,11.72,higher
Mathematics,8,2024,MN,MS,13.03,higher
Mathematics,8,2024,MN,MT,3.01,equal
Mathematics,8,2024,MN,NC,6.27,higher
Mathematics,8,2024,MN,ND,2.32,equal
Mathematics,8,2024,MN,NE,2.2,equal
Mathematics,8,2024,MN,NH,2.34,equal
Mathematics,8,2024,MN,NJ,0.4,equal
Mathematics,8,2024,MN,NM,25.88,higher
Mathematics,8,2024,MN,NP,9.85,higher
Mathematics,8,2024,MN,NV,16.91,higher
Mathematics,8,2024,MN,NY,11.24,higher
Mathematics,8,2024,MN,OH,3.27,equal
Mathematics,8,2024,MN,OK,17.63,higher
Mathematics,8,2024,MN,OR,14.15,higher
Mathematics,8,2024,MN,PA,5.84,higher
Mathematics,8,2024,MN,RI,12.26,higher
Mathematics,8,2024,MN,SC,14.08,higher
Mathematics,8,2024,MN,SD,0.99,equal
Mathematics,8,2024,MN,TN,6.1,higher
Mathematics,8,2024,MN,TX,12.69,higher
Mathematics,8,2024,MN,UT,0.3,equal
Mathematics,8,2024,MN,VA,7.1,higher
Mathematics,8,2024,MN,VT,6.47,higher
Mathematics,8,2024,MN,WA,8.42,higher
Mathematics,8,2024,MN,WI,-0.56,equal
Mathematics,8,2024,MN,WV,21.32,higher
Mathematics,8,2024,MN,WY,3.77,equal
Mathematics,8,2024,MO,AK,6.4,higher
Mathematics,8,2024,MO,AL,8.59,higher
Mathematics,8,2024,MO,AR,4.17,higher
Mathematics,8,2024,MO,AZ,0.71,equal
Mathematics,8,2024,MO,CA,1.58,equal
Mathematics,8,2024,MO,CO,-7.74,lower
Mathematics,8,2024,MO,CT,-6.31,lower
Mathematics,8,2024,MO,DC,8.82,higher
Mathematics,8,2024,MO,DE,7.31,higher
Mathematics,8,2024,MO,DS,-21.05,lower
Mathematics,8,2024,MO,FL,3.12,equal
Mathematics,8,2024,MO,GA,1.71,equal
Mathematics,8,2024,MO,HI,0.32,equal
Mathematics,8,2024,MO,IA,-4.46,lower
Mathematics,8,2024,MO,ID,-7.74,lower
Mathematics,8,2024,MO,IL,-7.05,lower
Mathematics,8,2024,MO,IN,-7.82,lower
Mathematics,8,2024,MO,KS,-3.77,equal
Mathematics,8,2024,MO,KY,-0.45,equal
Mathematics,8,2024,MO,LA,3.58,equal
Mathematics,8,2024,MO,MA,-13.1,lower
Mathematics,8,2024,MO,MD,2.15,equal
Mathematics,8,2024,MO,ME,-2.26,equal
Mathematics,8,2024,MO,MI,0.38,equal
Mathematics,8,2024,MO,MN,-11.72,lower
Mathematics,8,2024,MO,MS,1.3,equal
Mathematics,8,2024,MO,MT,-8.72,lower
Mathematics,8,2024,MO,NC,-5.46,lower
Mathematics,8,2024,MO,ND,-9.4,lower
Mathematics,8,2024,MO,NE,-9.52,lower
Mathematics,8,2024,MO,NH,-9.38,lower
Mathematics,8,2024,MO,NJ,-11.32,lower
Mathematics,8,2024,MO,NM,14.15,higher
Mathematics,8,2024,MO,NP,-1.87,equal
Mathematics,8,2024,MO,NV,5.19,higher
Mathematics,8,2024,MO,NY,-0.49,equal
Mathematics,8,2024,MO,OH,-8.45,lower
Mathematics,8,2024,MO,OK,5.91,higher
Mathematics,8,2024,MO,OR,2.42,equal
Mathematics,8,2024,MO,PA,-5.88,lower
Mathematics,8,2024,MO,RI,0.54,equal
Mathematics,8,2024,MO,SC,2.36,equal
Mathematics,8,2024,MO,SD,-10.74,lower
Mathematics,8,2024,MO,TN,-5.62,lower
Mathematics,8,2024,MO,TX,0.97,equal
Mathematics,8,2024,MO,UT,-11.43,lower
Mathematics,8,2024,MO,VA,-4.63,lower
Mathematics,8,2024,MO,VT,-5.25,lower
Mathematics,8,2024,MO,WA,-3.3,equal
Mathematics,8,2024,MO,WI,-12.29,lower
Mathematics,8,2024,MO,WV,9.59,higher
Mathematics,8,2024,MO,WY,-7.95,lower
Mathematics,8,2024,MS,AK,5.1,higher
Mathematics,8,2024,MS,AL,7.29,higher
Mathematics,8,2024,MS,AR,2.87,equal
Mathematics,8,2024,MS,AZ,-0.6,equal
Mathematics,8,2024,MS,CA,0.28,equal
Mathematics,8,2024,MS,CO,-9.05,lower
Mathematics,8,2024,MS,CT,-7.61,lower
Mathematics,8,2024,MS,DC,7.52,higher
Mathematics,8,2024,MS,DE,6,higher
Mathematics,8,2024,MS,DS,-22.35,lower
Mathematics,8,2024,MS,FL,1.82,equal
Mathematics,8,2024,MS,GA,0.4,equal
Mathematics,8,2024,MS,HI,-0.98,equal
Mathematics,8,2024,MS,IA,-5.76,lower
Mathematics,8,2024,MS,ID,-9.04,lower
Mathematics,8,2024,MS,IL,-8.36,lower
Mathematics,8,2024,MS,IN,-9.12,lower
Mathematics,8,2024,MS,KS,-5.08,lower
Mathematics,8,2024,MS,KY,-1.75,equal
Mathematics,8,2024,MS,LA,2.28,equal
Mathematics,8,2024,MS,MA,-14.41,lower
Mathematics,8,2024,MS,MD,0.85,equal
Mathematics,8,2024,MS,ME,-3.56,equal
Mathematics,8,2024,MS,MI,-0.92,equal
Mathematics,8,2024,MS,MN,-13.03,lower
Mathematics,8,2024,MS,MO,-1.3,equal
Mathematics,8,2024,MS,MT,-10.02,lower
Mathematics,8,2024,MS,NC,-6.76,lower
Mathematics,8,2024,MS,ND,-10.7,lower
Mathematics,8,2024,MS,NE,-10.82,lower
Mathematics,8,2024,MS,NH,-10.68,lower
Mathematics,8,2024,MS,NJ,-12.62,lower
Mathematics,8,2024,MS,NM,12.85,higher
Mathematics,8,2024,MS,NP,-3.17,lower
Mathematics,8,2024,MS,NV,3.88,higher
Mathematics,8,2024,MS,NY,-1.79,equal
Mathematics,8,2024,MS,OH,-9.75,lower
Mathematics,8,2024,MS,OK,4.61,higher
Mathematics,8,2024,MS,OR,1.12,equal
Mathematics,8,2024,MS,PA,-7.19,lower
Mathematics,8,2024,MS,RI,-0.77,equal
Mathematics,8,2024,MS,SC,1.05,equal
Mathematics,8,2024,MS,SD,-12.04,lower
Mathematics,8,2024,MS,TN,-6.92,lower
Mathematics,8,2024,MS,TX,-0.33,equal
Mathematics,8,2024,MS,UT,-12.73,lower
Mathematics,8,2024,MS,VA,-5.93,lower
Mathematics,8,2024,MS,VT,-6.56,lower
Mathematics,8,2024,MS,WA,-4.6,lower
Mathematics,8,2024,MS,WI,-13.59,lower
Mathematics,8,2024,MS,WV,8.29,higher
Mathematics,8,2024,MS,WY,-9.25,lower
Mathematics,8,2024,MT,AK,15.12,higher
Mathematics,8,2024,MT,AL,17.31,higher
Mathematics,8,2024,MT,AR,12.89,higher
Mathematics,8,2024,MT,AZ,9.43,higher
Mathematics,8,2024,MT,CA,10.3,higher
Mathematics,8,2024,MT,CO,0.97,equal
Mathematics,8,2024,MT,CT,2.41,equal
Mathematics,8,2024,MT,DC,17.54,higher
Mathematics,8,2024,MT,DE,16.02,higher
Mathematics,8,2024,MT,DS,-12.33,lower
Mathematics,8,2024,MT,FL,11.84,higher
Mathematics,8,2024,MT,GA,10.43,higher
Mathematics,8,2024,MT,HI,9.04,higher
Mathematics,8,2024,MT,IA,4.26,higher
Mathematics,8,2024,MT,ID,0.98,equal
Mathematics,8,2024,MT,IL,1.67,equal
Mathematics,8,2024,MT,IN,0.9,equal
Mathematics,8,2024,MT,KS,4.95,higher
Mathematics,8,2024,MT,KY,8.27,higher
Mathematics,8,2024,MT,LA,12.3,higher
Mathematics,8,2024,MT,MA,-4.38,lower
Mathematics,8,2024,MT,MD,10.87,higher
Mathematics,8,2024,MT,ME,6.46,higher
Mathematics,8,2024,MT,MI,9.1,higher
Mathematics,8,2024,MT,MN,-3.01,equal
Mathematics,8,2024,MT,MO,8.72,higher
Mathematics,8,2024,MT,MS,10.02,higher
Mathematics,8,2024,MT,NC,3.26,equal
Mathematics,8,2024,MT,ND,-0.68,equal
Mathematics,8,2024,MT,NE,-0.8,equal
Mathematics,8,2024,MT,NH,-0.66,equal
Mathematics,8,2024,MT,NJ,-2.6,equal
Mathematics,8,2024,MT,NM,22.87,higher
Mathematics,8,2024,MT,NP,6.85,higher
Mathematics,8,2024,MT,NV,13.9,higher
Mathematics,8,2024,MT,NY,8.23,higher
Mathematics,8,2024,MT,OH,0.27,equal
Mathematics,8,2024,MT,OK,14.63,higher
Mathematics,8,2024,MT,OR,11.14,higher
Mathematics,8,2024,MT,PA,2.84,equal
Mathematics,8,2024,MT,RI,9.26,higher
Mathematics,8,2024,MT,SC,11.08,higher
Mathematics,8,2024,MT,SD,-2.02,equal
Mathematics,8,2024,MT,TN,3.1,equal
Mathematics,8,2024,MT,TX,9.69,higher
Mathematics,8,2024,MT,UT,-2.71,equal
Mathematics,8,2024,MT,VA,4.09,equal
Mathematics,8,2024,MT,VT,3.46,equal
Mathematics,8,2024,MT,WA,5.42,higher
Mathematics,8,2024,MT,WI,-3.57,equal
Mathematics,8,2024,MT,WV,18.31,higher
Mathematics,8,2024,MT,WY,0.77,equal
Mathematics,8,2024,NC,AK,11.86,higher
Mathematics,8,2024,NC,AL,14.05,higher
Mathematics,8,2024,NC,AR,9.63,higher
Mathematics,8,2024,NC,AZ,6.17,higher
Mathematics,8,2024,NC,CA,7.04,higher
Mathematics,8,2024,NC,CO,-2.29,equal
Mathematics,8,2024,NC,CT,-0.85,equal
Mathematics,8,2024,NC,DC,14.28,higher
Mathematics,8,2024,NC,DE,12.76,higher
Mathematics,8,2024,NC,DS,-15.59,lower
Mathematics,8,2024,NC,FL,8.58,higher
Mathematics,8,2024,NC,GA,7.17,higher
Mathematics,8,2024,NC,HI,5.78,higher
Mathematics,8,2024,NC,IA,1,equal
Mathematics,8,2024,NC,ID,-2.28,equal
Mathematics,8,2024,NC,IL,-1.59,equal
Mathematics,8,2024,NC,IN,-2.36,equal
Mathematics,8,2024,NC,KS,1.68,equal
Mathematics,8,2024,NC,KY,5.01,higher
Mathematics,8,2024,NC,LA,9.04,higher
Mathematics,8,2024,NC,MA,-7.64,lower
Mathematics,8,2024,NC,MD,7.61,higher
Mathematics,8,2024,NC,ME,3.2,equal
Mathematics,8,2024,NC,MI,5.84,higher
Mathematics,8,2024,NC,MN,-6.27,lower
Mathematics,8,2024,NC,MO,5.46,higher
Mathematics,8,2024,NC,MS,6.76,higher
Mathematics,8,2024,NC,MT,-3.26,equal
Mathematics,8,2024,NC,ND,-3.94,lower
Mathematics,8,2024,NC,NE,-4.06,lower
Mathematics,8,2024,NC,NH,-3.92,lower
Mathematics,8,2024,NC,NJ,-5.86,lower
Mathematics,8,2024,NC,NM,19.61,higher
Mathematics,8,2024,NC,NP,3.59,higher
Mathematics,8,2024,NC,NV,10.64,higher
Mathematics,8,2024,NC,NY,4.97,equal
Mathematics,8,2024,NC,OH,-2.99,equal
Mathematics,8,2024,NC,OK,11.37,higher
Mathematics,8,2024,NC,OR,7.88,higher
Mathematics,8,2024,NC,PA,-0.42,equal
Mathematics,8,2024,NC,RI,5.99,higher
Mathematics,8,2024,NC,SC,7.82,higher
Mathematics,8,2024,NC,SD,-5.28,lower
Mathematics,8,2024,NC,TN,-0.16,equal
Mathematics,8,2024,NC,TX,6.43,higher
Mathematics,8,2024,NC,UT,-5.97,lower
Mathematics,8,2024,NC,VA,0.83,equal
Mathematics,8,2024,NC,VT,0.2,equal
Mathematics,8,2024,NC,WA,2.16,equal
Mathematics,8,2024,NC,WI,-6.83,lower
Mathematics,8,2024,NC,WV,15.05,higher
Mathematics,8,2024,NC,WY,-2.49,equal
Mathematics,8,2024,ND,AK,15.8,higher
Mathematics,8,2024,ND,AL,18,higher
Mathematics,8,2024,ND,AR,13.57,higher
Mathematics,8,2024,ND,AZ,10.11,higher
Mathematics,8,2024,ND,CA,10.99,higher
Mathematics,8,2024,ND,CO,1.66,equal
Mathematics,8,2024,ND,CT,3.09,equal
Mathematics,8,2024,ND,DC,18.23,higher
Mathematics,8,2024,ND,DE,16.71,higher
Mathematics,8,2024,ND,DS,-11.65,lower
Mathematics,8,2024,ND,FL,12.52,higher
Mathematics,8,2024,ND,GA,11.11,higher
Mathematics,8,2024,ND,HI,9.72,higher
Mathematics,8,2024,ND,IA,4.94,higher
Mathematics,8,2024,ND,ID,1.66,equal
Mathematics,8,2024,ND,IL,2.35,equal
Mathematics,8,2024,ND,IN,1.58,equal
Mathematics,8,2024,ND,KS,5.63,higher
Mathematics,8,2024,ND,KY,8.95,higher
Mathematics,8,2024,ND,LA,12.98,higher
Mathematics,8,2024,ND,MA,-3.7,equal
Mathematics,8,2024,ND,MD,11.55,higher
Mathematics,8,2024,ND,ME,7.14,higher
Mathematics,8,2024,ND,MI,9.79,higher
Mathematics,8,2024,ND,MN,-2.32,equal
Mathematics,8,2024,ND,MO,9.4,higher
Mathematics,8,2024,ND,MS,10.7,higher
Mathematics,8,2024,ND,MT,0.68,equal
Mathematics,8,2024,ND,NC,3.94,higher
Mathematics,8,2024,ND,NE,-0.12,equal
Mathematics,8,2024,ND,NH,0.02,equal
Mathematics,8,2024,ND,NJ,-1.92,equal
Mathematics,8,2024,ND,NM,23.55,higher
Mathematics,8,2024,ND,NP,7.53,higher
Mathematics,8,2024,ND,NV,14.59,higher
Mathematics,8,2024,ND,NY,8.91,higher
Mathematics,8,2024,ND,OH,0.95,equal
Mathematics,8,2024,ND,OK,15.31,higher
Mathematics,8,2024,ND,OR,11.82,higher
Mathematics,8,2024,ND,PA,3.52,equal
Mathematics,8,2024,ND,RI,9.94,higher
Mathematics,8,2024,ND,SC,11.76,higher
Mathematics,8,2024,ND,SD,-1.34,equal
Mathematics,8,2024,ND,TN,3.78,equal
Mathematics,8,2024,ND,TX,10.37,higher
Mathematics,8,2024,ND,UT,-2.02,equal
Mathematics,8,2024,ND,VA,4.78,higher
Mathematics,8,2024,ND,VT,4.15,higher
Mathematics,8,2024,ND,WA,6.1,higher
Mathematics,8,2024,ND,WI,-2.88,equal
Mathematics,8,2024,ND,WV,19,higher
Mathematics,8,2024,ND,WY,1.45,equal
Mathematics,8,2024,NE,AK,15.92,higher
Mathematics,8,2024,NE,AL,18.11,higher
Mathematics,8,2024,NE,AR,13.69,higher
Mathematics,8,2024,NE,AZ,10.23,higher
Mathematics,8,2024,NE,CA,11.1,higher
Mathematics,8,2024,NE,CO,1.78,equal
Mathematics,8,2024,NE,CT,3.21,equal
Mathematics,8,2024,NE,DC,18.34,higher
Mathematics,8,2024,NE,DE,16.83,higher
Mathematics,8,2024,NE,DS,-11.53,lower
Mathematics,8,2024,NE,FL,12.64,higher
Mathematics,8,2024,NE,GA,11.23,higher
Mathematics,8,2024,NE,HI,9.84,higher
Mathematics,8,2024,NE,IA,5.06,higher
Mathematics,8,2024,NE,ID,1.78,equal
Mathematics,8,2024,NE,IL,2.47,equal
Mathematics,8,2024,NE,IN,1.7,equal
Mathematics,8,2024,NE,KS,5.75,higher
Mathematics,8,2024,NE,KY,9.07,higher
Mathematics,8,2024,NE,LA,13.1,higher
Mathematics,8,2024,NE,MA,-3.58,equal
Mathematics,8,2024,NE,MD,11.67,higher
Mathematics,8,2024,NE,ME,7.26,higher
Mathematics,8,2024,NE,MI,9.9,higher
Mathematics,8,2024,NE,MN,-2.2,equal
Mathematics,8,2024,NE,MO,9.52,higher
Mathematics,8,2024,NE,MS,10.82,higher
Mathematics,8,2024,NE,MT,0.8,equal
Mathematics,8,2024,NE,NC,4.06,higher
Mathematics,8,2024,NE,ND,0.12,equal
Mathematics,8,2024,NE,NH,0.14,equal
Mathematics,8,2024,NE,NJ,-1.8,equal
Mathematics,8,2024,NE,NM,23.67,higher
Mathematics,8,2024,NE,NP,7.65,higher
Mathematics,8,2024,NE,NV,14.71,higher
Mathematics,8,2024,NE,NY,9.03,higher
Mathematics,8,2024,NE,OH,1.07,equal
Mathematics,8,2024,NE,OK,15.43,higher
Mathematics,8,2024,NE,OR,11.94,higher
Mathematics,8,2024,NE,PA,3.64,equal
Mathematics,8,2024,NE,RI,10.06,higher
Mathematics,8,2024,NE,SC,11.88,higher
Mathematics,8,2024,NE,SD,-1.22,equal
Mathematics,8,2024,NE,TN,3.9,equal
Mathematics,8,2024,NE,TX,10.49,higher
Mathematics,8,2024,NE,UT,-1.91,equal
Mathematics,8,2024,NE,VA,4.89,higher
Mathematics,8,2024,NE,VT,4.27,higher
Mathematics,8,2024,NE,WA,6.22,higher
Mathematics,8,2024,NE,WI,-2.77,equal
Mathematics,8,2024,NE,WV,19.11,higher
Mathematics,8,2024,NE,WY,1.57,equal
Mathematics,8,2024,NH,AK,15.78,higher
Mathematics,8,2024,NH,AL,17.97,higher
Mathematics,8,2024,NH,AR,13.55,higher
Mathematics,8,2024,NH,AZ,10.09,higher
Mathematics,8,2024,NH,CA,10.96,higher
Mathematics,8,2024,NH,CO,1.64,equal
Mathematics,8,2024,NH,CT,3.07,equal
Mathematics,8,2024,NH,DC,18.21,higher
Mathematics,8,2024,NH,DE,16.69,higher
Mathematics,8,2024,NH,DS,-11.67,lower
Mathematics,8,2024,NH,FL,12.5,higher
Mathematics,8,2024,NH,GA,11.09,higher
Mathematics,8,2024,NH,HI,9.7,higher
Mathematics,8,2024,NH,IA,4.92,higher
Mathematics,8,2024,NH,ID,1.64,equal
Mathematics,8,2024,NH,IL,2.33,equal
Mathematics,8,2024,NH,IN,1.56,equal
Mathematics,8,2024,NH,KS,5.61,higher
Mathematics,8,2024,NH,KY,8.93,higher
Mathematics,8,2024,NH,LA,12.96,higher
Mathematics,8,2024,NH,MA,-3.72,equal
Mathematics,8,2024,NH,MD,11.53,higher
Mathematics,8,2024,NH,ME,7.12,higher
Mathematics,8,2024,NH,MI,9.77,higher
Mathematics,8,2024,NH,MN,-2.34,equal
Mathematics,8,2024,NH,MO,9.38,higher
Mathematics,8,2024,NH,MS,10.68,higher
Mathematics,8,2024,NH,MT,0.66,equal
Mathematics,8,2024,NH,NC,3.92,higher
Mathematics,8,2024,NH,ND,-0.02,equal
Mathematics,8,2024,NH,NE,-0.14,equal
Mathematics,8,2024,NH,NJ,-1.94,equal
Mathematics,8,2024,NH,NM,23.53,higher
Mathematics,8,2024,NH,NP,7.51,higher
Mathematics,8,2024,NH,NV,14.57,higher
Mathematics,8,2024,NH,NY,8.89,higher
Mathematics,8,2024,NH,OH,0.93,equal
Mathematics,8,2024,NH,OK,15.29,higher
Mathematics,8,2024,NH,OR,11.8,higher
Mathematics,8,2024,NH,PA,3.5,equal
Mathematics,8,2024,NH,RI,9.92,higher
Mathematics,8,2024,NH,SC,11.74,higher
Mathematics,8,2024,NH,SD,-1.36,equal
Mathematics,8,2024,NH,TN,3.76,equal
Mathematics,8,2024,NH,TX,10.35,higher
Mathematics,8,2024,NH,UT,-2.05,equal
Mathematics,8,2024,NH,VA,4.76,higher
Mathematics,8,2024,NH,VT,4.13,higher
Mathematics,8,2024,NH,WA,6.08,higher
Mathematics,8,2024,NH,WI,-2.9,equal
Mathematics,8,2024,NH,WV,18.98,higher
Mathematics,8,2024,NH,WY,1.43,equal
Mathematics,8,2024,NJ,AK,17.72,higher
Mathematics,8,2024,NJ,AL,19.91,higher
Mathematics,8,2024,NJ,AR,15.49,higher
Mathematics,8,2024,NJ,AZ,12.03,higher
Mathematics,8,2024,NJ,CA,12.9,higher
Mathematics,8,2024,NJ,CO,3.58,equal
Mathematics,8,2024,NJ,CT,5.01,higher
Mathematics,8,2024,NJ,DC,20.15,higher
Mathematics,8,2024,NJ,DE,18.63,higher
Mathematics,8,2024,NJ,DS,-9.73,lower
Mathematics,8,2024,NJ,FL,14.44,higher
Mathematics,8,2024,NJ,GA,13.03,higher
Mathematics,8,2024,NJ,HI,11.64,higher
Mathematics,8,2024,NJ,IA,6.86,higher
Mathematics,8,2024,NJ,ID,3.58,equal
Mathematics,8,2024,NJ,IL,4.27,equal
Mathematics,8,2024,NJ,IN,3.5,equal
Mathematics,8,2024,NJ,KS,7.55,higher
Mathematics,8,2024,NJ,KY,10.87,higher
Mathematics,8,2024,NJ,LA,14.9,higher
Mathematics,8,2024,NJ,MA,-1.78,equal
Mathematics,8,2024,NJ,MD,13.47,higher
Mathematics,8,2024,NJ,ME,9.06,higher
Mathematics,8,2024,NJ,MI,11.71,higher
Mathematics,8,2024,NJ,MN,-0.4,equal
Mathematics,8,2024,NJ,MO,11.32,higher
Mathematics,8,2024,NJ,MS,12.62,higher
Mathematics,8,2024,NJ,MT,2.6,equal
Mathematics,8,2024,NJ,NC,5.86,higher
Mathematics,8,2024,NJ,ND,1.92,equal
Mathematics,8,2024,NJ,NE,1.8,equal
Mathematics,8,2024,NJ,NH,1.94,equal
Mathematics,8,2024,NJ,NM,25.47,higher
Mathematics,8,2024,NJ,NP,9.45,higher
Mathematics,8,2024,NJ,NV,16.51,higher
Mathematics,8,2024,NJ,NY,10.83,higher
Mathematics,8,2024,NJ,OH,2.87,equal
Mathematics,8,2024,NJ,OK,17.23,higher
Mathematics,8,2024,NJ,OR,13.74,higher
Mathematics,8,2024,NJ,PA,5.44,higher
Mathematics,8,2024,NJ,RI,11.86,higher
Mathematics,8,2024,NJ,SC,13.68,higher
Mathematics,8,2024,NJ,SD,0.58,equal
Mathematics,8,2024,NJ,TN,5.7,equal
Mathematics,8,2024,NJ,TX,12.29,higher
Mathematics,8,2024,NJ,UT,-0.11,equal
Mathematics,8,2024,NJ,VA,6.7,higher
Mathematics,8,2024,NJ,VT,6.07,higher
Mathematics,8,2024,NJ,WA,8.02,higher
Mathematics,8,2024,NJ,WI,-0.96,equal
Mathematics,8,2024,NJ,WV,20.92,higher
Mathematics,8,2024,NJ,WY,3.37,equal
Mathematics,8,2024,NM,AK,-7.75,lower
Mathematics,8,2024,NM,AL,-5.56,lower
Mathematics,8,2024,NM,AR,-9.98,lower
Mathematics,8,2024,NM,AZ,-13.45,lower
Mathematics,8,2024,NM,CA,-12.57,lower
Mathematics,8,2024,NM,CO,-21.9,lower
Mathematics,8,2024,NM,CT,-20.46,lower
Mathematics,8,2024,NM,DC,-5.33,lower
Mathematics,8,2024,NM,DE,-6.85,lower
Mathematics,8,2024,NM,DS,-35.2,lower
Mathematics,8,2024,NM,FL,-11.03,lower
Mathematics,8,2024,NM,GA,-12.44,lower
Mathematics,8,2024,NM,HI,-13.83,lower
Mathematics,8,2024,NM,IA,-18.61,lower
Mathematics,8,2024,NM,ID,-21.89,lower
Mathematics,8,2024,NM,IL,-21.21,lower
Mathematics,8,2024,NM,IN,-21.97,lower
Mathematics,8,2024,NM,KS,-17.93,lower
Mathematics,8,2024,NM,KY,-14.6,lower
Mathematics,8,2024,NM,LA,-10.57,lower
Mathematics,8,2024,NM,MA,-27.25,lower
Mathematics,8,2024,NM,MD,-12,lower
Mathematics,8,2024,NM,ME,-16.41,lower
Mathematics,8,2024,NM,MI,-13.77,lower
Mathematics,8,2024,NM,MN,-25.88,lower
Mathematics,8,2024,NM,MO,-14.15,lower
Mathematics,8,2024,NM,MS,-12.85,lower
Mathematics,8,2024,NM,MT,-22.87,lower
Mathematics,8,2024,NM,NC,-19.61,lower
Mathematics,8,2024,NM,ND,-23.55,lower
Mathematics,8,2024,NM,NE,-23.67,lower
Mathematics,8,2024,NM,NH,-23.53,lower
Mathematics,8,2024,NM,NJ,-25.47,lower
Mathematics,8,2024,NM,NP,-16.02,lower
Mathematics,8,2024,NM,NV,-8.97,lower
Mathematics,8,2024,NM,NY,-14.64,lower
Mathematics,8,2024,NM,OH,-22.6,lower
Mathematics,8,2024,NM,OK,-8.24,lower
Mathematics,8,2024,NM,OR,-11.73,lower
Mathematics,8,2024,NM,PA,-20.04,lower
Mathematics,8,2024,NM,RI,-13.62,lower
Mathematics,8,2024,NM,SC,-11.8,lower
Mathematics,8,2024,NM,SD,-24.89,lower
Mathematics,8,2024,NM,TN,-19.77,lower
Mathematics,8,2024,NM,TX,-13.18,lower
Mathematics,8,2024,NM,UT,-25.58,lower
Mathematics,8,2024,NM,VA,-18.78,lower
Mathematics,8,2024,NM,VT,-19.41,lower
Mathematics,8,2024,NM,WA,-17.45,lower
Mathematics,8,2024,NM,WI,-26.44,lower
Mathematics,8,2024,NM,WV,-4.56,lower
Mathematics,8,2024,NM,WY,-22.1,lower
Mathematics,8,2024,NP,AK,8.27,higher
Mathematics,8,2024,NP,AL,10.46,higher
Mathematics,8,2024,NP,AR,6.04,higher
Mathematics,8,2024,NP,AZ,2.58,equal
Mathematics,8,2024,NP,CA,3.45,higher
Mathematics,8,2024,NP,CO,-5.88,lower
Mathematics,8,2024,NP,CT,-4.44,lower
Mathematics,8,2024,NP,DC,10.69,higher
Mathematics,8,2024,NP,DE,9.18,higher
Mathematics,8,2024,NP,DS,-19.18,lower
Mathematics,8,2024,NP,FL,4.99,higher
Mathematics,8,2024,NP,GA,3.58,higher
Mathematics,8,2024,NP,HI,2.19,higher
Mathematics,8,2024,NP,IA,-2.59,lower
Mathematics,8,2024,NP,ID,-5.87,lower
Mathematics,8,2024,NP,IL,-5.18,lower
Mathematics,8,2024,NP,IN,-5.95,lower
Mathematics,8,2024,NP,KS,-1.9,equal
Mathematics,8,2024,NP,KY,1.42,equal
Mathematics,8,2024,NP,LA,5.45,higher
Mathematics,8,2024,NP,MA,-11.23,lower
Mathematics,8,2024,NP,MD,4.02,higher
Mathematics,8,2024,NP,ME,-0.39,equal
Mathematics,8,2024,NP,MI,2.25,equal
Mathematics,8,2024,NP,MN,-9.85,lower
Mathematics,8,2024,NP,MO,1.87,equal
Mathematics,8,2024,NP,MS,3.17,higher
Mathematics,8,2024,NP,MT,-6.85,lower
Mathematics,8,2024,NP,NC,-3.59,lower
Mathematics,8,2024,NP,ND,-7.53,lower
Mathematics,8,2024,NP,NE,-7.65,lower
Mathematics,8,2024,NP,NH,-7.51,lower
Mathematics,8,2024,NP,NJ,-9.45,lower
Mathematics,8,2024,NP,NM,16.02,higher
Mathematics,8,2024,NP,NV,7.06,higher
Mathematics,8,2024,NP,NY,1.38,equal
Mathematics,8,2024,NP,OH,-6.58,lower
Mathematics,8,2024,NP,OK,7.78,higher
Mathematics,8,2024,NP,OR,4.29,higher
Mathematics,8,2024,NP,PA,-4.01,lower
Mathematics,8,2024,NP,RI,2.41,higher
Mathematics,8,2024,NP,SC,4.23,higher
Mathematics,8,2024,NP,SD,-8.87,lower
Mathematics,8,2024,NP,TN,-3.75,equal
Mathematics,8,2024,NP,TX,2.84,equal
Mathematics,8,2024,NP,UT,-9.56,lower
Mathematics,8,2024,NP,VA,-2.76,equal
Mathematics,8,2024,NP,VT,-3.39,lower
Mathematics,8,2024,NP,WA,-1.43,equal
Mathematics,8,2024,NP,WI,-10.42,lower
Mathematics,8,2024,NP,WV,11.46,higher
Mathematics,8,2024,NP,WY,-6.08,lower
Mathematics,8,2024,NV,AK,1.21,equal
Mathematics,8,2024,NV,AL,3.41,equal
Mathematics,8,2024,NV,AR,-1.02,equal
Mathematics,8,2024,NV,AZ,-4.48,equal
Mathematics,8,2024,NV,CA,-3.6,equal
Mathematics,8,2024,NV,CO,-12.93,lower
Mathematics,8,2024,NV,CT,-11.5,lower
Mathematics,8,2024,NV,DC,3.64,higher
Mathematics,8,2024,NV,DE,2.12,equal
Mathematics,8,2024,NV,DS,-26.23,lower
Mathematics,8,2024,NV,FL,-2.07,equal
Mathematics,8,2024,NV,GA,-3.48,equal
Mathematics,8,2024,NV,HI,-4.86,lower
Mathematics,8,2024,NV,IA,-9.65,lower
Mathematics,8,2024,NV,ID,-12.93,lower
Mathematics,8,2024,NV,IL,-12.24,lower
Mathematics,8,2024,NV,IN,-13.01,lower
Mathematics,8,2024,NV,KS,-8.96,lower
Mathematics,8,2024,NV,KY,-5.64,lower
Mathematics,8,2024,NV,LA,-1.61,equal
Mathematics,8,2024,NV,MA,-18.29,lower
Mathematics,8,2024,NV,MD,-3.04,equal
Mathematics,8,2024,NV,ME,-7.44,lower
Mathematics,8,2024,NV,MI,-4.8,lower
Mathematics,8,2024,NV,MN,-16.91,lower
Mathematics,8,2024,NV,MO,-5.19,lower
Mathematics,8,2024,NV,MS,-3.88,lower
Mathematics,8,2024,NV,MT,-13.9,lower
Mathematics,8,2024,NV,NC,-10.64,lower
Mathematics,8,2024,NV,ND,-14.59,lower
Mathematics,8,2024,NV,NE,-14.71,lower
Mathematics,8,2024,NV,NH,-14.57,lower
Mathematics,8,2024,NV,NJ,-16.51,lower
Mathematics,8,2024,NV,NM,8.97,higher
Mathematics,8,2024,NV,NP,-7.06,lower
Mathematics,8,2024,NV,NY,-5.67,lower
Mathematics,8,2024,NV,OH,-13.64,lower
Mathematics,8,2024,NV,OK,0.72,equal
Mathematics,8,2024,NV,OR,-2.76,equal
Mathematics,8,2024,NV,PA,-11.07,lower
Mathematics,8,2024,NV,RI,-4.65,lower
Mathematics,8,2024,NV,SC,-2.83,equal
Mathematics,8,2024,NV,SD,-15.92,lower
Mathematics,8,2024,NV,TN,-10.81,lower
Mathematics,8,2024,NV,TX,-4.22,lower
Mathematics,8,2024,NV,UT,-16.61,lower
Mathematics,8,2024,NV,VA,-9.81,lower
Mathematics,8,2024,NV,VT,-10.44,lower
Mathematics,8,2024,NV,WA,-8.49,lower
Mathematics,8,2024,NV,WI,-17.47,lower
Mathematics,8,2024,NV,WV,4.41,higher
Mathematics,8,2024,NV,WY,-13.14,lower
Mathematics,8,2024,NY,AK,6.89,higher
Mathematics,8,2024,NY,AL,9.08,higher
Mathematics,8,2024,NY,AR,4.66,equal
Mathematics,8,2024,NY,AZ,1.2,equal
Mathematics,8,2024,NY,CA,2.07,equal
Mathematics,8,2024,NY,CO,-7.26,lower
Mathematics,8,2024,NY,CT,-5.82,lower
Mathematics,8,2024,NY,DC,9.31,higher
Mathematics,8,2024,NY,DE,7.79,higher
Mathematics,8,2024,NY,DS,-20.56,lower
Mathematics,8,2024,NY,FL,3.61,equal
Mathematics,8,2024,NY,GA,2.2,equal
Mathematics,8,2024,NY,HI,0.81,equal
Mathematics,8,2024,NY,IA,-3.97,equal
Mathematics,8,2024,NY,ID,-7.25,lower
Mathematics,8,2024,NY,IL,-6.56,lower
Mathematics,8,2024,NY,IN,-7.33,lower
Mathematics,8,2024,NY,KS,-3.29,equal
Mathematics,8,2024,NY,KY,0.04,equal
Mathematics,8,2024,NY,LA,4.07,equal
Mathematics,8,2024,NY,MA,-12.61,lower
Mathematics,8,2024,NY,MD,2.64,equal
Mathematics,8,2024,NY,ME,-1.77,equal
Mathematics,8,2024,NY,MI,0.87,equal
Mathematics,8,2024,NY,MN,-11.24,lower
Mathematics,8,2024,NY,MO,0.49,equal
Mathematics,8,2024,NY,MS,1.79,equal
Mathematics,8,2024,NY,MT,-8.23,lower
Mathematics,8,2024,NY,NC,-4.97,equal
Mathematics,8,2024,NY,ND,-8.91,lower
Mathematics,8,2024,NY,NE,-9.03,lower
Mathematics,8,2024,NY,NH,-8.89,lower
Mathematics,8,2024,NY,NJ,-10.83,lower
Mathematics,8,2024,NY,NM,14.64,higher
Mathematics,8,2024,NY,NP,-1.38,equal
Mathematics,8,2024,NY,NV,5.67,higher
Mathematics,8,2024,NY,OH,-7.96,lower
Mathematics,8,2024,NY,OK,6.4,higher
Mathematics,8,2024,NY,OR,2.91,equal
Mathematics,8,2024,NY,PA,-5.39,lower
Mathematics,8,2024,NY,RI,1.02,equal
Mathematics,8,2024,NY,SC,2.85,equal
Mathematics,8,2024,NY,SD,-10.25,lower
Mathematics,8,2024,NY,TN,-5.13,equal
Mathematics,8,2024,NY,TX,1.46,equal
Mathematics,8,2024,NY,UT,-10.94,lower
Mathematics,8,2024,NY,VA,-4.14,equal
Mathematics,8,2024,NY,VT,-4.77,lower
Mathematics,8,2024,NY,WA,-2.81,equal
Mathematics,8,2024,NY,WI,-11.8,lower
Mathematics,8,2024,NY,WV,10.08,higher
Mathematics,8,2024,NY,WY,-7.46,lower
Mathematics,8,2024,OH,AK,14.85,higher
Mathematics,8,2024,OH,AL,17.04,higher
Mathematics,8,2024,OH,AR,12.62,higher
Mathematics,8,2024,OH,AZ,9.16,higher
Mathematics,8,2024,OH,CA,10.03,higher
Mathematics,8,2024,OH,CO,0.71,equal
Mathematics,8,2024,OH,CT,2.14,equal
Mathematics,8,2024,OH,DC,17.27,higher
Mathematics,8,2024,OH,DE,15.76,higher
Mathematics,8,2024,OH,DS,-12.6,lower
Mathematics,8,2024,OH,FL,11.57,higher
Mathematics,8,2024,OH,GA,10.16,higher
Mathematics,8,2024,OH,HI,8.77,higher
Mathematics,8,2024,OH,IA,3.99,equal
Mathematics,8,2024,OH,ID,0.71,equal
Mathematics,8,2024,OH,IL,1.4,equal
Mathematics,8,2024,OH,IN,0.63,equal
Mathematics,8,2024,OH,KS,4.68,higher
Mathematics,8,2024,OH,KY,8,higher
Mathematics,8,2024,OH,LA,12.03,higher
Mathematics,8,2024,OH,MA,-4.65,equal
Mathematics,8,2024,OH,MD,10.6,higher
Mathematics,8,2024,OH,ME,6.19,higher
Mathematics,8,2024,OH,MI,8.83,higher
Mathematics,8,2024,OH,MN,-3.27,equal
Mathematics,8,2024,OH,MO,8.45,higher
Mathematics,8,2024,OH,MS,9.75,higher
Mathematics,8,2024,OH,MT,-0.27,equal
Mathematics,8,2024,OH,NC,2.99,equal
Mathematics,8,2024,OH,ND,-0.95,equal
Mathematics,8,2024,OH,NE,-1.07,equal
Mathematics,8,2024,OH,NH,-0.93,equal
Mathematics,8,2024,OH,NJ,-2.87,equal
Mathematics,8,2024,OH,NM,22.6,higher
Mathematics,8,2024,OH,NP,6.58,higher
Mathematics,8,2024,OH,NV,13.64,higher
Mathematics,8,2024,OH,NY,7.96,higher
Mathematics,8,2024,OH,OK,14.36,higher
Mathematics,8,2024,OH,OR,10.87,higher
Mathematics,8,2024,OH,PA,2.57,equal
Mathematics,8,2024,OH,RI,8.99,higher
Mathematics,8,2024,OH,SC,10.81,higher
Mathematics,8,2024,OH,SD,-2.29,equal
Mathematics,8,2024,OH,TN,2.83,equal
Mathematics,8,2024,OH,TX,9.42,higher
Mathematics,8,2024,OH,UT,-2.98,equal
Mathematics,8,2024,OH,VA,3.82,equal
Mathematics,8,2024,OH,VT,3.2,equal
Mathematics,8,2024,OH,WA,5.15,higher
Mathematics,8,2024,OH,WI,-3.84,equal
Mathematics,8,2024,OH,WV,18.04,higher
Mathematics,8,2024,OH,WY,0.5,equal
Mathematics,8,2024,OK,AK,0.49,equal
Mathematics,8,2024,OK,AL,2.68,equal
Mathematics,8,2024,OK,AR,-1.74,equal
Mathematics,8,2024,OK,AZ,-5.2,lower
Mathematics,8,2024,OK,CA,-4.33,equal
Mathematics,8,2024,OK,CO,-13.65,lower
Mathematics,8,2024,OK,CT,-12.22,lower
Mathematics,8,2024,OK,DC,2.92,equal
Mathematics,8,2024,OK,DE,1.4,equal
Mathematics,8,2024,OK,DS,-26.96,lower
Mathematics,8,2024,OK,FL,-2.79,equal
Mathematics,8,2024,OK,GA,-4.2,lower
Mathematics,8,2024,OK,HI,-5.59,lower
Mathematics,8,2024,OK,IA,-10.37,lower
Mathematics,8,2024,OK,ID,-13.65,lower
Mathematics,8,2024,OK,IL,-12.96,lower
Mathematics,8,2024,OK,IN,-13.73,lower
Mathematics,8,2024,OK,KS,-9.68,lower
Mathematics,8,2024,OK,KY,-6.36,lower
Mathematics,8,2024,OK,LA,-2.33,equal
Mathematics,8,2024,OK,MA,-19.01,lower
Mathematics,8,2024,OK,MD,-3.76,equal
Mathematics,8,2024,OK,ME,-8.17,lower
Mathematics,8,2024,OK,MI,-5.52,lower
Mathematics,8,2024,OK,MN,-17.63,lower
Mathematics,8,2024,OK,MO,-5.91,lower
Mathematics,8,2024,OK,MS,-4.61,lower
Mathematics,8,2024,OK,MT,-14.63,lower
Mathematics,8,2024,OK,NC,-11.37,lower
Mathematics,8,2024,OK,ND,-15.31,lower
Mathematics,8,2024,OK,NE,-15.43,lower
Mathematics,8,2024,OK,NH,-15.29,lower
Mathematics,8,2024,OK,NJ,-17.23,lower
Mathematics,8,2024,OK,NM,8.24,higher
Mathematics,8,2024,OK,NP,-7.78,lower
Mathematics,8,2024,OK,NV,-0.72,equal
Mathematics,8,2024,OK,NY,-6.4,lower
Mathematics,8,2024,OK,OH,-14.36,lower
Mathematics,8,2024,OK,OR,-3.49,equal
Mathematics,8,2024,OK,PA,-11.79,lower
Mathematics,8,2024,OK,RI,-5.37,lower
Mathematics,8,2024,OK,SC,-3.55,equal
Mathematics,8,2024,OK,SD,-16.65,lower
Mathematics,8,2024,OK,TN,-11.53,lower
Mathematics,8,2024,OK,TX,-4.94,lower
Mathematics,8,2024,OK,UT,-17.34,lower
Mathematics,8,2024,OK,VA,-10.53,lower
Mathematics,8,2024,OK,VT,-11.16,lower
Mathematics,8,2024,OK,WA,-9.21,lower
Mathematics,8,2024,OK,WI,-18.2,lower
Mathematics,8,2024,OK,WV,3.68,equal
Mathematics,8,2024,OK,WY,-13.86,lower
Mathematics,8,2024,OR,AK,3.98,equal
Mathematics,8,2024,OR,AL,6.17,higher
Mathematics,8,2024,OR,AR,1.75,equal
Mathematics,8,2024,OR,AZ,-1.72,equal
Mathematics,8,2024,OR,CA,-0.84,equal
Mathematics,8,2024,OR,CO,-10.17,lower
Mathematics,8,2024,OR,CT,-8.73,lower
Mathematics,8,2024,OR,DC,6.4,higher
Mathematics,8,2024,OR,DE,4.88,higher
Mathematics,8,2024,OR,DS,-23.47,lower
Mathematics,8,2024,OR,FL,0.7,equal
Mathematics,8,2024,OR,GA,-0.72,equal
Mathematics,8,2024,OR,HI,-2.1,equal
Mathematics,8,2024,OR,IA,-6.88,lower
Mathematics,8,2024,OR,ID,-10.16,lower
Mathematics,8,2024,OR,IL,-9.48,lower
Mathematics,8,2024,OR,IN,-10.24,lower
Mathematics,8,2024,OR,KS,-6.2,lower
Mathematics,8,2024,OR,KY,-2.87,equal
Mathematics,8,2024,OR,LA,1.16,equal
Mathematics,8,2024,OR,MA,-15.53,lower
Mathematics,8,2024,OR,MD,-0.27,equal
Mathematics,8,2024,OR,ME,-4.68,lower
Mathematics,8,2024,OR,MI,-2.04,equal
Mathematics,8,2024,OR,MN,-14.15,lower
Mathematics,8,2024,OR,MO,-2.42,equal
Mathematics,8,2024,OR,MS,-1.12,equal
Mathematics,8,2024,OR,MT,-11.14,lower
Mathematics,8,2024,OR,NC,-7.88,lower
Mathematics,8,2024,OR,ND,-11.82,lower
Mathematics,8,2024,OR,NE,-11.94,lower
Mathematics,8,2024,OR,NH,-11.8,lower
Mathematics,8,2024,OR,NJ,-13.74,lower
Mathematics,8,2024,OR,NM,11.73,higher
Mathematics,8,2024,OR,NP,-4.29,lower
Mathematics,8,2024,OR,NV,2.76,equal
Mathematics,8,2024,OR,NY,-2.91,equal
Mathematics,8,2024,OR,OH,-10.87,lower
Mathematics,8,2024,OR,OK,3.49,equal
Mathematics,8,2024,OR,PA,-8.31,lower
Mathematics,8,2024,OR,RI,-1.89,equal
Mathematics,8,2024,OR,SC,-0.07,equal
Mathematics,8,2024,OR,SD,-13.16,lower
Mathematics,8,2024,OR,TN,-8.04,lower
Mathematics,8,2024,OR,TX,-1.45,equal
Mathematics,8,2024,OR,UT,-13.85,lower
Mathematics,8,2024,OR,VA,-7.05,lower
Mathematics,8,2024,OR,VT,-7.68,lower
Mathematics,8,2024,OR,WA,-5.72,lower
Mathematics,8,2024,OR,WI,-14.71,lower
Mathematics,8,2024,OR,WV,7.17,higher
Mathematics,8,2024,OR,WY,-10.37,lower
Mathematics,8,2024,PA,AK,12.28,higher
Mathematics,8,2024,PA,AL,14.48,higher
Mathematics,8,2024,PA,AR,10.05,higher
Mathematics,8,2024,PA,AZ,6.59,higher
Mathematics,8,2024,PA,CA,7.47,higher
Mathematics,8,2024,PA,CO,-1.86,equal
Mathematics,8,2024,PA,CT,-0.43,equal
Mathematics,8,2024,PA,DC,14.71,higher
Mathematics,8,2024,PA,DE,13.19,higher
Mathematics,8,2024,PA,DS,-15.17,lower
Mathematics,8,2024,PA,FL,9,higher
Mathematics,8,2024,PA,GA,7.59,higher
Mathematics,8,2024,PA,HI,6.2,higher
Mathematics,8,2024,PA,IA,1.42,equal
Mathematics,8,2024,PA,ID,-1.86,equal
Mathematics,8,2024,PA,IL,-1.17,equal
Mathematics,8,2024,PA,IN,-1.94,equal
Mathematics,8,2024,PA,KS,2.11,equal
Mathematics,8,2024,PA,KY,5.43,higher
Mathematics,8,2024,PA,LA,9.46,higher
Mathematics,8,2024,PA,MA,-7.22,lower
Mathematics,8,2024,PA,MD,8.03,higher
Mathematics,8,2024,PA,ME,3.62,equal
Mathematics,8,2024,PA,MI,6.27,higher
Mathematics,8,2024,PA,MN,-5.84,lower
Mathematics,8,2024,PA,MO,5.88,higher
Mathematics,8,2024,PA,MS,7.19,higher
Mathematics,8,2024,PA,MT,-2.84,equal
Mathematics,8,2024,PA,NC,0.42,equal
Mathematics,8,2024,PA,ND,-3.52,equal
Mathematics,8,2024,PA,NE,-3.64,equal
Mathematics,8,2024,PA,NH,-3.5,equal
Mathematics,8,2024,PA,NJ,-5.44,lower
Mathematics,8,2024,PA,NM,20.04,higher
Mathematics,8,2024,PA,NP,4.01,higher
Mathematics,8,2024,PA,NV,11.07,higher
Mathematics,8,2024,PA,NY,5.39,higher
Mathematics,8,2024,PA,OH,-2.57,equal
Mathematics,8,2024,PA,OK,11.79,higher
Mathematics,8,2024,PA,OR,8.31,higher
Mathematics,8,2024,PA,RI,6.42,higher
Mathematics,8,2024,PA,SC,8.24,higher
Mathematics,8,2024,PA,SD,-4.86,lower
Mathematics,8,2024,PA,TN,0.26,equal
Mathematics,8,2024,PA,TX,6.85,higher
Mathematics,8,2024,PA,UT,-5.54,lower
Mathematics,8,2024,PA,VA,1.26,equal
Mathematics,8,2024,PA,VT,0.63,equal
Mathematics,8,2024,PA,WA,2.58,equal
Mathematics,8,2024,PA,WI,-6.4,lower
Mathematics,8,2024,PA,WV,15.48,higher
Mathematics,8,2024,PA,WY,-2.07,equal
Mathematics,8,2024,RI,AK,5.86,higher
Mathematics,8,2024,RI,AL,8.06,higher
Mathematics,8,2024,RI,AR,3.63,higher
Mathematics,8,2024,RI,AZ,0.17,equal
Mathematics,8,2024,RI,CA,1.05,equal
Mathematics,8,2024,RI,CO,-8.28,lower
Mathematics,8,2024,RI,CT,-6.85,lower
Mathematics,8,2024,RI,DC,8.29,higher
Mathematics,8,2024,RI,DE,6.77,higher
Mathematics,8,2024,RI,DS,-21.59,lower
Mathematics,8,2024,RI,FL,2.58,equal
Mathematics,8,2024,RI,GA,1.17,equal
Mathematics,8,2024,RI,HI,-0.21,equal
Mathematics,8,2024,RI,IA,-5,lower
Mathematics,8,2024,RI,ID,-8.28,lower
Mathematics,8,2024,RI,IL,-7.59,lower
Mathematics,8,2024,RI,IN,-8.36,lower
Mathematics,8,2024,RI,KS,-4.31,lower
Mathematics,8,2024,RI,KY,-0.99,equal
Mathematics,8,2024,RI,LA,3.04,equal
Mathematics,8,2024,RI,MA,-13.64,lower
Mathematics,8,2024,RI,MD,1.61,equal
Mathematics,8,2024,RI,ME,-2.8,equal
Mathematics,8,2024,RI,MI,-0.15,equal
Mathematics,8,2024,RI,MN,-12.26,lower
Mathematics,8,2024,RI,MO,-0.54,equal
Mathematics,8,2024,RI,MS,0.77,equal
Mathematics,8,2024,RI,MT,-9.26,lower
Mathematics,8,2024,RI,NC,-5.99,lower
Mathematics,8,2024,RI,ND,-9.94,lower
Mathematics,8,2024,RI,NE,-10.06,lower
Mathematics,8,2024,RI,NH,-9.92,lower
Mathematics,8,2024,RI,NJ,-11.86,lower
Mathematics,8,2024,RI,NM,13.62,higher
Mathematics,8,2024,RI,NP,-2.41,lower
Mathematics,8,2024,RI,NV,4.65,higher
Mathematics,8,2024,RI,NY,-1.02,equal
Mathematics,8,2024,RI,OH,-8.99,lower
Mathematics,8,2024,RI,OK,5.37,higher
Mathematics,8,2024,RI,OR,1.89,equal
Mathematics,8,2024,RI,PA,-6.42,lower
Mathematics,8,2024,RI,SC,1.82,equal
Mathematics,8,2024,RI,SD,-11.27,lower
Mathematics,8,2024,RI,TN,-6.16,lower
Mathematics,8,2024,RI,TX,0.43,equal
Mathematics,8,2024,RI,UT,-11.96,lower
Mathematics,8,2024,RI,VA,-5.16,lower
Mathematics,8,2024,RI,VT,-5.79,lower
Mathematics,8,2024,RI,WA,-3.84,lower
Mathematics,8,2024,RI,WI,-12.82,lower
Mathematics,8,2024,RI,WV,9.06,higher
Mathematics,8,2024,RI,WY,-8.49,lower
Mathematics,8,2024,SC,AK,4.04,higher
Mathematics,8,2024,SC,AL,6.24,higher
Mathematics,8,2024,SC,AR,1.81,equal
Mathematics,8,2024,SC,AZ,-1.65,equal
Mathematics,8,2024,SC,CA,-0.77,equal
Mathematics,8,2024,SC,CO,-10.1,lower
Mathematics,8,2024,SC,CT,-8.67,lower
Mathematics,8,2024,SC,DC,6.47,higher
Mathematics,8,2024,SC,DE,4.95,higher
Mathematics,8,2024,SC,DS,-23.41,lower
Mathematics,8,2024,SC,FL,0.76,equal
Mathematics,8,2024,SC,GA,-0.65,equal
Mathematics,8,2024,SC,HI,-2.03,equal
Mathematics,8,2024,SC,IA,-6.82,lower
Mathematics,8,2024,SC,ID,-10.1,lower
Mathematics,8,2024,SC,IL,-9.41,lower
Mathematics,8,2024,SC,IN,-10.18,lower
Mathematics,8,2024,SC,KS,-6.13,lower
Mathematics,8,2024,SC,KY,-2.81,equal
Mathematics,8,2024,SC,LA,1.22,equal
Mathematics,8,2024,SC,MA,-15.46,lower
Mathematics,8,2024,SC,MD,-0.21,equal
Mathematics,8,2024,SC,ME,-4.62,lower
Mathematics,8,2024,SC,MI,-1.97,equal
Mathematics,8,2024,SC,MN,-14.08,lower
Mathematics,8,2024,SC,MO,-2.36,equal
Mathematics,8,2024,SC,MS,-1.05,equal
Mathematics,8,2024,SC,MT,-11.08,lower
Mathematics,8,2024,SC,NC,-7.82,lower
Mathematics,8,2024,SC,ND,-11.76,lower
Mathematics,8,2024,SC,NE,-11.88,lower
Mathematics,8,2024,SC,NH,-11.74,lower
Mathematics,8,2024,SC,NJ,-13.68,lower
Mathematics,8,2024,SC,NM,11.8,higher
Mathematics,8,2024,SC,NP,-4.23,lower
Mathematics,8,2024,SC,NV,2.83,equal
Mathematics,8,2024,SC,NY,-2.85,equal
Mathematics,8,2024,SC,OH,-10.81,lower
Mathematics,8,2024,SC,OK,3.55,equal
Mathematics,8,2024,SC,OR,0.07,equal
Mathematics,8,2024,SC,PA,-8.24,lower
Mathematics,8,2024,SC,RI,-1.82,equal
Mathematics,8,2024,SC,SD,-13.09,lower
Mathematics,8,2024,SC,TN,-7.98,lower
Mathematics,8,2024,SC,TX,-1.39,equal
Mathematics,8,2024,SC,UT,-13.78,lower
Mathematics,8,2024,SC,VA,-6.98,lower
Mathematics,8,2024,SC,VT,-7.61,lower
Mathematics,8,2024,SC,WA,-5.66,lower
Mathematics,8,2024,SC,WI,-14.64,lower
Mathematics,8,2024,SC,WV,7.24,higher
Mathematics,8,2024,SC,WY,-10.31,lower
Mathematics,8,2024,SD,AK,17.14,higher
Mathematics,8,2024,SD,AL,19.33,higher
Mathematics,8,2024,SD,AR,14.91,higher
Mathematics,8,2024,SD,AZ,11.44,higher
Mathematics,8,2024,SD,CA,12.32,higher
Mathematics,8,2024,SD,CO,2.99,equal
Mathematics,8,2024,SD,CT,4.43,higher
Mathematics,8,2024,SD,DC,19.56,higher
Mathematics,8,2024,SD,DE,18.04,higher
Mathematics,8,2024,SD,DS,-10.31,lower
Mathematics,8,2024,SD,FL,13.86,higher
Mathematics,8,2024,SD,GA,12.45,higher
Mathematics,8,2024,SD,HI,11.06,higher
Mathematics,8,2024,SD,IA,6.28,higher
Mathematics,8,2024,SD,ID,3,equal
Mathematics,8,2024,SD,IL,3.68,equal
Mathematics,8,2024,SD,IN,2.92,equal
Mathematics,8,2024,SD,KS,6.96,higher
Mathematics,8,2024,SD,KY,10.29,higher
Mathematics,8,2024,SD,LA,14.32,higher
Mathematics,8,2024,SD,MA,-2.36,equal
Mathematics,8,2024,SD,MD,12.89,higher
Mathematics,8,2024,SD,ME,8.48,higher
Mathematics,8,2024,SD,MI,11.12,higher
Mathematics,8,2024,SD,MN,-0.99,equal
Mathematics,8,2024,SD,MO,10.74,higher
Mathematics,8,2024,SD,MS,12.04,higher
Mathematics,8,2024,SD,MT,2.02,equal
Mathematics,8,2024,SD,NC,5.28,higher
Mathematics,8,2024,SD,ND,1.34,equal
Mathematics,8,2024,SD,NE,1.22,equal
Mathematics,8,2024,SD,NH,1.36,equal
Mathematics,8,2024,SD,NJ,-0.58,equal
Mathematics,8,2024,SD,NM,24.89,higher
Mathematics,8,2024,SD,NP,8.87,higher
Mathematics,8,2024,SD,NV,15.92,higher
Mathematics,8,2024,SD,NY,10.25,higher
Mathematics,8,2024,SD,OH,2.29,equal
Mathematics,8,2024,SD,OK,16.65,higher
Mathematics,8,2024,SD,OR,13.16,higher
Mathematics,8,2024,SD,PA,4.86,higher
Mathematics,8,2024,SD,RI,11.27,higher
Mathematics,8,2024,SD,SC,13.09,higher
Mathematics,8,2024,SD,TN,5.12,equal
Mathematics,8,2024,SD,TX,11.71,higher
Mathematics,8,2024,SD,UT,-0.69,equal
Mathematics,8,2024,SD,VA,6.11,higher
Mathematics,8,2024,SD,VT,5.48,higher
Mathematics,8,2024,SD,WA,7.44,higher
Mathematics,8,2024,SD,WI,-1.55,equal
Mathematics,8,2024,SD,WV,20.33,higher
Mathematics,8,2024,SD,WY,2.79,equal
Mathematics,8,2024,TN,AK,12.02,higher
Mathematics,8,2024,TN,AL,14.21,higher
Mathematics,8,2024,TN,AR,9.79,higher
Mathematics,8,2024,TN,AZ,6.33,higher
Mathematics,8,2024,TN,CA,7.2,higher
Mathematics,8,2024,TN,CO,-2.12,equal
Mathematics,8,2024,TN,CT,-0.69,equal
Mathematics,8,2024,TN,DC,14.44,higher
Mathematics,8,2024,TN,DE,12.93,higher
Mathematics,8,2024,TN,DS,-15.43,lower
Mathematics,8,2024,TN,FL,8.74,higher
Mathematics,8,2024,TN,GA,7.33,higher
Mathematics,8,2024,TN,HI,5.94,higher
Mathematics,8,2024,TN,IA,1.16,equal
Mathematics,8,2024,TN,ID,-2.12,equal
Mathematics,8,2024,TN,IL,-1.43,equal
Mathematics,8,2024,TN,IN,-2.2,equal
Mathematics,8,2024,TN,KS,1.85,equal
Mathematics,8,2024,TN,KY,5.17,equal
Mathematics,8,2024,TN,LA,9.2,higher
Mathematics,8,2024,TN,MA,-7.48,lower
Mathematics,8,2024,TN,MD,7.77,higher
Mathematics,8,2024,TN,ME,3.36,equal
Mathematics,8,2024,TN,MI,6,higher
Mathematics,8,2024,TN,MN,-6.1,lower
Mathematics,8,2024,TN,MO,5.62,higher
Mathematics,8,2024,TN,MS,6.92,higher
Mathematics,8,2024,TN,MT,-3.1,equal
Mathematics,8,2024,TN,NC,0.16,equal
Mathematics,8,2024,TN,ND,-3.78,equal
Mathematics,8,2024,TN,NE,-3.9,equal
Mathematics,8,2024,TN,NH,-3.76,equal
Mathematics,8,2024,TN,NJ,-5.7,equal
Mathematics,8,2024,TN,NM,19.77,higher
Mathematics,8,2024,TN,NP,3.75,equal
Mathematics,8,2024,TN,NV,10.81,higher
Mathematics,8,2024,TN,NY,5.13,equal
Mathematics,8,2024,TN,OH,-2.83,equal
Mathematics,8,2024,TN,OK,11.53,higher
Mathematics,8,2024,TN,OR,8.04,higher
Mathematics,8,2024,TN,PA,-0.26,equal
Mathematics,8,2024,TN,RI,6.16,higher
Mathematics,8,2024,TN,SC,7.98,higher
Mathematics,8,2024,TN,SD,-5.12,equal
Mathematics,8,2024,TN,TX,6.59,higher
Mathematics,8,2024,TN,UT,-5.81,lower
Mathematics,8,2024,TN,VA,0.99,equal
Mathematics,8,2024,TN,VT,0.37,equal
Mathematics,8,2024,TN,WA,2.32,equal
Mathematics,8,2024,TN,WI,-6.67,lower
Mathematics,8,2024,TN,WV,15.21,higher
Mathematics,8,2024,TN,WY,-2.33,equal
Mathematics,8,2024,TX,AK,5.43,higher
Mathematics,8,2024,TX,AL,7.62,higher
Mathematics,8,2024,TX,AR,3.2,equal
Mathematics,8,2024,TX,AZ,-0.26,equal
Mathematics,8,2024,TX,CA,0.61,equal
Mathematics,8,2024,TX,CO,-8.71,lower
Mathematics,8,2024,TX,CT,-7.28,lower
Mathematics,8,2024,TX,DC,7.85,higher
Mathematics,8,2024,TX,DE,6.34,higher
Mathematics,8,2024,TX,DS,-22.02,lower
Mathematics,8,2024,TX,FL,2.15,equal
Mathematics,8,2024,TX,GA,0.74,equal
Mathematics,8,2024,TX,HI,-0.65,equal
Mathematics,8,2024,TX,IA,-5.43,lower
Mathematics,8,2024,TX,ID,-8.71,lower
Mathematics,8,2024,TX,IL,-8.02,lower
Mathematics,8,2024,TX,IN,-8.79,lower
Mathematics,8,2024,TX,KS,-4.74,lower
Mathematics,8,2024,TX,KY,-1.42,equal
Mathematics,8,2024,TX,LA,2.61,equal
Mathematics,8,2024,TX,MA,-14.07,lower
Mathematics,8,2024,TX,MD,1.18,equal
Mathematics,8,2024,TX,ME,-3.23,equal
Mathematics,8,2024,TX,MI,-0.59,equal
Mathematics,8,2024,TX,MN,-12.69,lower
Mathematics,8,2024,TX,MO,-0.97,equal
Mathematics,8,2024,TX,MS,0.33,equal
Mathematics,8,2024,TX,MT,-9.69,lower
Mathematics,8,2024,TX,NC,-6.43,lower
Mathematics,8,2024,TX,ND,-10.37,lower
Mathematics,8,2024,TX,NE,-10.49,lower
Mathematics,8,2024,TX,NH,-10.35,lower
Mathematics,8,2024,TX,NJ,-12.29,lower
Mathematics,8,2024,TX,NM,13.18,higher
Mathematics,8,2024,TX,NP,-2.84,equal
Mathematics,8,2024,TX,NV,4.22,higher
Mathematics,8,2024,TX,NY,-1.46,equal
Mathematics,8,2024,TX,OH,-9.42,lower
Mathematics,8,2024,TX,OK,4.94,higher
Mathematics,8,2024,TX,OR,1.45,equal
Mathematics,8,2024,TX,PA,-6.85,lower
Mathematics,8,2024,TX,RI,-0.43,equal
Mathematics,8,2024,TX,SC,1.39,equal
Mathematics,8,2024,TX,SD,-11.71,lower
Mathematics,8,2024,TX,TN,-6.59,lower
Mathematics,8,2024,TX,UT,-12.4,lower
Mathematics,8,2024,TX,VA,-5.6,lower
Mathematics,8,2024,TX,VT,-6.22,lower
Mathematics,8,2024,TX,WA,-4.27,equal
Mathematics,8,2024,TX,WI,-13.26,lower
Mathematics,8,2024,TX,WV,8.62,higher
Mathematics,8,2024,TX,WY,-8.92,lower
Mathematics,8,2024,UT,AK,17.83,higher
Mathematics,8,2024,UT,AL,20.02,higher
Mathematics,8,2024,UT,AR,15.6,higher
Mathematics,8,2024,UT,AZ,12.13,higher
Mathematics,8,2024,UT,CA,13.01,higher
Mathematics,8,2024,UT,CO,3.68,equal
Mathematics,8,2024,UT,CT,5.12,higher
Mathematics,8,2024,UT,DC,20.25,higher
Mathematics,8,2024,UT,DE,18.73,higher
Mathematics,8,2024,UT,DS,-9.62,lower
Mathematics,8,2024,UT,FL,14.55,higher
Mathematics,8,2024,UT,GA,13.13,higher
Mathematics,8,2024,UT,HI,11.75,higher
Mathematics,8,2024,UT,IA,6.97,higher
Mathematics,8,2024,UT,ID,3.69,equal
Mathematics,8,2024,UT,IL,4.37,higher
Mathematics,8,2024,UT,IN,3.61,equal
Mathematics,8,2024,UT,KS,7.65,higher
Mathematics,8,2024,UT,KY,10.98,higher
Mathematics,8,2024,UT,LA,15.01,higher
Mathematics,8,2024,UT,MA,-1.68,equal
Mathematics,8,2024,UT,MD,13.58,higher
Mathematics,8,2024,UT,ME,9.17,higher
Mathematics,8,2024,UT,MI,11.81,higher
Mathematics,8,2024,UT,MN,-0.3,equal
Mathematics,8,2024,UT,MO,11.43,higher
Mathematics,8,2024,UT,MS,12.73,higher
Mathematics,8,2024,UT,MT,2.71,equal
Mathematics,8,2024,UT,NC,5.97,higher
Mathematics,8,2024,UT,ND,2.02,equal
Mathematics,8,2024,UT,NE,1.91,equal
Mathematics,8,2024,UT,NH,2.05,equal
Mathematics,8,2024,UT,NJ,0.11,equal
Mathematics,8,2024,UT,NM,25.58,higher
Mathematics,8,2024,UT,NP,9.56,higher
Mathematics,8,2024,UT,NV,16.61,higher
Mathematics,8,2024,UT,NY,10.94,higher
Mathematics,8,2024,UT,OH,2.98,equal
Mathematics,8,2024,UT,OK,17.34,higher
Mathematics,8,2024,UT,OR,13.85,higher
Mathematics,8,2024,UT,PA,5.54,higher
Mathematics,8,2024,UT,RI,11.96,higher
Mathematics,8,2024,UT,SC,13.78,higher
Mathematics,8,2024,UT,SD,0.69,equal
Mathematics,8,2024,UT,TN,5.81,higher
Mathematics,8,2024,UT,TX,12.4,higher
Mathematics,8,2024,UT,VA,6.8,higher
Mathematics,8,2024,UT,VT,6.17,higher
Mathematics,8,2024,UT,WA,8.12,higher
Mathematics,8,2024,UT,WI,-0.86,equal
Mathematics,8,2024,UT,WV,21.02,higher
Mathematics,8,2024,UT,WY,3.47,higher
Mathematics,8,2024,VA,AK,11.03,higher
Mathematics,8,2024,VA,AL,13.22,higher
Mathematics,8,2024,VA,AR,8.79,higher
Mathematics,8,2024,VA,AZ,5.33,higher
Mathematics,8,2024,VA,CA,6.21,higher
Mathematics,8,2024,VA,CO,-3.12,equal
Mathematics,8,2024,VA,CT,-1.69,equal
Mathematics,8,2024,VA,DC,13.45,higher
Mathematics,8,2024,VA,DE,11.93,higher
Mathematics,8,2024,VA,DS,-16.42,lower
Mathematics,8,2024,VA,FL,7.75,higher
Mathematics,8,2024,VA,GA,6.33,higher
Mathematics,8,2024,VA,HI,4.95,higher
Mathematics,8,2024,VA,IA,0.16,equal
Mathematics,8,2024,VA,ID,-3.12,equal
Mathematics,8,2024,VA,IL,-2.43,equal
Mathematics,8,2024,VA,IN,-3.2,equal
Mathematics,8,2024,VA,KS,0.85,equal
Mathematics,8,2024,VA,KY,4.18,higher
Mathematics,8,2024,VA,LA,8.21,higher
Mathematics,8,2024,VA,MA,-8.48,lower
Mathematics,8,2024,VA,MD,6.77,higher
Mathematics,8,2024,VA,ME,2.37,equal
Mathematics,8,2024,VA,MI,5.01,higher
Mathematics,8,2024,VA,MN,-7.1,lower
Mathematics,8,2024,VA,MO,4.63,higher
Mathematics,8,2024,VA,MS,5.93,higher
Mathematics,8,2024,VA,MT,-4.09,equal
Mathematics,8,2024,VA,NC,-0.83,equal
Mathematics,8,2024,VA,ND,-4.78,lower
Mathematics,8,2024,VA,NE,-4.89,lower
Mathematics,8,2024,VA,NH,-4.76,lower
Mathematics,8,2024,VA,NJ,-6.7,lower
Mathematics,8,2024,VA,NM,18.78,higher
Mathematics,8,2024,VA,NP,2.76,equal
Mathematics,8,2024,VA,NV,9.81,higher
Mathematics,8,2024,VA,NY,4.14,equal
Mathematics,8,2024,VA,OH,-3.82,equal
Mathematics,8,2024,VA,OK,10.53,higher
Mathematics,8,2024,VA,OR,7.05,higher
Mathematics,8,2024,VA,PA,-1.26,equal
Mathematics,8,2024,VA,RI,5.16,higher
Mathematics,8,2024,VA,SC,6.98,higher
Mathematics,8,2024,VA,SD,-6.11,lower
Mathematics,8,2024,VA,TN,-0.99,equal
Mathematics,8,2024,VA,TX,5.6,higher
Mathematics,8,2024,VA,UT,-6.8,lower
Mathematics,8,2024,VA,VT,-0.63,equal
Mathematics,8,2024,VA,WA,1.32,equal
Mathematics,8,2024,VA,WI,-7.66,lower
Mathematics,8,2024,VA,WV,14.22,higher
Mathematics,8,2024,VA,WY,-3.33,equal
Mathematics,8,2024,VT,AK,11.66,higher
Mathematics,8,2024,VT,AL,13.85,higher
Mathematics,8,2024,VT,AR,9.42,higher
Mathematics,8,2024,VT,AZ,5.96,higher
Mathematics,8,2024,VT,CA,6.84,higher
Mathematics,8,2024,VT,CO,-2.49,equal
Mathematics,8,2024,VT,CT,-1.06,equal
Mathematics,8,2024,VT,DC,14.08,higher
Mathematics,8,2024,VT,DE,12.56,higher
Mathematics,8,2024,VT,DS,-15.79,lower
Mathematics,8,2024,VT,FL,8.37,higher
Mathematics,8,2024,VT,GA,6.96,higher
Mathematics,8,2024,VT,HI,5.58,higher
Mathematics,8,2024,VT,IA,0.79,equal
Mathematics,8,2024,VT,ID,-2.49,equal
Mathematics,8,2024,VT,IL,-1.8,equal
Mathematics,8,2024,VT,IN,-2.57,equal
Mathematics,8,2024,VT,KS,1.48,equal
Mathematics,8,2024,VT,KY,4.8,higher
Mathematics,8,2024,VT,LA,8.83,higher
Mathematics,8,2024,VT,MA,-7.85,lower
Mathematics,8,2024,VT,MD,7.4,higher
Mathematics,8,2024,VT,ME,3,equal
Mathematics,8,2024,VT,MI,5.64,higher
Mathematics,8,2024,VT,MN,-6.47,lower
Mathematics,8,2024,VT,MO,5.25,higher
Mathematics,8,2024,VT,MS,6.56,higher
Mathematics,8,2024,VT,MT,-3.46,equal
Mathematics,8,2024,VT,NC,-0.2,equal
Mathematics,8,2024,VT,ND,-4.15,lower
Mathematics,8,2024,VT,NE,-4.27,lower
Mathematics,8,2024,VT,NH,-4.13,lower
Mathematics,8,2024,VT,NJ,-6.07,lower
Mathematics,8,2024,VT,NM,19.41,higher
Mathematics,8,2024,VT,NP,3.39,higher
Mathematics,8,2024,VT,NV,10.44,higher
Mathematics,8,2024,VT,NY,4.77,higher
Mathematics,8,2024,VT,OH,-3.2,equal
Mathematics,8,2024,VT,OK,11.16,higher
Mathematics,8,2024,VT,OR,7.68,higher
Mathematics,8,2024,VT,PA,-0.63,equal
Mathematics,8,2024,VT,RI,5.79,higher
Mathematics,8,2024,VT,SC,7.61,higher
Mathematics,8,2024,VT,SD,-5.48,lower
Mathematics,8,2024,VT,TN,-0.37,equal
Mathematics,8,2024,VT,TX,6.22,higher
Mathematics,8,2024,VT,UT,-6.17,lower
Mathematics,8,2024,VT,VA,0.63,equal
Mathematics,8,2024,VT,WA,1.95,equal
Mathematics,8,2024,VT,WI,-7.03,lower
Mathematics,8,2024,VT,WV,14.85,higher
Mathematics,8,2024,VT,WY,-2.7,equal
Mathematics,8,2024,WA,AK,9.7,higher
Mathematics,8,2024,WA,AL,11.9,higher
Mathematics,8,2024,WA,AR,7.47,higher
Mathematics,8,2024,WA,AZ,4.01,equal
Mathematics,8,2024,WA,CA,4.89,higher
Mathematics,8,2024,WA,CO,-4.44,equal
Mathematics,8,2024,WA,CT,-3.01,equal
Mathematics,8,2024,WA,DC,12.13,higher
Mathematics,8,2024,WA,DE,10.61,higher
Mathematics,8,2024,WA,DS,-17.75,lower
Mathematics,8,2024,WA,FL,6.42,higher
Mathematics,8,2024,WA,GA,5.01,higher
Mathematics,8,2024,WA,HI,3.62,equal
Mathematics,8,2024,WA,IA,-1.16,equal
Mathematics,8,2024,WA,ID,-4.44,lower
Mathematics,8,2024,WA,IL,-3.75,equal
Mathematics,8,2024,WA,IN,-4.52,lower
Mathematics,8,2024,WA,KS,-0.47,equal
Mathematics,8,2024,WA,KY,2.85,equal
Mathematics,8,2024,WA,LA,6.88,higher
Mathematics,8,2024,WA,MA,-9.8,lower
Mathematics,8,2024,WA,MD,5.45,higher
Mathematics,8,2024,WA,ME,1.04,equal
Mathematics,8,2024,WA,MI,3.69,equal
Mathematics,8,2024,WA,MN,-8.42,lower
Mathematics,8,2024,WA,MO,3.3,equal
Mathematics,8,2024,WA,MS,4.6,higher
Mathematics,8,2024,WA,MT,-5.42,lower
Mathematics,8,2024,WA,NC,-2.16,equal
Mathematics,8,2024,WA,ND,-6.1,lower
Mathematics,8,2024,WA,NE,-6.22,lower
Mathematics,8,2024,WA,NH,-6.08,lower
Mathematics,8,2024,WA,NJ,-8.02,lower
Mathematics,8,2024,WA,NM,17.45,higher
Mathematics,8,2024,WA,NP,1.43,equal
Mathematics,8,2024,WA,NV,8.49,higher
Mathematics,8,2024,WA,NY,2.81,equal
Mathematics,8,2024,WA,OH,-5.15,lower
Mathematics,8,2024,WA,OK,9.21,higher
Mathematics,8,2024,WA,OR,5.72,higher
Mathematics,8,2024,WA,PA,-2.58,equal
Mathematics,8,2024,WA,RI,3.84,higher
Mathematics,8,2024,WA,SC,5.66,higher
Mathematics,8,2024,WA,SD,-7.44,lower
Mathematics,8,2024,WA,TN,-2.32,equal
Mathematics,8,2024,WA,TX,4.27,equal
Mathematics,8,2024,WA,UT,-8.12,lower
Mathematics,8,2024,WA,VA,-1.32,equal
Mathematics,8,2024,WA,VT,-1.95,equal
Mathematics,8,2024,WA,WI,-8.98,lower
Mathematics,8,2024,WA,WV,12.9,higher
Mathematics,8,2024,WA,WY,-4.65,lower
Mathematics,8,2024,WI,AK,18.69,higher
Mathematics,8,2024,WI,AL,20.88,higher
Mathematics,8,2024,WI,AR,16.45,higher
Mathematics,8,2024,WI,AZ,12.99,higher
Mathematics,8,2024,WI,CA,13.87,higher
Mathematics,8,2024,WI,CO,4.54,equal
Mathematics,8,2024,WI,CT,5.98,higher
Mathematics,8,2024,WI,DC,21.11,higher
Mathematics,8,2024,WI,DE,19.59,higher
Mathematics,8,2024,WI,DS,-8.76,lower
Mathematics,8,2024,WI,FL,15.41,higher
Mathematics,8,2024,WI,GA,13.99,higher
Mathematics,8,2024,WI,HI,12.61,higher
Mathematics,8,2024,WI,IA,7.83,higher
Mathematics,8,2024,WI,ID,4.55,higher
Mathematics,8,2024,WI,IL,5.23,higher
Mathematics,8,2024,WI,IN,4.46,higher
Mathematics,8,2024,WI,KS,8.51,higher
Mathematics,8,2024,WI,KY,11.84,higher
Mathematics,8,2024,WI,LA,15.87,higher
Mathematics,8,2024,WI,MA,-0.82,equal
Mathematics,8,2024,WI,MD,14.44,higher
Mathematics,8,2024,WI,ME,10.03,higher
Mathematics,8,2024,WI,MI,12.67,higher
Mathematics,8,2024,WI,MN,0.56,equal
Mathematics,8,2024,WI,MO,12.29,higher
Mathematics,8,2024,WI,MS,13.59,higher
Mathematics,8,2024,WI,MT,3.57,equal
Mathematics,8,2024,WI,NC,6.83,higher
Mathematics,8,2024,WI,ND,2.88,equal
Mathematics,8,2024,WI,NE,2.77,equal
Mathematics,8,2024,WI,NH,2.9,equal
Mathematics,8,2024,WI,NJ,0.96,equal
Mathematics,8,2024,WI,NM,26.44,higher
Mathematics,8,2024,WI,NP,10.42,higher
Mathematics,8,2024,WI,NV,17.47,higher
Mathematics,8,2024,WI,NY,11.8,higher
Mathematics,8,2024,WI,OH,3.84,equal
Mathematics,8,2024,WI,OK,18.2,higher
Mathematics,8,2024,WI,OR,14.71,higher
Mathematics,8,2024,WI,PA,6.4,higher
Mathematics,8,2024,WI,RI,12.82,higher
Mathematics,8,2024,WI,SC,14.64,higher
Mathematics,8,2024,WI,SD,1.55,equal
Mathematics,8,2024,WI,TN,6.67,higher
Mathematics,8,2024,WI,TX,13.26,higher
Mathematics,8,2024,WI,UT,0.86,equal
Mathematics,8,2024,WI,VA,7.66,higher
Mathematics,8,2024,WI,VT,7.03,higher
Mathematics,8,2024,WI,WA,8.98,higher
Mathematics,8,2024,WI,WV,21.88,higher
Mathematics,8,2024,WI,WY,4.33,higher
Mathematics,8,2024,WV,AK,-3.19,equal
Mathematics,8,2024,WV,AL,-1,equal
Mathematics,8,2024,WV,AR,-5.43,lower
Mathematics,8,2024,WV,AZ,-8.89,lower
Mathematics,8,2024,WV,CA,-8.01,lower
Mathematics,8,2024,WV,CO,-17.34,lower
Mathematics,8,2024,WV,CT,-15.91,lower
Mathematics,8,2024,WV,DC,-0.77,equal
Mathematics,8,2024,WV,DE,-2.29,equal
Mathematics,8,2024,WV,DS,-30.64,lower
Mathematics,8,2024,WV,FL,-6.47,lower
Mathematics,8,2024,WV,GA,-7.89,lower
Mathematics,8,2024,WV,HI,-9.27,lower
Mathematics,8,2024,WV,IA,-14.05,lower
Mathematics,8,2024,WV,ID,-17.34,lower
Mathematics,8,2024,WV,IL,-16.65,lower
Mathematics,8,2024,WV,IN,-17.42,lower
Mathematics,8,2024,WV,KS,-13.37,lower
Mathematics,8,2024,WV,KY,-10.04,lower
Mathematics,8,2024,WV,LA,-6.01,lower
Mathematics,8,2024,WV,MA,-22.7,lower
Mathematics,8,2024,WV,MD,-7.44,lower
Mathematics,8,2024,WV,ME,-11.85,lower
Mathematics,8,2024,WV,MI,-9.21,lower
Mathematics,8,2024,WV,MN,-21.32,lower
Mathematics,8,2024,WV,MO,-9.59,lower
Mathematics,8,2024,WV,MS,-8.29,lower
Mathematics,8,2024,WV,MT,-18.31,lower
Mathematics,8,2024,WV,NC,-15.05,lower
Mathematics,8,2024,WV,ND,-19,lower
Mathematics,8,2024,WV,NE,-19.11,lower
Mathematics,8,2024,WV,NH,-18.98,lower
Mathematics,8,2024,WV,NJ,-20.92,lower
Mathematics,8,2024,WV,NM,4.56,higher
Mathematics,8,2024,WV,NP,-11.46,lower
Mathematics,8,2024,WV,NV,-4.41,lower
Mathematics,8,2024,WV,NY,-10.08,lower
Mathematics,8,2024,WV,OH,-18.04,lower
Mathematics,8,2024,WV,OK,-3.68,equal
Mathematics,8,2024,WV,OR,-7.17,lower
Mathematics,8,2024,WV,PA,-15.48,lower
Mathematics,8,2024,WV,RI,-9.06,lower
Mathematics,8,2024,WV,SC,-7.24,lower
Mathematics,8,2024,WV,SD,-20.33,lower
Mathematics,8,2024,WV,TN,-15.21,lower
Mathematics,8,2024,WV,TX,-8.62,lower
Mathematics,8,2024,WV,UT,-21.02,lower
Mathematics,8,2024,WV,VA,-14.22,lower
Mathematics,8,2024,WV,VT,-14.85,lower
Mathematics,8,2024,WV,WA,-12.9,lower
Mathematics,8,2024,WV,WI,-21.88,lower
Mathematics,8,2024,WV,WY,-17.55,lower
Mathematics,8,2024,WY,AK,14.35,higher
Mathematics,8,2024,WY,AL,16.55,higher
Mathematics,8,2024,WY,AR,12.12,higher
Mathematics,8,2024,WY,AZ,8.66,higher
Mathematics,8,2024,WY,CA,9.54,higher
Mathematics,8,2024,WY,CO,0.21,equal
Mathematics,8,2024,WY,CT,1.64,equal
Mathematics,8,2024,WY,DC,16.78,higher
Mathematics,8,2024,WY,DE,15.26,higher
Mathematics,8,2024,WY,DS,-13.1,lower
Mathematics,8,2024,WY,FL,11.07,higher
Mathematics,8,2024,WY,GA,9.66,higher
Mathematics,8,2024,WY,HI,8.27,higher
Mathematics,8,2024,WY,IA,3.49,higher
Mathematics,8,2024,WY,ID,0.21,equal
Mathematics,8,2024,WY,IL,0.9,equal
Mathematics,8,2024,WY,IN,0.13,equal
Mathematics,8,2024,WY,KS,4.18,higher
Mathematics,8,2024,WY,KY,7.5,higher
Mathematics,8,2024,WY,LA,11.53,higher
Mathematics,8,2024,WY,MA,-5.15,lower
Mathematics,8,2024,WY,MD,10.1,higher
Mathematics,8,2024,WY,ME,5.69,higher
Mathematics,8,2024,WY,MI,8.34,higher
Mathematics,8,2024,WY,MN,-3.77,equal
Mathematics,8,2024,WY,MO,7.95,higher
Mathematics,8,2024,WY,MS,9.25,higher
Mathematics,8,2024,WY,MT,-0.77,equal
Mathematics,8,2024,WY,NC,2.49,equal
Mathematics,8,2024,WY,ND,-1.45,equal
Mathematics,8,2024,WY,NE,-1.57,equal
Mathematics,8,2024,WY,NH,-1.43,equal
Mathematics,8,2024,WY,NJ,-3.37,equal
Mathematics,8,2024,WY,NM,22.1,higher
Mathematics,8,2024,WY,NP,6.08,higher
Mathematics,8,2024,WY,NV,13.14,higher
Mathematics,8,2024,WY,NY,7.46,higher
Mathematics,8,2024,WY,OH,-0.5,equal
Mathematics,8,2024,WY,OK,13.86,higher
Mathematics,8,2024,WY,OR,10.37,higher
Mathematics,8,2024,WY,PA,2.07,equal
Mathematics,8,2024,WY,RI,8.49,higher
Mathematics,8,2024,WY,SC,10.31,higher
Mathematics,8,2024,WY,SD,-2.79,equal
Mathematics,8,2024,WY,TN,2.33,equal
Mathematics,8,2024,WY,TX,8.92,higher
Mathematics,8,2024,WY,UT,-3.47,lower
Mathematics,8,2024,WY,VA,3.33,equal
Mathematics,8,2024,WY,VT,2.7,equal
Mathematics,8,2024,WY,WA,4.65,higher
Mathematics,8,2024,WY,WI,-4.33,lower
Mathematics,8,2024,WY,WV,17.55,higher
Reading,4,2024,AK,AL,-11.62,lower
Reading,4,2024,AK,AR,-8.11,lower
Reading,4,2024,AK,AZ,-6.5,lower
Reading,4,2024,AK,CA,-10.15,lower
Reading,4,2024,AK,CO,-19.33,lower
Reading,4,2024,AK,CT,-17.57,lower
Reading,4,2024,AK,DC,-7.58,lower
Reading,4,2024,AK,DE,-7.94,lower
Reading,4,2024,AK,DS,-32.61,lower
Reading,4,2024,AK,FL,-16.63,lower
Reading,4,2024,AK,GA,-12.77,lower
Reading,4,2024,AK,HI,-14.2,lower
Reading,4,2024,AK,IA,-13.03,lower
Reading,4,2024,AK,ID,-14.06,lower
Reading,4,2024,AK,IL,-12.66,lower
Reading,4,2024,AK,IN,-18.54,lower
Reading,4,2024,AK,KS,-11.53,lower
Reading,4,2024,AK,KY,-16.44,lower
Reading,4,2024,AK,LA,-14.38,lower
Reading,4,2024,AK,MA,-23.18,lower
Reading,4,2024,AK,MD,-14.05,lower
Reading,4,2024,AK,ME,-8,lower
Reading,4,2024,AK,MI,-7.55,lower
Reading,4,2024,AK,MN,-12.85,lower
Reading,4,2024,AK,MO,-10.31,lower
Reading,4,2024,AK,MS,-16.91,lower
Reading,4,2024,AK,MT,-15.61,lower
Reading,4,2024,AK,NC,-11.76,lower
Reading,4,2024,AK,ND,-13.91,lower
Reading,4,2024,AK,NE,-10.11,lower
Reading,4,2024,AK,NH,-19.89,lower
Reading,4,2024,AK,NJ,-20.04,lower
Reading,4,2024,AK,NM,0.96,equal
Reading,4,2024,AK,NP,-12.68,lower
Reading,4,2024,AK,NV,-11.54,lower
Reading,4,2024,AK,NY,-13.04,lower
Reading,4,2024,AK,OH,-14.4,lower
Reading,4,2024,AK,OK,-5.67,lower
Reading,4,2024,AK,OR,-5.38,lower
Reading,4,2024,AK,PA,-14.17,lower
Reading,4,2024,AK,RI,-14.71,lower
Reading,4,2024,AK,SC,-13.32,lower
Reading,4,2024,AK,SD,-12.46,lower
Reading,4,2024,AK,TN,-13.47,lower
Reading,4,2024,AK,TX,-10.33,lower
Reading,4,2024,AK,UT,-17.73,lower
Reading,4,2024,AK,VA,-12.51,lower
Reading,4,2024,AK,VT,-11.09,lower
Reading,4,2024,AK,WA,-14.12,lower
Reading,4,2024,AK,WI,-13.72,lower
Reading,4,2024,AK,WV,-4.28,equal
Reading,4,2024,AK,WY,-20.35,lower
Reading,4,2024,AL,AK,11.62,higher
Reading,4,2024,AL,AR,3.51,equal
Reading,4,2024,AL,AZ,5.11,equal
Reading,4,2024,AL,CA,1.47,equal
Reading,4,2024,AL,CO,-7.71,lower
Reading,4,2024,AL,CT,-5.95,lower
Reading,4,2024,AL,DC,4.03,equal
Reading,4,2024,AL,DE,3.68,equal
Reading,4,2024,AL,DS,-21,lower
Reading,4,2024,AL,FL,-5.01,equal
Reading,4,2024,AL,GA,-1.15,equal
Reading,4,2024,AL,HI,-2.58,equal
Reading,4,2024,AL,IA,-1.42,equal
Reading,4,2024,AL,ID,-2.45,equal
Reading,4,2024,AL,IL,-1.04,equal
Reading,4,2024,AL,IN,-6.93,lower
Reading,4,2024,AL,KS,0.09,equal
Reading,4,2024,AL,KY,-4.82,equal
Reading,4,2024,AL,LA,-2.77,equal
Reading,4,2024,AL,MA,-11.57,lower
Reading,4,2024,AL,MD,-2.43,equal
Reading,4,2024,AL,ME,3.61,equal
Reading,4,2024,AL,MI,4.07,equal
Reading,4,2024,AL,MN,-1.23,equal
Reading,4,2024,AL,MO,1.31,equal
Reading,4,2024,AL,MS,-5.29,equal
Reading,4,2024,AL,MT,-4,equal
Reading,4,2024,AL,NC,-0.14,equal
Reading,4,2024,AL,ND,-2.3,equal
Reading,4,2024,AL,NE,1.5,equal
Reading,4,2024,AL,NH,-8.27,lower
Reading,4,2024,AL,NJ,-8.43,lower
Reading,4,2024,AL,NM,12.57,higher
Reading,4,2024,AL,NP,-1.06,equal
Reading,4,2024,AL,NV,0.07,equal
Reading,4,2024,AL,NY,-1.42,equal
Reading,4,2024,AL,OH,-2.78,equal
Reading,4,2024,AL,OK,5.95,higher
Reading,4,2024,AL,OR,6.24,higher
Reading,4,2024,AL,PA,-2.55,equal
Reading,4,2024,AL,RI,-3.09,equal
Reading,4,2024,AL,SC,-1.7,equal
Reading,4,2024,AL,SD,-0.84,equal
Reading,4,2024,AL,TN,-1.85,equal
Reading,4,2024,AL,TX,1.29,equal
Reading,4,2024,AL,UT,-6.11,lower
Reading,4,2024,AL,VA,-0.9,equal
Reading,4,2024,AL,VT,0.52,equal
Reading,4,2024,AL,WA,-2.51,equal
Reading,4,2024,AL,WI,-2.11,equal
Reading,4,2024,AL,WV,7.34,higher
Reading,4,2024,AL,WY,-8.73,lower
Reading,4,2024,AR,AK,8.11,higher
Reading,4,2024,AR,AL,-3.51,equal
Reading,4,2024,AR,AZ,1.61,equal
Reading,4,2024,AR,CA,-2.04,equal
Reading,4,2024,AR,CO,-11.22,lower
Reading,4,2024,AR,CT,-9.46,lower
Reading,4,2024,AR,DC,0.53,equal
Reading,4,2024,AR,DE,0.17,equal
Reading,4,2024,AR,DS,-24.5,lower
Reading,4,2024,AR,FL,-8.52,lower
Reading,4,2024,AR,GA,-4.65,equal
Reading,4,2024,AR,HI,-6.09,lower
Reading,4,2024,AR,IA,-4.92,lower
Reading,4,2024,AR,ID,-5.95,lower
Reading,4,2024,AR,IL,-4.55,equal
Reading,4,2024,AR,IN,-10.43,lower
Reading,4,2024,AR,KS,-3.42,equal
Reading,4,2024,AR,KY,-8.33,lower
Reading,4,2024,AR,LA,-6.27,lower
Reading,4,2024,AR,MA,-15.07,lower
Reading,4,2024,AR,MD,-5.94,lower
Reading,4,2024,AR,ME,0.11,equal
Reading,4,2024,AR,MI,0.56,equal
Reading,4,2024,AR,MN,-4.74,equal
Reading,4,2024,AR,MO,-2.2,equal
Reading,4,2024,AR,MS,-8.8,lower
Reading,4,2024,AR,MT,-7.5,lower
Reading,4,2024,AR,NC,-3.65,equal
Reading,4,2024,AR,ND,-5.8,lower
Reading,4,2024,AR,NE,-2,equal
Reading,4,2024,AR,NH,-11.78,lower
Reading,4,2024,AR,NJ,-11.93,lower
Reading,4,2024,AR,NM,9.07,higher
Reading,4,2024,AR,NP,-4.57,lower
Reading,4,2024,AR,NV,-3.43,equal
Reading,4,2024,AR,NY,-4.93,equal
Reading,4,2024,AR,OH,-6.29,lower
Reading,4,2024,AR,OK,2.44,equal
Reading,4,2024,AR,OR,2.73,equal
Reading,4,2024,AR,PA,-6.06,lower
Reading,4,2024,AR,RI,-6.6,lower
Reading,4,2024,AR,SC,-5.21,lower
Reading,4,2024,AR,SD,-4.35,equal
Reading,4,2024,AR,TN,-5.36,lower
Reading,4,2024,AR,TX,-2.22,equal
Reading,4,2024,AR,UT,-9.62,lower
Reading,4,2024,AR,VA,-4.4,equal
Reading,4,2024,AR,VT,-2.98,equal
Reading,4,2024,AR,WA,-6.01,lower
Reading,4,2024,AR,WI,-5.61,lower
Reading,4,2024,AR,WV,3.83,equal
Reading,4,2024,AR,WY,-12.24,lower
Reading,4,2024,AZ,AK,6.5,higher
Reading,4,2024,AZ,AL,-5.11,equal
Reading,4,2024,AZ,AR,-1.61,equal
Reading,4,2024,AZ,CA,-3.65,equal
Reading,4,2024,AZ,CO,-12.82,lower
Reading,4,2024,AZ,CT,-11.06,lower
Reading,4,2024,AZ,DC,-1.08,equal
Reading,4,2024,AZ,DE,-1.44,equal
Reading,4,2024,AZ,DS,-26.11,lower
Reading,4,2024,AZ,FL,-10.13,lower
Reading,4,2024,AZ,GA,-6.26,lower
Reading,4,2024,AZ,HI,-7.7,lower
Reading,4,2024,AZ,IA,-6.53,lower
Reading,4,2024,AZ,ID,-7.56,lower
Reading,4,2024,AZ,IL,-6.15,lower
Reading,4,2024,AZ,IN,-12.04,lower
Reading,4,2024,AZ,KS,-5.03,equal
Reading,4,2024,AZ,KY,-9.94,lower
Reading,4,2024,AZ,LA,-7.88,lower
Reading,4,2024,AZ,MA,-16.68,lower
Reading,4,2024,AZ,MD,-7.55,lower
Reading,4,2024,AZ,ME,-1.5,equal
Reading,4,2024,AZ,MI,-1.05,equal
Reading,4,2024,AZ,MN,-6.35,lower
Reading,4,2024,AZ,MO,-3.81,equal
Reading,4,2024,AZ,MS,-10.41,lower
Reading,4,2024,AZ,MT,-9.11,lower
Reading,4,2024,AZ,NC,-5.26,equal
Reading,4,2024,AZ,ND,-7.41,lower
Reading,4,2024,AZ,NE,-3.61,equal
Reading,4,2024,AZ,NH,-13.39,lower
Reading,4,2024,AZ,NJ,-13.54,lower
Reading,4,2024,AZ,NM,7.46,higher
Reading,4,2024,AZ,NP,-6.18,lower
Reading,4,2024,AZ,NV,-5.04,equal
Reading,4,2024,AZ,NY,-6.53,lower
Reading,4,2024,AZ,OH,-7.9,lower
Reading,4,2024,AZ,OK,0.83,equal
Reading,4,2024,AZ,OR,1.12,equal
Reading,4,2024,AZ,PA,-7.67,lower
Reading,4,2024,AZ,RI,-8.21,lower
Reading,4,2024,AZ,SC,-6.81,lower
Reading,4,2024,AZ,SD,-5.96,lower
Reading,4,2024,AZ,TN,-6.96,lower
Reading,4,2024,AZ,TX,-3.83,equal
Reading,4,2024,AZ,UT,-11.23,lower
Reading,4,2024,AZ,VA,-6.01,equal
Reading,4,2024,AZ,VT,-4.59,equal
Reading,4,2024,AZ,WA,-7.62,lower
Reading,4,2024,AZ,WI,-7.22,lower
Reading,4,2024,AZ,WV,2.23,equal
Reading,4,2024,AZ,WY,-13.85,lower
Reading,4,2024,CA,AK,10.15,higher
Reading,4,2024,CA,AL,-1.47,equal
Reading,4,2024,CA,AR,2.04,equal
Reading,4,2024,CA,AZ,3.65,equal
Reading,4,2024,CA,CO,-9.18,lower
Reading,4,2024,CA,CT,-7.42,lower
Reading,4,2024,CA,DC,2.56,equal
Reading,4,2024,CA,DE,2.21,equal
Reading,4,2024,CA,DS,-22.46,lower
Reading,4,2024,CA,FL,-6.48,lower
Reading,4,2024,CA,GA,-2.62,equal
Reading,4,2024,CA,HI,-4.05,equal
Reading,4,2024,CA,IA,-2.88,equal
Reading,4,2024,CA,ID,-3.91,equal
Reading,4,2024,CA,IL,-2.51,equal
Reading,4,2024,CA,IN,-8.4,lower
Reading,4,2024,CA,KS,-1.38,equal
Reading,4,2024,CA,KY,-6.29,lower
Reading,4,2024,CA,LA,-4.23,equal
Reading,4,2024,CA,MA,-13.04,lower
Reading,4,2024,CA,MD,-3.9,equal
Reading,4,2024,CA,ME,2.14,equal
Reading,4,2024,CA,MI,2.6,equal
Reading,4,2024,CA,MN,-2.7,equal
Reading,4,2024,CA,MO,-0.16,equal
Reading,4,2024,CA,MS,-6.76,lower
Reading,4,2024,CA,MT,-5.47,lower
Reading,4,2024,CA,NC,-1.61,equal
Reading,4,2024,CA,ND,-3.77,equal
Reading,4,2024,CA,NE,0.04,equal
Reading,4,2024,CA,NH,-9.74,lower
Reading,4,2024,CA,NJ,-9.89,lower
Reading,4,2024,CA,NM,11.1,higher
Reading,4,2024,CA,NP,-2.53,equal
Reading,4,2024,CA,NV,-1.39,equal
Reading,4,2024,CA,NY,-2.89,equal
Reading,4,2024,CA,OH,-4.25,equal
Reading,4,2024,CA,OK,4.48,equal
Reading,4,2024,CA,OR,4.77,equal
Reading,4,2024,CA,PA,-4.02,equal
Reading,4,2024,CA,RI,-4.56,equal
Reading,4,2024,CA,SC,-3.17,equal
Reading,4,2024,CA,SD,-2.31,equal
Reading,4,2024,CA,TN,-3.32,equal
Reading,4,2024,CA,TX,-0.18,equal
Reading,4,2024,CA,UT,-7.58,lower
Reading,4,2024,CA,VA,-2.36,equal
Reading,4,2024,CA,VT,-0.94,equal
Reading,4,2024,CA,WA,-3.97,equal
Reading,4,2024,CA,WI,-3.57,equal
Reading,4,2024,CA,WV,5.87,higher
Reading,4,2024,CA,WY,-10.2,lower
Reading,4,2024,CO,AK,19.33,higher
Reading,4,2024,CO,AL,7.71,higher
Reading,4,2024,CO,AR,11.22,higher
Reading,4,2024,CO,AZ,12.82,higher
Reading,4,2024,CO,CA,9.18,higher
Reading,4,2024,CO,CT,1.76,equal
Reading,4,2024,CO,DC,11.74,higher
Reading,4,2024,CO,DE,11.39,higher
Reading,4,2024,CO,DS,-13.29,lower
Reading,4,2024,CO,FL,2.7,equal
Reading,4,2024,CO,GA,6.56,higher
Reading,4,2024,CO,HI,5.13,higher
Reading,4,2024,CO,IA,6.29,higher
Reading,4,2024,CO,ID,5.26,higher
Reading,4,2024,CO,IL,6.67,higher
Reading,4,2024,CO,IN,0.78,equal
Reading,4,2024,CO,KS,7.8,higher
Reading,4,2024,CO,KY,2.89,equal
Reading,4,2024,CO,LA,4.94,higher
Reading,4,2024,CO,MA,-3.86,equal
Reading,4,2024,CO,MD,5.28,higher
Reading,4,2024,CO,ME,11.32,higher
Reading,4,2024,CO,MI,11.78,higher
Reading,4,2024,CO,MN,6.48,higher
Reading,4,2024,CO,MO,9.02,higher
Reading,4,2024,CO,MS,2.42,equal
Reading,4,2024,CO,MT,3.71,equal
Reading,4,2024,CO,NC,7.57,higher
Reading,4,2024,CO,ND,5.41,higher
Reading,4,2024,CO,NE,9.21,higher
Reading,4,2024,CO,NH,-0.57,equal
Reading,4,2024,CO,NJ,-0.72,equal
Reading,4,2024,CO,NM,20.28,higher
Reading,4,2024,CO,NP,6.64,higher
Reading,4,2024,CO,NV,7.78,higher
Reading,4,2024,CO,NY,6.29,higher
Reading,4,2024,CO,OH,4.92,higher
Reading,4,2024,CO,OK,13.65,higher
Reading,4,2024,CO,OR,13.94,higher
Reading,4,2024,CO,PA,5.16,higher
Reading,4,2024,CO,RI,4.62,higher
Reading,4,2024,CO,SC,6.01,higher
Reading,4,2024,CO,SD,6.86,higher
Reading,4,2024,CO,TN,5.86,higher
Reading,4,2024,CO,TX,9,higher
Reading,4,2024,CO,UT,1.6,equal
Reading,4,2024,CO,VA,6.81,higher
Reading,4,2024,CO,VT,8.23,higher
Reading,4,2024,CO,WA,5.2,higher
Reading,4,2024,CO,WI,5.6,higher
Reading,4,2024,CO,WV,15.05,higher
Reading,4,2024,CO,WY,-1.02,equal
Reading,4,2024,CT,AK,17.57,higher
Reading,4,2024,CT,AL,5.95,higher
Reading,4,2024,CT,AR,9.46,higher
Reading,4,2024,CT,AZ,11.06,higher
Reading,4,2024,CT,CA,7.42,higher
Reading,4,2024,CT,CO,-1.76,equal
Reading,4,2024,CT,DC,9.98,higher
Reading,4,2024,CT,DE,9.63,higher
Reading,4,2024,CT,DS,-15.05,lower
Reading,4,2024,CT,FL,0.94,equal
Reading,4,2024,CT,GA,4.8,equal
Reading,4,2024,CT,HI,3.37,equal
Reading,4,2024,CT,IA,4.53,higher
Reading,4,2024,CT,ID,3.5,equal
Reading,4,2024,CT,IL,4.91,equal
Reading,4,2024,CT,IN,-0.98,equal
Reading,4,2024,CT,KS,6.04,higher
Reading,4,2024,CT,KY,1.13,equal
Reading,4,2024,CT,LA,3.18,equal
Reading,4,2024,CT,MA,-5.62,lower
Reading,4,2024,CT,MD,3.52,equal
Reading,4,2024,CT,ME,9.56,higher
Reading,4,2024,CT,MI,10.02,higher
Reading,4,2024,CT,MN,4.72,higher
Reading,4,2024,CT,MO,7.26,higher
Reading,4,2024,CT,MS,0.66,equal
Reading,4,2024,CT,MT,1.95,equal
Reading,4,2024,CT,NC,5.81,higher
Reading,4,2024,CT,ND,3.65,equal
Reading,4,2024,CT,NE,7.45,higher
Reading,4,2024,CT,NH,-2.33,equal
Reading,4,2024,CT,NJ,-2.48,equal
Reading,4,2024,CT,NM,18.52,higher
Reading,4,2024,CT,NP,4.88,higher
Reading,4,2024,CT,NV,6.02,higher
Reading,4,2024,CT,NY,4.53,equal
Reading,4,2024,CT,OH,3.16,equal
Reading,4,2024,CT,OK,11.89,higher
Reading,4,2024,CT,OR,12.18,higher
Reading,4,2024,CT,PA,3.4,equal
Reading,4,2024,CT,RI,2.86,equal
Reading,4,2024,CT,SC,4.25,equal
Reading,4,2024,CT,SD,5.1,higher
Reading,4,2024,CT,TN,4.1,equal
Reading,4,2024,CT,TX,7.24,higher
Reading,4,2024,CT,UT,-0.16,equal
Reading,4,2024,CT,VA,5.05,higher
Reading,4,2024,CT,VT,6.47,higher
Reading,4,2024,CT,WA,3.44,equal
Reading,4,2024,CT,WI,3.84,equal
Reading,4,2024,CT,WV,13.29,higher
Reading,4,2024,CT,WY,-2.78,equal
Reading,4,2024,DC,AK,7.58,higher
Reading,4,2024,DC,AL,-4.03,equal
Reading,4,2024,DC,AR,-0.53,equal
Reading,4,2024,DC,AZ,1.08,equal
Reading,4,2024,DC,CA,-2.56,equal
Reading,4,2024,DC,CO,-11.74,lower
Reading,4,2024,DC,CT,-9.98,lower
Reading,4,2024,DC,DE,-0.35,equal
Reading,4,2024,DC,DS,-25.03,lower
Reading,4,2024,DC,FL,-9.05,lower
Reading,4,2024,DC,GA,-5.18,lower
Reading,4,2024,DC,HI,-6.61,lower
Reading,4,2024,DC,IA,-5.45,lower
Reading,4,2024,DC,ID,-6.48,lower
Reading,4,2024,DC,IL,-5.07,lower
Reading,4,2024,DC,IN,-10.96,lower
Reading,4,2024,DC,KS,-3.94,equal
Reading,4,2024,DC,KY,-8.85,lower
Reading,4,2024,DC,LA,-6.8,lower
Reading,4,2024,DC,MA,-15.6,lower
Reading,4,2024,DC,MD,-6.46,lower
Reading,4,2024,DC,ME,-0.42,equal
Reading,4,2024,DC,MI,0.04,equal
Reading,4,2024,DC,MN,-5.26,lower
Reading,4,2024,DC,MO,-2.72,equal
Reading,4,2024,DC,MS,-9.32,lower
Reading,4,2024,DC,MT,-8.03,lower
Reading,4,2024,DC,NC,-4.17,equal
Reading,4,2024,DC,ND,-6.33,lower
Reading,4,2024,DC,NE,-2.53,equal
Reading,4,2024,DC,NH,-12.31,lower
Reading,4,2024,DC,NJ,-12.46,lower
Reading,4,2024,DC,NM,8.54,higher
Reading,4,2024,DC,NP,-5.1,lower
Reading,4,2024,DC,NV,-3.96,equal
Reading,4,2024,DC,NY,-5.45,lower
Reading,4,2024,DC,OH,-6.82,lower
Reading,4,2024,DC,OK,1.91,equal
Reading,4,2024,DC,OR,2.2,equal
Reading,4,2024,DC,PA,-6.58,lower
Reading,4,2024,DC,RI,-7.12,lower
Reading,4,2024,DC,SC,-5.73,lower
Reading,4,2024,DC,SD,-4.88,lower
Reading,4,2024,DC,TN,-5.88,lower
Reading,4,2024,DC,TX,-2.74,equal
Reading,4,2024,DC,UT,-10.15,lower
Reading,4,2024,DC,VA,-4.93,equal
Reading,4,2024,DC,VT,-3.51,equal
Reading,4,2024,DC,WA,-6.54,lower
Reading,4,2024,DC,WI,-6.14,lower
Reading,4,2024,DC,WV,3.31,equal
Reading,4,2024,DC,WY,-12.76,lower
Reading,4,2024,DE,AK,7.94,higher
Reading,4,2024,DE,AL,-3.68,equal
Reading,4,2024,DE,AR,-0.17,equal
Reading,4,2024,DE,AZ,1.44,equal
Reading,4,2024,DE,CA,-2.21,equal
Reading,4,2024,DE,CO,-11.39,lower
Reading,4,2024,DE,CT,-9.63,lower
Reading,4,2024,DE,DC,0.35,equal
Reading,4,2024,DE,DS,-24.68,lower
Reading,4,2024,DE,FL,-8.69,lower
Reading,4,2024,DE,GA,-4.83,lower
Reading,4,2024,DE,HI,-6.26,lower
Reading,4,2024,DE,IA,-5.1,lower
Reading,4,2024,DE,ID,-6.13,lower
Reading,4,2024,DE,IL,-4.72,equal
Reading,4,2024,DE,IN,-10.61,lower
Reading,4,2024,DE,KS,-3.59,equal
Reading,4,2024,DE,KY,-8.5,lower
Reading,4,2024,DE,LA,-6.45,lower
Reading,4,2024,DE,MA,-15.25,lower
Reading,4,2024,DE,MD,-6.11,lower
Reading,4,2024,DE,ME,-0.07,equal
Reading,4,2024,DE,MI,0.39,equal
Reading,4,2024,DE,MN,-4.91,lower
Reading,4,2024,DE,MO,-2.37,equal
Reading,4,2024,DE,MS,-8.97,lower
Reading,4,2024,DE,MT,-7.68,lower
Reading,4,2024,DE,NC,-3.82,equal
Reading,4,2024,DE,ND,-5.98,lower
Reading,4,2024,DE,NE,-2.18,equal
Reading,4,2024,DE,NH,-11.95,lower
Reading,4,2024,DE,NJ,-12.11,lower
Reading,4,2024,DE,NM,8.89,higher
Reading,4,2024,DE,NP,-4.74,lower
Reading,4,2024,DE,NV,-3.61,equal
Reading,4,2024,DE,NY,-5.1,lower
Reading,4,2024,DE,OH,-6.46,lower
Reading,4,2024,DE,OK,2.27,equal
Reading,4,2024,DE,OR,2.56,equal
Reading,4,2024,DE,PA,-6.23,lower
Reading,4,2024,DE,RI,-6.77,lower
Reading,4,2024,DE,SC,-5.38,lower
Reading,4,2024,DE,SD,-4.52,lower
Reading,4,2024,DE,TN,-5.53,lower
Reading,4,2024,DE,TX,-2.39,equal
Reading,4,2024,DE,UT,-9.79,lower
Reading,4,2024,DE,VA,-4.58,equal
Reading,4,2024,DE,VT,-3.15,equal
Reading,4,2024,DE,WA,-6.18,lower
Reading,4,2024,DE,WI,-5.79,lower
Reading,4,2024,DE,WV,3.66,equal
Reading,4,2024,DE,WY,-12.41,lower
Reading,4,2024,DS,AK,32.61,higher
Reading,4,2024,DS,AL,21,higher
Reading,4,2024,DS,AR,24.5,higher
Reading,4,2024,DS,AZ,26.11,higher
Reading,4,2024,DS,CA,22.46,higher
Reading,4,2024,DS,CO,13.29,higher
Reading,4,2024,DS,CT,15.05,higher
Reading,4,2024,DS,DC,25.03,higher
Reading,4,2024,DS,DE,24.68,higher
Reading,4,2024,DS,FL,15.98,higher
Reading,4,2024,DS,GA,19.85,higher
Reading,4,2024,DS,HI,18.41,higher
Reading,4,2024,DS,IA,19.58,higher
Reading,4,2024,DS,ID,18.55,higher
Reading,4,2024,DS,IL,19.96,higher
Reading,4,2024,DS,IN,14.07,higher
Reading,4,2024,DS,KS,21.09,higher
Reading,4,2024,DS,KY,16.17,higher
Reading,4,2024,DS,LA,18.23,higher
Reading,4,2024,DS,MA,9.43,higher
Reading,4,2024,DS,MD,18.56,higher
Reading,4,2024,DS,ME,24.61,higher
Reading,4,2024,DS,MI,25.06,higher
Reading,4,2024,DS,MN,19.77,higher
Reading,4,2024,DS,MO,22.31,higher
Reading,4,2024,DS,MS,15.7,higher
Reading,4,2024,DS,MT,17,higher
Reading,4,2024,DS,NC,20.85,higher
Reading,4,2024,DS,ND,18.7,higher
Reading,4,2024,DS,NE,22.5,higher
Reading,4,2024,DS,NH,12.72,higher
Reading,4,2024,DS,NJ,12.57,higher
Reading,4,2024,DS,NM,33.57,higher
Reading,4,2024,DS,NP,19.93,higher
Reading,4,2024,DS,NV,21.07,higher
Reading,4,2024,DS,NY,19.58,higher
Reading,4,2024,DS,OH,18.21,higher
Reading,4,2024,DS,OK,26.94,higher
Reading,4,2024,DS,OR,27.23,higher
Reading,4,2024,DS,PA,18.44,higher
Reading,4,2024,DS,RI,17.91,higher
Reading,4,2024,DS,SC,19.3,higher
Reading,4,2024,DS,SD,20.15,higher
Reading,4,2024,DS,TN,19.15,higher
Reading,4,2024,DS,TX,22.28,higher
Reading,4,2024,DS,UT,14.88,higher
Reading,4,2024,DS,VA,20.1,higher
Reading,4,2024,DS,VT,21.52,higher
Reading,4,2024,DS,WA,18.49,higher
Reading,4,2024,DS,WI,18.89,higher
Reading,4,2024,DS,WV,28.34,higher
Reading,4,2024,DS,WY,12.26,higher
Reading,4,2024,FL,AK,16.63,higher
Reading,4,2024,FL,AL,5.01,equal
Reading,4,2024,FL,AR,8.52,higher
Reading,4,2024,FL,AZ,10.13,higher
Reading,4,2024,FL,CA,6.48,higher
Reading,4,2024,FL,CO,-2.7,equal
Reading,4,2024,FL,CT,-0.94,equal
Reading,4,2024,FL,DC,9.05,higher
Reading,4,2024,FL,DE,8.69,higher
Reading,4,2024,FL,DS,-15.98,lower
Reading,4,2024,FL,GA,3.87,equal
Reading,4,2024,FL,HI,2.43,equal
Reading,4,2024,FL,IA,3.6,equal
Reading,4,2024,FL,ID,2.57,equal
Reading,4,2024,FL,IL,3.97,equal
Reading,4,2024,FL,IN,-1.91,equal
Reading,4,2024,FL,KS,5.1,higher
Reading,4,2024,FL,KY,0.19,equal
Reading,4,2024,FL,LA,2.25,equal
Reading,4,2024,FL,MA,-6.55,lower
Reading,4,2024,FL,MD,2.58,equal
Reading,4,2024,FL,ME,8.63,higher
Reading,4,2024,FL,MI,9.08,higher
Reading,4,2024,FL,MN,3.78,equal
Reading,4,2024,FL,MO,6.32,higher
Reading,4,2024,FL,MS,-0.28,equal
Reading,4,2024,FL,MT,1.02,equal
Reading,4,2024,FL,NC,4.87,equal
Reading,4,2024,FL,ND,2.72,equal
Reading,4,2024,FL,NE,6.52,higher
Reading,4,2024,FL,NH,-3.26,equal
Reading,4,2024,FL,NJ,-3.41,equal
Reading,4,2024,FL,NM,17.59,higher
Reading,4,2024,FL,NP,3.95,higher
Reading,4,2024,FL,NV,5.09,higher
Reading,4,2024,FL,NY,3.59,equal
Reading,4,2024,FL,OH,2.23,equal
Reading,4,2024,FL,OK,10.96,higher
Reading,4,2024,FL,OR,11.25,higher
Reading,4,2024,FL,PA,2.46,equal
Reading,4,2024,FL,RI,1.92,equal
Reading,4,2024,FL,SC,3.31,equal
Reading,4,2024,FL,SD,4.17,equal
Reading,4,2024,FL,TN,3.16,equal
Reading,4,2024,FL,TX,6.3,higher
Reading,4,2024,FL,UT,-1.1,equal
Reading,4,2024,FL,VA,4.12,equal
Reading,4,2024,FL,VT,5.54,higher
Reading,4,2024,FL,WA,2.51,equal
Reading,4,2024,FL,WI,2.91,equal
Reading,4,2024,FL,WV,12.35,higher
Reading,4,2024,FL,WY,-3.72,equal
Reading,4,2024,GA,AK,12.77,higher
Reading,4,2024,GA,AL,1.15,equal
Reading,4,2024,GA,AR,4.65,equal
Reading,4,2024,GA,AZ,6.26,higher
Reading,4,2024,GA,CA,2.62,equal
Reading,4,2024,GA,CO,-6.56,lower
Reading,4,2024,GA,CT,-4.8,equal
Reading,4,2024,GA,DC,5.18,higher
Reading,4,2024,GA,DE,4.83,higher
Reading,4,2024,GA,DS,-19.85,lower
Reading,4,2024,GA,FL,-3.87,equal
Reading,4,2024,GA,HI,-1.43,equal
Reading,4,2024,GA,IA,-0.27,equal
Reading,4,2024,GA,ID,-1.3,equal
Reading,4,2024,GA,IL,0.11,equal
Reading,4,2024,GA,IN,-5.78,lower
Reading,4,2024,GA,KS,1.24,equal
Reading,4,2024,GA,KY,-3.67,equal
Reading,4,2024,GA,LA,-1.62,equal
Reading,4,2024,GA,MA,-10.42,lower
Reading,4,2024,GA,MD,-1.28,equal
Reading,4,2024,GA,ME,4.76,equal
Reading,4,2024,GA,MI,5.22,higher
Reading,4,2024,GA,MN,-0.08,equal
Reading,4,2024,GA,MO,2.46,equal
Reading,4,2024,GA,MS,-4.14,equal
Reading,4,2024,GA,MT,-2.85,equal
Reading,4,2024,GA,NC,1.01,equal
Reading,4,2024,GA,ND,-1.15,equal
Reading,4,2024,GA,NE,2.65,equal
Reading,4,2024,GA,NH,-7.13,lower
Reading,4,2024,GA,NJ,-7.28,lower
Reading,4,2024,GA,NM,13.72,higher
Reading,4,2024,GA,NP,0.08,equal
Reading,4,2024,GA,NV,1.22,equal
Reading,4,2024,GA,NY,-0.27,equal
Reading,4,2024,GA,OH,-1.64,equal
Reading,4,2024,GA,OK,7.09,higher
Reading,4,2024,GA,OR,7.38,higher
Reading,4,2024,GA,PA,-1.4,equal
Reading,4,2024,GA,RI,-1.94,equal
Reading,4,2024,GA,SC,-0.55,equal
Reading,4,2024,GA,SD,0.3,equal
Reading,4,2024,GA,TN,-0.7,equal
Reading,4,2024,GA,TX,2.44,equal
Reading,4,2024,GA,UT,-4.96,equal
Reading,4,2024,GA,VA,0.25,equal
Reading,4,2024,GA,VT,1.67,equal
Reading,4,2024,GA,WA,-1.36,equal
Reading,4,2024,GA,WI,-0.96,equal
Reading,4,2024,GA,WV,8.49,higher
Reading,4,2024,GA,WY,-7.58,lower
Reading,4,2024,HI,AK,14.2,higher
Reading,4,2024,HI,AL,2.58,equal
Reading,4,2024,HI,AR,6.09,higher
Reading,4,2024,HI,AZ,7.7,higher
Reading,4,2024,HI,CA,4.05,equal
Reading,4,2024,HI,CO,-5.13,lower
Reading,4,2024,HI,CT,-3.37,equal
Reading,4,2024,HI,DC,6.61,higher
Reading,4,2024,HI,DE,6.26,higher
Reading,4,2024,HI,DS,-18.41,lower
Reading,4,2024,HI,FL,-2.43,equal
Reading,4,2024,HI,GA,1.43,equal
Reading,4,2024,HI,IA,1.17,equal
Reading,4,2024,HI,ID,0.14,equal
Reading,4,2024,HI,IL,1.54,equal
Reading,4,2024,HI,IN,-4.35,lower
Reading,4,2024,HI,KS,2.67,equal
Reading,4,2024,HI,KY,-2.24,equal
Reading,4,2024,HI,LA,-0.18,equal
Reading,4,2024,HI,MA,-8.99,lower
Reading,4,2024,HI,MD,0.15,equal
Reading,4,2024,HI,ME,6.19,higher
Reading,4,2024,HI,MI,6.65,higher
Reading,4,2024,HI,MN,1.35,equal
Reading,4,2024,HI,MO,3.89,equal
Reading,4,2024,HI,MS,-2.71,equal
Reading,4,2024,HI,MT,-1.42,equal
Reading,4,2024,HI,NC,2.44,equal
Reading,4,2024,HI,ND,0.29,equal
Reading,4,2024,HI,NE,4.09,equal
Reading,4,2024,HI,NH,-5.69,lower
Reading,4,2024,HI,NJ,-5.84,equal
Reading,4,2024,HI,NM,15.16,higher
Reading,4,2024,HI,NP,1.52,equal
Reading,4,2024,HI,NV,2.66,equal
Reading,4,2024,HI,NY,1.16,equal
Reading,4,2024,HI,OH,-0.2,equal
Reading,4,2024,HI,OK,8.53,higher
Reading,4,2024,HI,OR,8.82,higher
Reading,4,2024,HI,PA,0.03,equal
Reading,4,2024,HI,RI,-0.51,equal
Reading,4,2024,HI,SC,0.88,equal
Reading,4,2024,HI,SD,1.74,equal
Reading,4,2024,HI,TN,0.73,equal
Reading,4,2024,HI,TX,3.87,equal
Reading,4,2024,HI,UT,-3.53,equal
Reading,4,2024,HI,VA,1.69,equal
Reading,4,2024,HI,VT,3.11,equal
Reading,4,2024,HI,WA,0.08,equal
Reading,4,2024,HI,WI,0.48,equal
Reading,4,2024,HI,WV,9.92,higher
Reading,4,2024,HI,WY,-6.15,lower
Reading,4,2024,IA,AK,13.03,higher
Reading,4,2024,IA,AL,1.42,equal
Reading,4,2024,IA,AR,4.92,higher
Reading,4,2024,IA,AZ,6.53,higher
Reading,4,2024,IA,CA,2.88,equal
Reading,4,2024,IA,CO,-6.29,lower
Reading,4,2024,IA,CT,-4.53,lower
Reading,4,2024,IA,DC,5.45,higher
Reading,4,2024,IA,DE,5.1,higher
Reading,4,2024,IA,DS,-19.58,lower
Reading,4,2024,IA,FL,-3.6,equal
Reading,4,2024,IA,GA,0.27,equal
Reading,4,2024,IA,HI,-1.17,equal
Reading,4,2024,IA,ID,-1.03,equal
Reading,4,2024,IA,IL,0.38,equal
Reading,4,2024,IA,IN,-5.51,lower
Reading,4,2024,IA,KS,1.51,equal
Reading,4,2024,IA,KY,-3.4,equal
Reading,4,2024,IA,LA,-1.35,equal
Reading,4,2024,IA,MA,-10.15,lower
Reading,4,2024,IA,MD,-1.02,equal
Reading,4,2024,IA,ME,5.03,higher
Reading,4,2024,IA,MI,5.49,higher
Reading,4,2024,IA,MN,0.19,equal
Reading,4,2024,IA,MO,2.73,equal
Reading,4,2024,IA,MS,-3.87,equal
Reading,4,2024,IA,MT,-2.58,equal
Reading,4,2024,IA,NC,1.28,equal
Reading,4,2024,IA,ND,-0.88,equal
Reading,4,2024,IA,NE,2.92,equal
Reading,4,2024,IA,NH,-6.86,lower
Reading,4,2024,IA,NJ,-7.01,lower
Reading,4,2024,IA,NM,13.99,higher
Reading,4,2024,IA,NP,0.35,equal
Reading,4,2024,IA,NV,1.49,equal
Reading,4,2024,IA,NY,-0,equal
Reading,4,2024,IA,OH,-1.37,equal
Reading,4,2024,IA,OK,7.36,higher
Reading,4,2024,IA,OR,7.65,higher
Reading,4,2024,IA,PA,-1.13,equal
Reading,4,2024,IA,RI,-1.67,equal
Reading,4,2024,IA,SC,-0.28,equal
Reading,4,2024,IA,SD,0.57,equal
Reading,4,2024,IA,TN,-0.43,equal
Reading,4,2024,IA,TX,2.7,equal
Reading,4,2024,IA,UT,-4.7,lower
Reading,4,2024,IA,VA,0.52,equal
Reading,4,2024,IA,VT,1.94,equal
Reading,4,2024,IA,WA,-1.09,equal
Reading,4,2024,IA,WI,-0.69,equal
Reading,4,2024,IA,WV,8.76,higher
Reading,4,2024,IA,WY,-7.32,lower
Reading,4,2024,ID,AK,14.06,higher
Reading,4,2024,ID,AL,2.45,equal
Reading,4,2024,ID,AR,5.95,higher
Reading,4,2024,ID,AZ,7.56,higher
Reading,4,2024,ID,CA,3.91,equal
Reading,4,2024,ID,CO,-5.26,lower
Reading,4,2024,ID,CT,-3.5,equal
Reading,4,2024,ID,DC,6.48,higher
Reading,4,2024,ID,DE,6.13,higher
Reading,4,2024,ID,DS,-18.55,lower
Reading,4,2024,ID,FL,-2.57,equal
Reading,4,2024,ID,GA,1.3,equal
Reading,4,2024,ID,HI,-0.14,equal
Reading,4,2024,ID,IA,1.03,equal
Reading,4,2024,ID,IL,1.41,equal
Reading,4,2024,ID,IN,-4.48,equal
Reading,4,2024,ID,KS,2.54,equal
Reading,4,2024,ID,KY,-2.38,equal
Reading,4,2024,ID,LA,-0.32,equal
Reading,4,2024,ID,MA,-9.12,lower
Reading,4,2024,ID,MD,0.01,equal
Reading,4,2024,ID,ME,6.06,higher
Reading,4,2024,ID,MI,6.52,higher
Reading,4,2024,ID,MN,1.22,equal
Reading,4,2024,ID,MO,3.76,equal
Reading,4,2024,ID,MS,-2.84,equal
Reading,4,2024,ID,MT,-1.55,equal
Reading,4,2024,ID,NC,2.3,equal
Reading,4,2024,ID,ND,0.15,equal
Reading,4,2024,ID,NE,3.95,equal
Reading,4,2024,ID,NH,-5.83,lower
Reading,4,2024,ID,NJ,-5.98,equal
Reading,4,2024,ID,NM,15.02,higher
Reading,4,2024,ID,NP,1.38,equal
Reading,4,2024,ID,NV,2.52,equal
Reading,4,2024,ID,NY,1.03,equal
Reading,4,2024,ID,OH,-0.34,equal
Reading,4,2024,ID,OK,8.39,higher
Reading,4,2024,ID,OR,8.68,higher
Reading,4,2024,ID,PA,-0.11,equal
Reading,4,2024,ID,RI,-0.64,equal
Reading,4,2024,ID,SC,0.75,equal
Reading,4,2024,ID,SD,1.6,equal
Reading,4,2024,ID,TN,0.6,equal
Reading,4,2024,ID,TX,3.73,equal
Reading,4,2024,ID,UT,-3.67,equal
Reading,4,2024,ID,VA,1.55,equal
Reading,4,2024,ID,VT,2.97,equal
Reading,4,2024,ID,WA,-0.06,equal
Reading,4,2024,ID,WI,0.34,equal
Reading,4,2024,ID,WV,9.79,higher
Reading,4,2024,ID,WY,-6.29,lower
Reading,4,2024,IL,AK,12.66,higher
Reading,4,2024,IL,AL,1.04,equal
Reading,4,2024,IL,AR,4.55,equal
Reading,4,2024,IL,AZ,6.15,higher
Reading,4,2024,IL,CA,2.51,equal
Reading,4,2024,IL,CO,-6.67,lower
Reading,4,2024,IL,CT,-4.91,equal
Reading,4,2024,IL,DC,5.07,higher
Reading,4,2024,IL,DE,4.72,equal
Reading,4,2024,IL,DS,-19.96,lower
Reading,4,2024,IL,FL,-3.97,equal
Reading,4,2024,IL,GA,-0.11,equal
Reading,4,2024,IL,HI,-1.54,equal
Reading,4,2024,IL,IA,-0.38,equal
Reading,4,2024,IL,ID,-1.41,equal
Reading,4,2024,IL,IN,-5.89,lower
Reading,4,2024,IL,KS,1.13,equal
Reading,4,2024,IL,KY,-3.78,equal
Reading,4,2024,IL,LA,-1.73,equal
Reading,4,2024,IL,MA,-10.53,lower
Reading,4,2024,IL,MD,-1.39,equal
Reading,4,2024,IL,ME,4.65,equal
Reading,4,2024,IL,MI,5.11,higher
Reading,4,2024,IL,MN,-0.19,equal
Reading,4,2024,IL,MO,2.35,equal
Reading,4,2024,IL,MS,-4.25,equal
Reading,4,2024,IL,MT,-2.96,equal
Reading,4,2024,IL,NC,0.9,equal
Reading,4,2024,IL,ND,-1.26,equal
Reading,4,2024,IL,NE,2.54,equal
Reading,4,2024,IL,NH,-7.24,lower
Reading,4,2024,IL,NJ,-7.39,lower
Reading,4,2024,IL,NM,13.61,higher
Reading,4,2024,IL,NP,-0.03,equal
Reading,4,2024,IL,NV,1.11,equal
Reading,4,2024,IL,NY,-0.38,equal
Reading,4,2024,IL,OH,-1.74,equal
Reading,4,2024,IL,OK,6.99,higher
Reading,4,2024,IL,OR,7.27,higher
Reading,4,2024,IL,PA,-1.51,equal
Reading,4,2024,IL,RI,-2.05,equal
Reading,4,2024,IL,SC,-0.66,equal
Reading,4,2024,IL,SD,0.2,equal
Reading,4,2024,IL,TN,-0.81,equal
Reading,4,2024,IL,TX,2.33,equal
Reading,4,2024,IL,UT,-5.07,lower
Reading,4,2024,IL,VA,0.14,equal
Reading,4,2024,IL,VT,1.56,equal
Reading,4,2024,IL,WA,-1.47,equal
Reading,4,2024,IL,WI,-1.07,equal
Reading,4,2024,IL,WV,8.38,higher
Reading,4,2024,IL,WY,-7.69,lower
Reading,4,2024,IN,AK,18.54,higher
Reading,4,2024,IN,AL,6.93,higher
Reading,4,2024,IN,AR,10.43,higher
Reading,4,2024,IN,AZ,12.04,higher
Reading,4,2024,IN,CA,8.4,higher
Reading,4,2024,IN,CO,-0.78,equal
Reading,4,2024,IN,CT,0.98,equal
Reading,4,2024,IN,DC,10.96,higher
Reading,4,2024,IN,DE,10.61,higher
Reading,4,2024,IN,DS,-14.07,lower
Reading,4,2024,IN,FL,1.91,equal
Reading,4,2024,IN,GA,5.78,higher
Reading,4,2024,IN,HI,4.35,higher
Reading,4,2024,IN,IA,5.51,higher
Reading,4,2024,IN,ID,4.48,equal
Reading,4,2024,IN,IL,5.89,higher
Reading,4,2024,IN,KS,7.02,higher
Reading,4,2024,IN,KY,2.11,equal
Reading,4,2024,IN,LA,4.16,equal
Reading,4,2024,IN,MA,-4.64,lower
Reading,4,2024,IN,MD,4.5,equal
Reading,4,2024,IN,ME,10.54,higher
Reading,4,2024,IN,MI,11,higher
Reading,4,2024,IN,MN,5.7,higher
Reading,4,2024,IN,MO,8.24,higher
Reading,4,2024,IN,MS,1.64,equal
Reading,4,2024,IN,MT,2.93,equal
Reading,4,2024,IN,NC,6.79,higher
Reading,4,2024,IN,ND,4.63,higher
Reading,4,2024,IN,NE,8.43,higher
Reading,4,2024,IN,NH,-1.35,equal
Reading,4,2024,IN,NJ,-1.5,equal
Reading,4,2024,IN,NM,19.5,higher
Reading,4,2024,IN,NP,5.86,higher
Reading,4,2024,IN,NV,7,higher
Reading,4,2024,IN,NY,5.51,higher
Reading,4,2024,IN,OH,4.14,equal
Reading,4,2024,IN,OK,12.87,higher
Reading,4,2024,IN,OR,13.16,higher
Reading,4,2024,IN,PA,4.38,equal
Reading,4,2024,IN,RI,3.84,equal
Reading,4,2024,IN,SC,5.23,higher
Reading,4,2024,IN,SD,6.08,higher
Reading,4,2024,IN,TN,5.08,higher
Reading,4,2024,IN,TX,8.22,higher
Reading,4,2024,IN,UT,0.81,equal
Reading,4,2024,IN,VA,6.03,higher
Reading,4,2024,IN,VT,7.45,higher
Reading,4,2024,IN,WA,4.42,higher
Reading,4,2024,IN,WI,4.82,higher
Reading,4,2024,IN,WV,14.27,higher
Reading,4,2024,IN,WY,-1.8,equal
Reading,4,2024,KS,AK,11.53,higher
Reading,4,2024,KS,AL,-0.09,equal
Reading,4,2024,KS,AR,3.42,equal
Reading,4,2024,KS,AZ,5.03,equal
Reading,4,2024,KS,CA,1.38,equal
Reading,4,2024,KS,CO,-7.8,lower
Reading,4,2024,KS,CT,-6.04,lower
Reading,4,2024,KS,DC,3.94,equal
Reading,4,2024,KS,DE,3.59,equal
Reading,4,2024,KS,DS,-21.09,lower
Reading,4,2024,KS,FL,-5.1,lower
Reading,4,2024,KS,GA,-1.24,equal
Reading,4,2024,KS,HI,-2.67,equal
Reading,4,2024,KS,IA,-1.51,equal
Reading,4,2024,KS,ID,-2.54,equal
Reading,4,2024,KS,IL,-1.13,equal
Reading,4,2024,KS,IN,-7.02,lower
Reading,4,2024,KS,KY,-4.91,equal
Reading,4,2024,KS,LA,-2.86,equal
Reading,4,2024,KS,MA,-11.66,lower
Reading,4,2024,KS,MD,-2.52,equal
Reading,4,2024,KS,ME,3.52,equal
Reading,4,2024,KS,MI,3.98,equal
Reading,4,2024,KS,MN,-1.32,equal
Reading,4,2024,KS,MO,1.22,equal
Reading,4,2024,KS,MS,-5.38,lower
Reading,4,2024,KS,MT,-4.09,equal
Reading,4,2024,KS,NC,-0.23,equal
Reading,4,2024,KS,ND,-2.39,equal
Reading,4,2024,KS,NE,1.41,equal
Reading,4,2024,KS,NH,-8.36,lower
Reading,4,2024,KS,NJ,-8.52,lower
Reading,4,2024,KS,NM,12.48,higher
Reading,4,2024,KS,NP,-1.15,equal
Reading,4,2024,KS,NV,-0.02,equal
Reading,4,2024,KS,NY,-1.51,equal
Reading,4,2024,KS,OH,-2.87,equal
Reading,4,2024,KS,OK,5.86,higher
Reading,4,2024,KS,OR,6.15,higher
Reading,4,2024,KS,PA,-2.64,equal
Reading,4,2024,KS,RI,-3.18,equal
Reading,4,2024,KS,SC,-1.79,equal
Reading,4,2024,KS,SD,-0.93,equal
Reading,4,2024,KS,TN,-1.94,equal
Reading,4,2024,KS,TX,1.2,equal
Reading,4,2024,KS,UT,-6.2,lower
Reading,4,2024,KS,VA,-0.99,equal
Reading,4,2024,KS,VT,0.44,equal
Reading,4,2024,KS,WA,-2.6,equal
Reading,4,2024,KS,WI,-2.2,equal
Reading,4,2024,KS,WV,7.25,higher
Reading,4,2024,KS,WY,-8.82,lower
Reading,4,2024,KY,AK,16.44,higher
Reading,4,2024,KY,AL,4.82,equal
Reading,4,2024,KY,AR,8.33,higher
Reading,4,2024,KY,AZ,9.94,higher
Reading,4,2024,KY,CA,6.29,higher
Reading,4,2024,KY,CO,-2.89,equal
Reading,4,2024,KY,CT,-1.13,equal
Reading,4,2024,KY,DC,8.85,higher
Reading,4,2024,KY,DE,8.5,higher
Reading,4,2024,KY,DS,-16.17,lower
Reading,4,2024,KY,FL,-0.19,equal
Reading,4,2024,KY,GA,3.67,equal
Reading,4,2024,KY,HI,2.24,equal
Reading,4,2024,KY,IA,3.4,equal
Reading,4,2024,KY,ID,2.38,equal
Reading,4,2024,KY,IL,3.78,equal
Reading,4,2024,KY,IN,-2.11,equal
Reading,4,2024,KY,KS,4.91,equal
Reading,4,2024,KY,LA,2.06,equal
Reading,4,2024,KY,MA,-6.75,lower
Reading,4,2024,KY,MD,2.39,equal
Reading,4,2024,KY,ME,8.43,higher
Reading,4,2024,KY,MI,8.89,higher
Reading,4,2024,KY,MN,3.59,equal
Reading,4,2024,KY,MO,6.13,higher
Reading,4,2024,KY,MS,-0.47,equal
Reading,4,2024,KY,MT,0.82,equal
Reading,4,2024,KY,NC,4.68,equal
Reading,4,2024,KY,ND,2.52,equal
Reading,4,2024,KY,NE,6.33,higher
Reading,4,2024,KY,NH,-3.45,equal
Reading,4,2024,KY,NJ,-3.61,equal
Reading,4,2024,KY,NM,17.39,higher
Reading,4,2024,KY,NP,3.76,equal
Reading,4,2024,KY,NV,4.9,equal
Reading,4,2024,KY,NY,3.4,equal
Reading,4,2024,KY,OH,2.04,equal
Reading,4,2024,KY,OK,10.77,higher
Reading,4,2024,KY,OR,11.06,higher
Reading,4,2024,KY,PA,2.27,equal
Reading,4,2024,KY,RI,1.73,equal
Reading,4,2024,KY,SC,3.12,equal
Reading,4,2024,KY,SD,3.98,equal
Reading,4,2024,KY,TN,2.97,equal
Reading,4,2024,KY,TX,6.11,higher
Reading,4,2024,KY,UT,-1.29,equal
Reading,4,2024,KY,VA,3.93,equal
Reading,4,2024,KY,VT,5.35,higher
Reading,4,2024,KY,WA,2.32,equal
Reading,4,2024,KY,WI,2.72,equal
Reading,4,2024,KY,WV,12.16,higher
Reading,4,2024,KY,WY,-3.91,equal
Reading,4,2024,LA,AK,14.38,higher
Reading,4,2024,LA,AL,2.77,equal
Reading,4,2024,LA,AR,6.27,higher
Reading,4,2024,LA,AZ,7.88,higher
Reading,4,2024,LA,CA,4.23,equal
Reading,4,2024,LA,CO,-4.94,lower
Reading,4,2024,LA,CT,-3.18,equal
Reading,4,2024,LA,DC,6.8,higher
Reading,4,2024,LA,DE,6.45,higher
Reading,4,2024,LA,DS,-18.23,lower
Reading,4,2024,LA,FL,-2.25,equal
Reading,4,2024,LA,GA,1.62,equal
Reading,4,2024,LA,HI,0.18,equal
Reading,4,2024,LA,IA,1.35,equal
Reading,4,2024,LA,ID,0.32,equal
Reading,4,2024,LA,IL,1.73,equal
Reading,4,2024,LA,IN,-4.16,equal
Reading,4,2024,LA,KS,2.86,equal
Reading,4,2024,LA,KY,-2.06,equal
Reading,4,2024,LA,MA,-8.8,lower
Reading,4,2024,LA,MD,0.33,equal
Reading,4,2024,LA,ME,6.38,higher
Reading,4,2024,LA,MI,6.84,higher
Reading,4,2024,LA,MN,1.54,equal
Reading,4,2024,LA,MO,4.08,equal
Reading,4,2024,LA,MS,-2.53,equal
Reading,4,2024,LA,MT,-1.23,equal
Reading,4,2024,LA,NC,2.62,equal
Reading,4,2024,LA,ND,0.47,equal
Reading,4,2024,LA,NE,4.27,equal
Reading,4,2024,LA,NH,-5.51,lower
Reading,4,2024,LA,NJ,-5.66,equal
Reading,4,2024,LA,NM,15.34,higher
Reading,4,2024,LA,NP,1.7,equal
Reading,4,2024,LA,NV,2.84,equal
Reading,4,2024,LA,NY,1.35,equal
Reading,4,2024,LA,OH,-0.02,equal
Reading,4,2024,LA,OK,8.71,higher
Reading,4,2024,LA,OR,9,higher
Reading,4,2024,LA,PA,0.21,equal
Reading,4,2024,LA,RI,-0.32,equal
Reading,4,2024,LA,SC,1.07,equal
Reading,4,2024,LA,SD,1.92,equal
Reading,4,2024,LA,TN,0.92,equal
Reading,4,2024,LA,TX,4.05,equal
Reading,4,2024,LA,UT,-3.35,equal
Reading,4,2024,LA,VA,1.87,equal
Reading,4,2024,LA,VT,3.29,equal
Reading,4,2024,LA,WA,0.26,equal
Reading,4,2024,LA,WI,0.66,equal
Reading,4,2024,LA,WV,10.11,higher
Reading,4,2024,LA,WY,-5.97,lower
Reading,4,2024,MA,AK,23.18,higher
Reading,4,2024,MA,AL,11.57,higher
Reading,4,2024,MA,AR,15.07,higher
Reading,4,2024,MA,AZ,16.68,higher
Reading,4,2024,MA,CA,13.04,higher
Reading,4,2024,MA,CO,3.86,equal
Reading,4,2024,MA,CT,5.62,higher
Reading,4,2024,MA,DC,15.6,higher
Reading,4,2024,MA,DE,15.25,higher
Reading,4,2024,MA,DS,-9.43,lower
Reading,4,2024,MA,FL,6.55,higher
Reading,4,2024,MA,GA,10.42,higher
Reading,4,2024,MA,HI,8.99,higher
Reading,4,2024,MA,IA,10.15,higher
Reading,4,2024,MA,ID,9.12,higher
Reading,4,2024,MA,IL,10.53,higher
Reading,4,2024,MA,IN,4.64,higher
Reading,4,2024,MA,KS,11.66,higher
Reading,4,2024,MA,KY,6.75,higher
Reading,4,2024,MA,LA,8.8,higher
Reading,4,2024,MA,MD,9.14,higher
Reading,4,2024,MA,ME,15.18,higher
Reading,4,2024,MA,MI,15.64,higher
Reading,4,2024,MA,MN,10.34,higher
Reading,4,2024,MA,MO,12.88,higher
Reading,4,2024,MA,MS,6.28,higher
Reading,4,2024,MA,MT,7.57,higher
Reading,4,2024,MA,NC,11.43,higher
Reading,4,2024,MA,ND,9.27,higher
Reading,4,2024,MA,NE,13.07,higher
Reading,4,2024,MA,NH,3.29,equal
Reading,4,2024,MA,NJ,3.14,equal
Reading,4,2024,MA,NM,24.14,higher
Reading,4,2024,MA,NP,10.5,higher
Reading,4,2024,MA,NV,11.64,higher
Reading,4,2024,MA,NY,10.15,higher
Reading,4,2024,MA,OH,8.78,higher
Reading,4,2024,MA,OK,17.51,higher
Reading,4,2024,MA,OR,17.8,higher
Reading,4,2024,MA,PA,9.02,higher
Reading,4,2024,MA,RI,8.48,higher
Reading,4,2024,MA,SC,9.87,higher
Reading,4,2024,MA,SD,10.72,higher
Reading,4,2024,MA,TN,9.72,higher
Reading,4,2024,MA,TX,12.86,higher
Reading,4,2024,MA,UT,5.45,higher
Reading,4,2024,MA,VA,10.67,higher
Reading,4,2024,MA,VT,12.09,higher
Reading,4,2024,MA,WA,9.06,higher
Reading,4,2024,MA,WI,9.46,higher
Reading,4,2024,MA,WV,18.91,higher
Reading,4,2024,MA,WY,2.84,equal
Reading,4,2024,MD,AK,14.05,higher
Reading,4,2024,MD,AL,2.43,equal
Reading,4,2024,MD,AR,5.94,higher
Reading,4,2024,MD,AZ,7.55,higher
Reading,4,2024,MD,CA,3.9,equal
Reading,4,2024,MD,CO,-5.28,lower
Reading,4,2024,MD,CT,-3.52,equal
Reading,4,2024,MD,DC,6.46,higher
Reading,4,2024,MD,DE,6.11,higher
Reading,4,2024,MD,DS,-18.56,lower
Reading,4,2024,MD,FL,-2.58,equal
Reading,4,2024,MD,GA,1.28,equal
Reading,4,2024,MD,HI,-0.15,equal
Reading,4,2024,MD,IA,1.02,equal
Reading,4,2024,MD,ID,-0.01,equal
Reading,4,2024,MD,IL,1.39,equal
Reading,4,2024,MD,IN,-4.5,equal
Reading,4,2024,MD,KS,2.52,equal
Reading,4,2024,MD,KY,-2.39,equal
Reading,4,2024,MD,LA,-0.33,equal
Reading,4,2024,MD,MA,-9.14,lower
Reading,4,2024,MD,ME,6.04,higher
Reading,4,2024,MD,MI,6.5,higher
Reading,4,2024,MD,MN,1.2,equal
Reading,4,2024,MD,MO,3.74,equal
Reading,4,2024,MD,MS,-2.86,equal
Reading,4,2024,MD,MT,-1.57,equal
Reading,4,2024,MD,NC,2.29,equal
Reading,4,2024,MD,ND,0.14,equal
Reading,4,2024,MD,NE,3.94,equal
Reading,4,2024,MD,NH,-5.84,lower
Reading,4,2024,MD,NJ,-5.99,equal
Reading,4,2024,MD,NM,15.01,higher
Reading,4,2024,MD,NP,1.37,equal
Reading,4,2024,MD,NV,2.51,equal
Reading,4,2024,MD,NY,1.01,equal
Reading,4,2024,MD,OH,-0.35,equal
Reading,4,2024,MD,OK,8.38,higher
Reading,4,2024,MD,OR,8.67,higher
Reading,4,2024,MD,PA,-0.12,equal
Reading,4,2024,MD,RI,-0.66,equal
Reading,4,2024,MD,SC,0.73,equal
Reading,4,2024,MD,SD,1.59,equal
Reading,4,2024,MD,TN,0.58,equal
Reading,4,2024,MD,TX,3.72,equal
Reading,4,2024,MD,UT,-3.68,equal
Reading,4,2024,MD,VA,1.54,equal
Reading,4,2024,MD,VT,2.96,equal
Reading,4,2024,MD,WA,-0.07,equal
Reading,4,2024,MD,WI,0.33,equal
Reading,4,2024,MD,WV,9.77,higher
Reading,4,2024,MD,WY,-6.3,lower
Reading,4,2024,ME,AK,8,higher
Reading,4,2024,ME,AL,-3.61,equal
Reading,4,2024,ME,AR,-0.11,equal
Reading,4,2024,ME,AZ,1.5,equal
Reading,4,2024,ME,CA,-2.14,equal
Reading,4,2024,ME,CO,-11.32,lower
Reading,4,2024,ME,CT,-9.56,lower
Reading,4,2024,ME,DC,0.42,equal
Reading,4,2024,ME,DE,0.07,equal
Reading,4,2024,ME,DS,-24.61,lower
Reading,4,2024,ME,FL,-8.63,lower
Reading,4,2024,ME,GA,-4.76,equal
Reading,4,2024,ME,HI,-6.19,lower
Reading,4,2024,ME,IA,-5.03,lower
Reading,4,2024,ME,ID,-6.06,lower
Reading,4,2024,ME,IL,-4.65,equal
Reading,4,2024,ME,IN,-10.54,lower
Reading,4,2024,ME,KS,-3.52,equal
Reading,4,2024,ME,KY,-8.43,lower
Reading,4,2024,ME,LA,-6.38,lower
Reading,4,2024,ME,MA,-15.18,lower
Reading,4,2024,ME,MD,-6.04,lower
Reading,4,2024,ME,MI,0.46,equal
Reading,4,2024,ME,MN,-4.84,lower
Reading,4,2024,ME,MO,-2.3,equal
Reading,4,2024,ME,MS,-8.9,lower
Reading,4,2024,ME,MT,-7.61,lower
Reading,4,2024,ME,NC,-3.75,equal
Reading,4,2024,ME,ND,-5.91,lower
Reading,4,2024,ME,NE,-2.11,equal
Reading,4,2024,ME,NH,-11.89,lower
Reading,4,2024,ME,NJ,-12.04,lower
Reading,4,2024,ME,NM,8.96,higher
Reading,4,2024,ME,NP,-4.68,lower
Reading,4,2024,ME,NV,-3.54,equal
Reading,4,2024,ME,NY,-5.03,lower
Reading,4,2024,ME,OH,-6.4,lower
Reading,4,2024,ME,OK,2.33,equal
Reading,4,2024,ME,OR,2.62,equal
Reading,4,2024,ME,PA,-6.16,lower
Reading,4,2024,ME,RI,-6.7,lower
Reading,4,2024,ME,SC,-5.31,lower
Reading,4,2024,ME,SD,-4.46,lower
Reading,4,2024,ME,TN,-5.46,lower
Reading,4,2024,ME,TX,-2.32,equal
Reading,4,2024,ME,UT,-9.73,lower
Reading,4,2024,ME,VA,-4.51,equal
Reading,4,2024,ME,VT,-3.09,equal
Reading,4,2024,ME,WA,-6.12,lower
Reading,4,2024,ME,WI,-5.72,lower
Reading,4,2024,ME,WV,3.73,equal
Reading,4,2024,ME,WY,-12.34,lower
Reading,4,2024,MI,AK,7.55,higher
Reading,4,2024,MI,AL,-4.07,equal
Reading,4,2024,MI,AR,-0.56,equal
Reading,4,2024,MI,AZ,1.05,equal
Reading,4,2024,MI,CA,-2.6,equal
Reading,4,2024,MI,CO,-11.78,lower
Reading,4,2024,MI,CT,-10.02,lower
Reading,4,2024,MI,DC,-0.04,equal
Reading,4,2024,MI,DE,-0.39,equal
Reading,4,2024,MI,DS,-25.06,lower
Reading,4,2024,MI,FL,-9.08,lower
Reading,4,2024,MI,GA,-5.22,lower
Reading,4,2024,MI,HI,-6.65,lower
Reading,4,2024,MI,IA,-5.49,lower
Reading,4,2024,MI,ID,-6.52,lower
Reading,4,2024,MI,IL,-5.11,lower
Reading,4,2024,MI,IN,-11,lower
Reading,4,2024,MI,KS,-3.98,equal
Reading,4,2024,MI,KY,-8.89,lower
Reading,4,2024,MI,LA,-6.84,lower
Reading,4,2024,MI,MA,-15.64,lower
Reading,4,2024,MI,MD,-6.5,lower
Reading,4,2024,MI,ME,-0.46,equal
Reading,4,2024,MI,MN,-5.3,lower
Reading,4,2024,MI,MO,-2.76,equal
Reading,4,2024,MI,MS,-9.36,lower
Reading,4,2024,MI,MT,-8.07,lower
Reading,4,2024,MI,NC,-4.21,equal
Reading,4,2024,MI,ND,-6.37,lower
Reading,4,2024,MI,NE,-2.56,equal
Reading,4,2024,MI,NH,-12.34,lower
Reading,4,2024,MI,NJ,-12.5,lower
Reading,4,2024,MI,NM,8.5,higher
Reading,4,2024,MI,NP,-5.13,lower
Reading,4,2024,MI,NV,-3.99,equal
Reading,4,2024,MI,NY,-5.49,lower
Reading,4,2024,MI,OH,-6.85,lower
Reading,4,2024,MI,OK,1.88,equal
Reading,4,2024,MI,OR,2.17,equal
Reading,4,2024,MI,PA,-6.62,lower
Reading,4,2024,MI,RI,-7.16,lower
Reading,4,2024,MI,SC,-5.77,lower
Reading,4,2024,MI,SD,-4.91,lower
Reading,4,2024,MI,TN,-5.92,lower
Reading,4,2024,MI,TX,-2.78,equal
Reading,4,2024,MI,UT,-10.18,lower
Reading,4,2024,MI,VA,-4.97,equal
Reading,4,2024,MI,VT,-3.54,equal
Reading,4,2024,MI,WA,-6.57,lower
Reading,4,2024,MI,WI,-6.18,lower
Reading,4,2024,MI,WV,3.27,equal
Reading,4,2024,MI,WY,-12.8,lower
Reading,4,2024,MN,AK,12.85,higher
Reading,4,2024,MN,AL,1.23,equal
Reading,4,2024,MN,AR,4.74,equal
Reading,4,2024,MN,AZ,6.35,higher
Reading,4,2024,MN,CA,2.7,equal
Reading,4,2024,MN,CO,-6.48,lower
Reading,4,2024,MN,CT,-4.72,lower
Reading,4,2024,MN,DC,5.26,higher
Reading,4,2024,MN,DE,4.91,higher
Reading,4,2024,MN,DS,-19.77,lower
Reading,4,2024,MN,FL,-3.78,equal
Reading,4,2024,MN,GA,0.08,equal
Reading,4,2024,MN,HI,-1.35,equal
Reading,4,2024,MN,IA,-0.19,equal
Reading,4,2024,MN,ID,-1.22,equal
Reading,4,2024,MN,IL,0.19,equal
Reading,4,2024,MN,IN,-5.7,lower
Reading,4,2024,MN,KS,1.32,equal
Reading,4,2024,MN,KY,-3.59,equal
Reading,4,2024,MN,LA,-1.54,equal
Reading,4,2024,MN,MA,-10.34,lower
Reading,4,2024,MN,MD,-1.2,equal
Reading,4,2024,MN,ME,4.84,higher
Reading,4,2024,MN,MI,5.3,higher
Reading,4,2024,MN,MO,2.54,equal
Reading,4,2024,MN,MS,-4.06,equal
Reading,4,2024,MN,MT,-2.77,equal
Reading,4,2024,MN,NC,1.09,equal
Reading,4,2024,MN,ND,-1.07,equal
Reading,4,2024,MN,NE,2.74,equal
Reading,4,2024,MN,NH,-7.04,lower
Reading,4,2024,MN,NJ,-7.2,lower
Reading,4,2024,MN,NM,13.8,higher
Reading,4,2024,MN,NP,0.17,equal
Reading,4,2024,MN,NV,1.3,equal
Reading,4,2024,MN,NY,-0.19,equal
Reading,4,2024,MN,OH,-1.55,equal
Reading,4,2024,MN,OK,7.18,higher
Reading,4,2024,MN,OR,7.47,higher
Reading,4,2024,MN,PA,-1.32,equal
Reading,4,2024,MN,RI,-1.86,equal
Reading,4,2024,MN,SC,-0.47,equal
Reading,4,2024,MN,SD,0.39,equal
Reading,4,2024,MN,TN,-0.62,equal
Reading,4,2024,MN,TX,2.52,equal
Reading,4,2024,MN,UT,-4.88,lower
Reading,4,2024,MN,VA,0.33,equal
Reading,4,2024,MN,VT,1.76,equal
Reading,4,2024,MN,WA,-1.27,equal
Reading,4,2024,MN,WI,-0.88,equal
Reading,4,2024,MN,WV,8.57,higher
Reading,4,2024,MN,WY,-7.5,lower
Reading,4,2024,MO,AK,10.31,higher
Reading,4,2024,MO,AL,-1.31,equal
Reading,4,2024,MO,AR,2.2,equal
Reading,4,2024,MO,AZ,3.81,equal
Reading,4,2024,MO,CA,0.16,equal
Reading,4,2024,MO,CO,-9.02,lower
Reading,4,2024,MO,CT,-7.26,lower
Reading,4,2024,MO,DC,2.72,equal
Reading,4,2024,MO,DE,2.37,equal
Reading,4,2024,MO,DS,-22.31,lower
Reading,4,2024,MO,FL,-6.32,lower
Reading,4,2024,MO,GA,-2.46,equal
Reading,4,2024,MO,HI,-3.89,equal
Reading,4,2024,MO,IA,-2.73,equal
Reading,4,2024,MO,ID,-3.76,equal
Reading,4,2024,MO,IL,-2.35,equal
Reading,4,2024,MO,IN,-8.24,lower
Reading,4,2024,MO,KS,-1.22,equal
Reading,4,2024,MO,KY,-6.13,lower
Reading,4,2024,MO,LA,-4.08,equal
Reading,4,2024,MO,MA,-12.88,lower
Reading,4,2024,MO,MD,-3.74,equal
Reading,4,2024,MO,ME,2.3,equal
Reading,4,2024,MO,MI,2.76,equal
Reading,4,2024,MO,MN,-2.54,equal
Reading,4,2024,MO,MS,-6.6,lower
Reading,4,2024,MO,MT,-5.31,lower
Reading,4,2024,MO,NC,-1.45,equal
Reading,4,2024,MO,ND,-3.61,equal
Reading,4,2024,MO,NE,0.19,equal
Reading,4,2024,MO,NH,-9.58,lower
Reading,4,2024,MO,NJ,-9.74,lower
Reading,4,2024,MO,NM,11.26,higher
Reading,4,2024,MO,NP,-2.37,equal
Reading,4,2024,MO,NV,-1.24,equal
Reading,4,2024,MO,NY,-2.73,equal
Reading,4,2024,MO,OH,-4.09,equal
Reading,4,2024,MO,OK,4.64,higher
Reading,4,2024,MO,OR,4.93,higher
Reading,4,2024,MO,PA,-3.86,equal
Reading,4,2024,MO,RI,-4.4,lower
Reading,4,2024,MO,SC,-3.01,equal
Reading,4,2024,MO,SD,-2.15,equal
Reading,4,2024,MO,TN,-3.16,equal
Reading,4,2024,MO,TX,-0.02,equal
Reading,4,2024,MO,UT,-7.42,lower
Reading,4,2024,MO,VA,-2.21,equal
Reading,4,2024,MO,VT,-0.78,equal
Reading,4,2024,MO,WA,-3.81,equal
Reading,4,2024,MO,WI,-3.42,equal
Reading,4,2024,MO,WV,6.03,higher
Reading,4,2024,MO,WY,-10.04,lower
Reading,4,2024,MS,AK,16.91,higher
Reading,4,2024,MS,AL,5.29,equal
Reading,4,2024,MS,AR,8.8,higher
Reading,4,2024,MS,AZ,10.41,higher
Reading,4,2024,MS,CA,6.76,higher
Reading,4,2024,MS,CO,-2.42,equal
Reading,4,2024,MS,CT,-0.66,equal
Reading,4,2024,MS,DC,9.32,higher
Reading,4,2024,MS,DE,8.97,higher
Reading,4,2024,MS,DS,-15.7,lower
Reading,4,2024,MS,FL,0.28,equal
Reading,4,2024,MS,GA,4.14,equal
Reading,4,2024,MS,HI,2.71,equal
Reading,4,2024,MS,IA,3.87,equal
Reading,4,2024,MS,ID,2.84,equal
Reading,4,2024,MS,IL,4.25,equal
Reading,4,2024,MS,IN,-1.64,equal
Reading,4,2024,MS,KS,5.38,higher
Reading,4,2024,MS,KY,0.47,equal
Reading,4,2024,MS,LA,2.53,equal
Reading,4,2024,MS,MA,-6.28,lower
Reading,4,2024,MS,MD,2.86,equal
Reading,4,2024,MS,ME,8.9,higher
Reading,4,2024,MS,MI,9.36,higher
Reading,4,2024,MS,MN,4.06,equal
Reading,4,2024,MS,MO,6.6,higher
Reading,4,2024,MS,MT,1.29,equal
Reading,4,2024,MS,NC,5.15,higher
Reading,4,2024,MS,ND,2.99,equal
Reading,4,2024,MS,NE,6.8,higher
Reading,4,2024,MS,NH,-2.98,equal
Reading,4,2024,MS,NJ,-3.14,equal
Reading,4,2024,MS,NM,17.86,higher
Reading,4,2024,MS,NP,4.23,higher
Reading,4,2024,MS,NV,5.37,higher
Reading,4,2024,MS,NY,3.87,equal
Reading,4,2024,MS,OH,2.51,equal
Reading,4,2024,MS,OK,11.24,higher
Reading,4,2024,MS,OR,11.53,higher
Reading,4,2024,MS,PA,2.74,equal
Reading,4,2024,MS,RI,2.2,equal
Reading,4,2024,MS,SC,3.59,equal
Reading,4,2024,MS,SD,4.45,higher
Reading,4,2024,MS,TN,3.44,equal
Reading,4,2024,MS,TX,6.58,higher
Reading,4,2024,MS,UT,-0.82,equal
Reading,4,2024,MS,VA,4.4,equal
Reading,4,2024,MS,VT,5.82,higher
Reading,4,2024,MS,WA,2.79,equal
Reading,4,2024,MS,WI,3.19,equal
Reading,4,2024,MS,WV,12.63,higher
Reading,4,2024,MS,WY,-3.44,equal
Reading,4,2024,MT,AK,15.61,higher
Reading,4,2024,MT,AL,4,equal
Reading,4,2024,MT,AR,7.5,higher
Reading,4,2024,MT,AZ,9.11,higher
Reading,4,2024,MT,CA,5.47,higher
Reading,4,2024,MT,CO,-3.71,equal
Reading,4,2024,MT,CT,-1.95,equal
Reading,4,2024,MT,DC,8.03,higher
Reading,4,2024,MT,DE,7.68,higher
Reading,4,2024,MT,DS,-17,lower
Reading,4,2024,MT,FL,-1.02,equal
Reading,4,2024,MT,GA,2.85,equal
Reading,4,2024,MT,HI,1.42,equal
Reading,4,2024,MT,IA,2.58,equal
Reading,4,2024,MT,ID,1.55,equal
Reading,4,2024,MT,IL,2.96,equal
Reading,4,2024,MT,IN,-2.93,equal
Reading,4,2024,MT,KS,4.09,equal
Reading,4,2024,MT,KY,-0.82,equal
Reading,4,2024,MT,LA,1.23,equal
Reading,4,2024,MT,MA,-7.57,lower
Reading,4,2024,MT,MD,1.57,equal
Reading,4,2024,MT,ME,7.61,higher
Reading,4,2024,MT,MI,8.07,higher
Reading,4,2024,MT,MN,2.77,equal
Reading,4,2024,MT,MO,5.31,higher
Reading,4,2024,MT,MS,-1.29,equal
Reading,4,2024,MT,NC,3.86,equal
Reading,4,2024,MT,ND,1.7,equal
Reading,4,2024,MT,NE,5.5,higher
Reading,4,2024,MT,NH,-4.28,lower
Reading,4,2024,MT,NJ,-4.43,equal
Reading,4,2024,MT,NM,16.57,higher
Reading,4,2024,MT,NP,2.93,equal
Reading,4,2024,MT,NV,4.07,equal
Reading,4,2024,MT,NY,2.58,equal
Reading,4,2024,MT,OH,1.21,equal
Reading,4,2024,MT,OK,9.94,higher
Reading,4,2024,MT,OR,10.23,higher
Reading,4,2024,MT,PA,1.45,equal
Reading,4,2024,MT,RI,0.91,equal
Reading,4,2024,MT,SC,2.3,equal
Reading,4,2024,MT,SD,3.15,equal
Reading,4,2024,MT,TN,2.15,equal
Reading,4,2024,MT,TX,5.29,higher
Reading,4,2024,MT,UT,-2.12,equal
Reading,4,2024,MT,VA,3.1,equal
Reading,4,2024,MT,VT,4.52,higher
Reading,4,2024,MT,WA,1.49,equal
Reading,4,2024,MT,WI,1.89,equal
Reading,4,2024,MT,WV,11.34,higher
Reading,4,2024,MT,WY,-4.73,lower
Reading,4,2024,NC,AK,11.76,higher
Reading,4,2024,NC,AL,0.14,equal
Reading,4,2024,NC,AR,3.65,equal
Reading,4,2024,NC,AZ,5.26,equal
Reading,4,2024,NC,CA,1.61,equal
Reading,4,2024,NC,CO,-7.57,lower
Reading,4,2024,NC,CT,-5.81,lower
Reading,4,2024,NC,DC,4.17,equal
Reading,4,2024,NC,DE,3.82,equal
Reading,4,2024,NC,DS,-20.85,lower
Reading,4,2024,NC,FL,-4.87,equal
Reading,4,2024,NC,GA,-1.01,equal
Reading,4,2024,NC,HI,-2.44,equal
Reading,4,2024,NC,IA,-1.28,equal
Reading,4,2024,NC,ID,-2.3,equal
Reading,4,2024,NC,IL,-0.9,equal
Reading,4,2024,NC,IN,-6.79,lower
Reading,4,2024,NC,KS,0.23,equal
Reading,4,2024,NC,KY,-4.68,equal
Reading,4,2024,NC,LA,-2.62,equal
Reading,4,2024,NC,MA,-11.43,lower
Reading,4,2024,NC,MD,-2.29,equal
Reading,4,2024,NC,ME,3.75,equal
Reading,4,2024,NC,MI,4.21,equal
Reading,4,2024,NC,MN,-1.09,equal
Reading,4,2024,NC,MO,1.45,equal
Reading,4,2024,NC,MS,-5.15,lower
Reading,4,2024,NC,MT,-3.86,equal
Reading,4,2024,NC,ND,-2.16,equal
Reading,4,2024,NC,NE,1.65,equal
Reading,4,2024,NC,NH,-8.13,lower
Reading,4,2024,NC,NJ,-8.29,lower
Reading,4,2024,NC,NM,12.71,higher
Reading,4,2024,NC,NP,-0.92,equal
Reading,4,2024,NC,NV,0.22,equal
Reading,4,2024,NC,NY,-1.28,equal
Reading,4,2024,NC,OH,-2.64,equal
Reading,4,2024,NC,OK,6.09,higher
Reading,4,2024,NC,OR,6.38,higher
Reading,4,2024,NC,PA,-2.41,equal
Reading,4,2024,NC,RI,-2.95,equal
Reading,4,2024,NC,SC,-1.56,equal
Reading,4,2024,NC,SD,-0.7,equal
Reading,4,2024,NC,TN,-1.71,equal
Reading,4,2024,NC,TX,1.43,equal
Reading,4,2024,NC,UT,-5.97,lower
Reading,4,2024,NC,VA,-0.75,equal
Reading,4,2024,NC,VT,0.67,equal
Reading,4,2024,NC,WA,-2.36,equal
Reading,4,2024,NC,WI,-1.96,equal
Reading,4,2024,NC,WV,7.48,higher
Reading,4,2024,NC,WY,-8.59,lower
Reading,4,2024,ND,AK,13.91,higher
Reading,4,2024,ND,AL,2.3,equal
Reading,4,2024,ND,AR,5.8,higher
Reading,4,2024,ND,AZ,7.41,higher
Reading,4,2024,ND,CA,3.77,equal
Reading,4,2024,ND,CO,-5.41,lower
Reading,4,2024,ND,CT,-3.65,equal
Reading,4,2024,ND,DC,6.33,higher
Reading,4,2024,ND,DE,5.98,higher
Reading,4,2024,ND,DS,-18.7,lower
Reading,4,2024,ND,FL,-2.72,equal
Reading,4,2024,ND,GA,1.15,equal
Reading,4,2024,ND,HI,-0.29,equal
Reading,4,2024,ND,IA,0.88,equal
Reading,4,2024,ND,ID,-0.15,equal
Reading,4,2024,ND,IL,1.26,equal
Reading,4,2024,ND,IN,-4.63,lower
Reading,4,2024,ND,KS,2.39,equal
Reading,4,2024,ND,KY,-2.52,equal
Reading,4,2024,ND,LA,-0.47,equal
Reading,4,2024,ND,MA,-9.27,lower
Reading,4,2024,ND,MD,-0.14,equal
Reading,4,2024,ND,ME,5.91,higher
Reading,4,2024,ND,MI,6.37,higher
Reading,4,2024,ND,MN,1.07,equal
Reading,4,2024,ND,MO,3.61,equal
Reading,4,2024,ND,MS,-2.99,equal
Reading,4,2024,ND,MT,-1.7,equal
Reading,4,2024,ND,NC,2.16,equal
Reading,4,2024,ND,NE,3.8,equal
Reading,4,2024,ND,NH,-5.98,lower
Reading,4,2024,ND,NJ,-6.13,equal
Reading,4,2024,ND,NM,14.87,higher
Reading,4,2024,ND,NP,1.23,equal
Reading,4,2024,ND,NV,2.37,equal
Reading,4,2024,ND,NY,0.88,equal
Reading,4,2024,ND,OH,-0.49,equal
Reading,4,2024,ND,OK,8.24,higher
Reading,4,2024,ND,OR,8.53,higher
Reading,4,2024,ND,PA,-0.25,equal
Reading,4,2024,ND,RI,-0.79,equal
Reading,4,2024,ND,SC,0.6,equal
Reading,4,2024,ND,SD,1.45,equal
Reading,4,2024,ND,TN,0.45,equal
Reading,4,2024,ND,TX,3.59,equal
Reading,4,2024,ND,UT,-3.82,equal
Reading,4,2024,ND,VA,1.4,equal
Reading,4,2024,ND,VT,2.82,equal
Reading,4,2024,ND,WA,-0.21,equal
Reading,4,2024,ND,WI,0.19,equal
Reading,4,2024,ND,WV,9.64,higher
Reading,4,2024,ND,WY,-6.43,lower
Reading,4,2024,NE,AK,10.11,higher
Reading,4,2024,NE,AL,-1.5,equal
Reading,4,2024,NE,AR,2,equal
Reading,4,2024,NE,AZ,3.61,equal
Reading,4,2024,NE,CA,-0.04,equal
Reading,4,2024,NE,CO,-9.21,lower
Reading,4,2024,NE,CT,-7.45,lower
Reading,4,2024,NE,DC,2.53,equal
Reading,4,2024,NE,DE,2.18,equal
Reading,4,2024,NE,DS,-22.5,lower
Reading,4,2024,NE,FL,-6.52,lower
Reading,4,2024,NE,GA,-2.65,equal
Reading,4,2024,NE,HI,-4.09,equal
Reading,4,2024,NE,IA,-2.92,equal
Reading,4,2024,NE,ID,-3.95,equal
Reading,4,2024,NE,IL,-2.54,equal
Reading,4,2024,NE,IN,-8.43,lower
Reading,4,2024,NE,KS,-1.41,equal
Reading,4,2024,NE,KY,-6.33,lower
Reading,4,2024,NE,LA,-4.27,equal
Reading,4,2024,NE,MA,-13.07,lower
Reading,4,2024,NE,MD,-3.94,equal
Reading,4,2024,NE,ME,2.11,equal
Reading,4,2024,NE,MI,2.56,equal
Reading,4,2024,NE,MN,-2.74,equal
Reading,4,2024,NE,MO,-0.19,equal
Reading,4,2024,NE,MS,-6.8,lower
Reading,4,2024,NE,MT,-5.5,lower
Reading,4,2024,NE,NC,-1.65,equal
Reading,4,2024,NE,ND,-3.8,equal
Reading,4,2024,NE,NH,-9.78,lower
Reading,4,2024,NE,NJ,-9.93,lower
Reading,4,2024,NE,NM,11.07,higher
Reading,4,2024,NE,NP,-2.57,equal
Reading,4,2024,NE,NV,-1.43,equal
Reading,4,2024,NE,NY,-2.92,equal
Reading,4,2024,NE,OH,-4.29,equal
Reading,4,2024,NE,OK,4.44,equal
Reading,4,2024,NE,OR,4.73,equal
Reading,4,2024,NE,PA,-4.06,equal
Reading,4,2024,NE,RI,-4.59,equal
Reading,4,2024,NE,SC,-3.2,equal
Reading,4,2024,NE,SD,-2.35,equal
Reading,4,2024,NE,TN,-3.35,equal
Reading,4,2024,NE,TX,-0.22,equal
Reading,4,2024,NE,UT,-7.62,lower
Reading,4,2024,NE,VA,-2.4,equal
Reading,4,2024,NE,VT,-0.98,equal
Reading,4,2024,NE,WA,-4.01,equal
Reading,4,2024,NE,WI,-3.61,equal
Reading,4,2024,NE,WV,5.84,higher
Reading,4,2024,NE,WY,-10.24,lower
Reading,4,2024,NH,AK,19.89,higher
Reading,4,2024,NH,AL,8.27,higher
Reading,4,2024,NH,AR,11.78,higher
Reading,4,2024,NH,AZ,13.39,higher
Reading,4,2024,NH,CA,9.74,higher
Reading,4,2024,NH,CO,0.57,equal
Reading,4,2024,NH,CT,2.33,equal
Reading,4,2024,NH,DC,12.31,higher
Reading,4,2024,NH,DE,11.95,higher
Reading,4,2024,NH,DS,-12.72,lower
Reading,4,2024,NH,FL,3.26,equal
Reading,4,2024,NH,GA,7.13,higher
Reading,4,2024,NH,HI,5.69,higher
Reading,4,2024,NH,IA,6.86,higher
Reading,4,2024,NH,ID,5.83,higher
Reading,4,2024,NH,IL,7.24,higher
Reading,4,2024,NH,IN,1.35,equal
Reading,4,2024,NH,KS,8.36,higher
Reading,4,2024,NH,KY,3.45,equal
Reading,4,2024,NH,LA,5.51,higher
Reading,4,2024,NH,MA,-3.29,equal
Reading,4,2024,NH,MD,5.84,higher
Reading,4,2024,NH,ME,11.89,higher
Reading,4,2024,NH,MI,12.34,higher
Reading,4,2024,NH,MN,7.04,higher
Reading,4,2024,NH,MO,9.58,higher
Reading,4,2024,NH,MS,2.98,equal
Reading,4,2024,NH,MT,4.28,higher
Reading,4,2024,NH,NC,8.13,higher
Reading,4,2024,NH,ND,5.98,higher
Reading,4,2024,NH,NE,9.78,higher
Reading,4,2024,NH,NJ,-0.15,equal
Reading,4,2024,NH,NM,20.85,higher
Reading,4,2024,NH,NP,7.21,higher
Reading,4,2024,NH,NV,8.35,higher
Reading,4,2024,NH,NY,6.85,higher
Reading,4,2024,NH,OH,5.49,higher
Reading,4,2024,NH,OK,14.22,higher
Reading,4,2024,NH,OR,14.51,higher
Reading,4,2024,NH,PA,5.72,higher
Reading,4,2024,NH,RI,5.18,higher
Reading,4,2024,NH,SC,6.58,higher
Reading,4,2024,NH,SD,7.43,higher
Reading,4,2024,NH,TN,6.43,higher
Reading,4,2024,NH,TX,9.56,higher
Reading,4,2024,NH,UT,2.16,equal
Reading,4,2024,NH,VA,7.38,higher
Reading,4,2024,NH,VT,8.8,higher
Reading,4,2024,NH,WA,5.77,higher
Reading,4,2024,NH,WI,6.17,higher
Reading,4,2024,NH,WV,15.61,higher
Reading,4,2024,NH,WY,-0.46,equal
Reading,4,2024,NJ,AK,20.04,higher
Reading,4,2024,NJ,AL,8.43,higher
Reading,4,2024,NJ,AR,11.93,higher
Reading,4,2024,NJ,AZ,13.54,higher
Reading,4,2024,NJ,CA,9.89,higher
Reading,4,2024,NJ,CO,0.72,equal
Reading,4,2024,NJ,CT,2.48,equal
Reading,4,2024,NJ,DC,12.46,higher
Reading,4,2024,NJ,DE,12.11,higher
Reading,4,2024,NJ,DS,-12.57,lower
Reading,4,2024,NJ,FL,3.41,equal
Reading,4,2024,NJ,GA,7.28,higher
Reading,4,2024,NJ,HI,5.84,equal
Reading,4,2024,NJ,IA,7.01,higher
Reading,4,2024,NJ,ID,5.98,equal
Reading,4,2024,NJ,IL,7.39,higher
Reading,4,2024,NJ,IN,1.5,equal
Reading,4,2024,NJ,KS,8.52,higher
Reading,4,2024,NJ,KY,3.61,equal
Reading,4,2024,NJ,LA,5.66,equal
Reading,4,2024,NJ,MA,-3.14,equal
Reading,4,2024,NJ,MD,5.99,equal
Reading,4,2024,NJ,ME,12.04,higher
Reading,4,2024,NJ,MI,12.5,higher
Reading,4,2024,NJ,MN,7.2,higher
Reading,4,2024,NJ,MO,9.74,higher
Reading,4,2024,NJ,MS,3.14,equal
Reading,4,2024,NJ,MT,4.43,equal
Reading,4,2024,NJ,NC,8.29,higher
Reading,4,2024,NJ,ND,6.13,equal
Reading,4,2024,NJ,NE,9.93,higher
Reading,4,2024,NJ,NH,0.15,equal
Reading,4,2024,NJ,NM,21,higher
Reading,4,2024,NJ,NP,7.36,higher
Reading,4,2024,NJ,NV,8.5,higher
Reading,4,2024,NJ,NY,7.01,higher
Reading,4,2024,NJ,OH,5.64,equal
Reading,4,2024,NJ,OK,14.37,higher
Reading,4,2024,NJ,OR,14.66,higher
Reading,4,2024,NJ,PA,5.87,equal
Reading,4,2024,NJ,RI,5.34,equal
Reading,4,2024,NJ,SC,6.73,equal
Reading,4,2024,NJ,SD,7.58,higher
Reading,4,2024,NJ,TN,6.58,equal
Reading,4,2024,NJ,TX,9.71,higher
Reading,4,2024,NJ,UT,2.31,equal
Reading,4,2024,NJ,VA,7.53,higher
Reading,4,2024,NJ,VT,8.95,higher
Reading,4,2024,NJ,WA,5.92,equal
Reading,4,2024,NJ,WI,6.32,equal
Reading,4,2024,NJ,WV,15.77,higher
Reading,4,2024,NJ,WY,-0.31,equal
Reading,4,2024,NM,AK,-0.96,equal
Reading,4,2024,NM,AL,-12.57,lower
Reading,4,2024,NM,AR,-9.07,lower
Reading,4,2024,NM,AZ,-7.46,lower
Reading,4,2024,NM,CA,-11.1,lower
Reading,4,2024,NM,CO,-20.28,lower
Reading,4,2024,NM,CT,-18.52,lower
Reading,4,2024,NM,DC,-8.54,lower
Reading,4,2024,NM,DE,-8.89,lower
Reading,4,2024,NM,DS,-33.57,lower
Reading,4,2024,NM,FL,-17.59,lower
Reading,4,2024,NM,GA,-13.72,lower
Reading,4,2024,NM,HI,-15.16,lower
Reading,4,2024,NM,IA,-13.99,lower
Reading,4,2024,NM,ID,-15.02,lower
Reading,4,2024,NM,IL,-13.61,lower
Reading,4,2024,NM,IN,-19.5,lower
Reading,4,2024,NM,KS,-12.48,lower
Reading,4,2024,NM,KY,-17.39,lower
Reading,4,2024,NM,LA,-15.34,lower
Reading,4,2024,NM,MA,-24.14,lower
Reading,4,2024,NM,MD,-15.01,lower
Reading,4,2024,NM,ME,-8.96,lower
Reading,4,2024,NM,MI,-8.5,lower
Reading,4,2024,NM,MN,-13.8,lower
Reading,4,2024,NM,MO,-11.26,lower
Reading,4,2024,NM,MS,-17.86,lower
Reading,4,2024,NM,MT,-16.57,lower
Reading,4,2024,NM,NC,-12.71,lower
Reading,4,2024,NM,ND,-14.87,lower
Reading,4,2024,NM,NE,-11.07,lower
Reading,4,2024,NM,NH,-20.85,lower
Reading,4,2024,NM,NJ,-21,lower
Reading,4,2024,NM,NP,-13.64,lower
Reading,4,2024,NM,NV,-12.5,lower
Reading,4,2024,NM,NY,-13.99,lower
Reading,4,2024,NM,OH,-15.36,lower
Reading,4,2024,NM,OK,-6.63,lower
Reading,4,2024,NM,OR,-6.34,lower
Reading,4,2024,NM,PA,-15.12,lower
Reading,4,2024,NM,RI,-15.66,lower
Reading,4,2024,NM,SC,-14.27,lower
Reading,4,2024,NM,SD,-13.42,lower
Reading,4,2024,NM,TN,-14.42,lower
Reading,4,2024,NM,TX,-11.28,lower
Reading,4,2024,NM,UT,-18.69,lower
Reading,4,2024,NM,VA,-13.47,lower
Reading,4,2024,NM,VT,-12.05,lower
Reading,4,2024,NM,WA,-15.08,lower
Reading,4,2024,NM,WI,-14.68,lower
Reading,4,2024,NM,WV,-5.23,lower
Reading,4,2024,NM,WY,-21.3,lower
Reading,4,2024,NP,AK,12.68,higher
Reading,4,2024,NP,AL,1.06,equal
Reading,4,2024,NP,AR,4.57,higher
Reading,4,2024,NP,AZ,6.18,higher
Reading,4,2024,NP,CA,2.53,equal
Reading,4,2024,NP,CO,-6.64,lower
Reading,4,2024,NP,CT,-4.88,lower
Reading,4,2024,NP,DC,5.1,higher
Reading,4,2024,NP,DE,4.74,higher
Reading,4,2024,NP,DS,-19.93,lower
Reading,4,2024,NP,FL,-3.95,lower
Reading,4,2024,NP,GA,-0.08,equal
Reading,4,2024,NP,HI,-1.52,equal
Reading,4,2024,NP,IA,-0.35,equal
Reading,4,2024,NP,ID,-1.38,equal
Reading,4,2024,NP,IL,0.03,equal
Reading,4,2024,NP,IN,-5.86,lower
Reading,4,2024,NP,KS,1.15,equal
Reading,4,2024,NP,KY,-3.76,equal
Reading,4,2024,NP,LA,-1.7,equal
Reading,4,2024,NP,MA,-10.5,lower
Reading,4,2024,NP,MD,-1.37,equal
Reading,4,2024,NP,ME,4.68,higher
Reading,4,2024,NP,MI,5.13,higher
Reading,4,2024,NP,MN,-0.17,equal
Reading,4,2024,NP,MO,2.37,equal
Reading,4,2024,NP,MS,-4.23,lower
Reading,4,2024,NP,MT,-2.93,equal
Reading,4,2024,NP,NC,0.92,equal
Reading,4,2024,NP,ND,-1.23,equal
Reading,4,2024,NP,NE,2.57,equal
Reading,4,2024,NP,NH,-7.21,lower
Reading,4,2024,NP,NJ,-7.36,lower
Reading,4,2024,NP,NM,13.64,higher
Reading,4,2024,NP,NV,1.14,equal
Reading,4,2024,NP,NY,-0.36,equal
Reading,4,2024,NP,OH,-1.72,equal
Reading,4,2024,NP,OK,7.01,higher
Reading,4,2024,NP,OR,7.3,higher
Reading,4,2024,NP,PA,-1.49,equal
Reading,4,2024,NP,RI,-2.03,equal
Reading,4,2024,NP,SC,-0.63,equal
Reading,4,2024,NP,SD,0.22,equal
Reading,4,2024,NP,TN,-0.78,equal
Reading,4,2024,NP,TX,2.35,equal
Reading,4,2024,NP,UT,-5.05,lower
Reading,4,2024,NP,VA,0.17,equal
Reading,4,2024,NP,VT,1.59,equal
Reading,4,2024,NP,WA,-1.44,equal
Reading,4,2024,NP,WI,-1.04,equal
Reading,4,2024,NP,WV,8.4,higher
Reading,4,2024,NP,WY,-7.67,lower
Reading,4,2024,NV,AK,11.54,higher
Reading,4,2024,NV,AL,-0.07,equal
Reading,4,2024,NV,AR,3.43,equal
Reading,4,2024,NV,AZ,5.04,equal
Reading,4,2024,NV,CA,1.39,equal
Reading,4,2024,NV,CO,-7.78,lower
Reading,4,2024,NV,CT,-6.02,lower
Reading,4,2024,NV,DC,3.96,equal
Reading,4,2024,NV,DE,3.61,equal
Reading,4,2024,NV,DS,-21.07,lower
Reading,4,2024,NV,FL,-5.09,lower
Reading,4,2024,NV,GA,-1.22,equal
Reading,4,2024,NV,HI,-2.66,equal
Reading,4,2024,NV,IA,-1.49,equal
Reading,4,2024,NV,ID,-2.52,equal
Reading,4,2024,NV,IL,-1.11,equal
Reading,4,2024,NV,IN,-7,lower
Reading,4,2024,NV,KS,0.02,equal
Reading,4,2024,NV,KY,-4.9,equal
Reading,4,2024,NV,LA,-2.84,equal
Reading,4,2024,NV,MA,-11.64,lower
Reading,4,2024,NV,MD,-2.51,equal
Reading,4,2024,NV,ME,3.54,equal
Reading,4,2024,NV,MI,3.99,equal
Reading,4,2024,NV,MN,-1.3,equal
Reading,4,2024,NV,MO,1.24,equal
Reading,4,2024,NV,MS,-5.37,lower
Reading,4,2024,NV,MT,-4.07,equal
Reading,4,2024,NV,NC,-0.22,equal
Reading,4,2024,NV,ND,-2.37,equal
Reading,4,2024,NV,NE,1.43,equal
Reading,4,2024,NV,NH,-8.35,lower
Reading,4,2024,NV,NJ,-8.5,lower
Reading,4,2024,NV,NM,12.5,higher
Reading,4,2024,NV,NP,-1.14,equal
Reading,4,2024,NV,NY,-1.49,equal
Reading,4,2024,NV,OH,-2.86,equal
Reading,4,2024,NV,OK,5.87,higher
Reading,4,2024,NV,OR,6.16,higher
Reading,4,2024,NV,PA,-2.63,equal
Reading,4,2024,NV,RI,-3.16,equal
Reading,4,2024,NV,SC,-1.77,equal
Reading,4,2024,NV,SD,-0.92,equal
Reading,4,2024,NV,TN,-1.92,equal
Reading,4,2024,NV,TX,1.21,equal
Reading,4,2024,NV,UT,-6.19,lower
Reading,4,2024,NV,VA,-0.97,equal
Reading,4,2024,NV,VT,0.45,equal
Reading,4,2024,NV,WA,-2.58,equal
Reading,4,2024,NV,WI,-2.18,equal
Reading,4,2024,NV,WV,7.27,higher
Reading,4,2024,NV,WY,-8.81,lower
Reading,4,2024,NY,AK,13.04,higher
Reading,4,2024,NY,AL,1.42,equal
Reading,4,2024,NY,AR,4.93,equal
Reading,4,2024,NY,AZ,6.53,higher
Reading,4,2024,NY,CA,2.89,equal
Reading,4,2024,NY,CO,-6.29,lower
Reading,4,2024,NY,CT,-4.53,equal
Reading,4,2024,NY,DC,5.45,higher
Reading,4,2024,NY,DE,5.1,higher
Reading,4,2024,NY,DS,-19.58,lower
Reading,4,2024,NY,FL,-3.59,equal
Reading,4,2024,NY,GA,0.27,equal
Reading,4,2024,NY,HI,-1.16,equal
Reading,4,2024,NY,IA,0,equal
Reading,4,2024,NY,ID,-1.03,equal
Reading,4,2024,NY,IL,0.38,equal
Reading,4,2024,NY,IN,-5.51,lower
Reading,4,2024,NY,KS,1.51,equal
Reading,4,2024,NY,KY,-3.4,equal
Reading,4,2024,NY,LA,-1.35,equal
Reading,4,2024,NY,MA,-10.15,lower
Reading,4,2024,NY,MD,-1.01,equal
Reading,4,2024,NY,ME,5.03,higher
Reading,4,2024,NY,MI,5.49,higher
Reading,4,2024,NY,MN,0.19,equal
Reading,4,2024,NY,MO,2.73,equal
Reading,4,2024,NY,MS,-3.87,equal
Reading,4,2024,NY,MT,-2.58,equal
Reading,4,2024,NY,NC,1.28,equal
Reading,4,2024,NY,ND,-0.88,equal
Reading,4,2024,NY,NE,2.92,equal
Reading,4,2024,NY,NH,-6.85,lower
Reading,4,2024,NY,NJ,-7.01,lower
Reading,4,2024,NY,NM,13.99,higher
Reading,4,2024,NY,NP,0.36,equal
Reading,4,2024,NY,NV,1.49,equal
Reading,4,2024,NY,OH,-1.36,equal
Reading,4,2024,NY,OK,7.37,higher
Reading,4,2024,NY,OR,7.66,higher
Reading,4,2024,NY,PA,-1.13,equal
Reading,4,2024,NY,RI,-1.67,equal
Reading,4,2024,NY,SC,-0.28,equal
Reading,4,2024,NY,SD,0.58,equal
Reading,4,2024,NY,TN,-0.43,equal
Reading,4,2024,NY,TX,2.71,equal
Reading,4,2024,NY,UT,-4.69,equal
Reading,4,2024,NY,VA,0.52,equal
Reading,4,2024,NY,VT,1.95,equal
Reading,4,2024,NY,WA,-1.09,equal
Reading,4,2024,NY,WI,-0.69,equal
Reading,4,2024,NY,WV,8.76,higher
Reading,4,2024,NY,WY,-7.31,lower
Reading,4,2024,OH,AK,14.4,higher
Reading,4,2024,OH,AL,2.78,equal
Reading,4,2024,OH,AR,6.29,higher
Reading,4,2024,OH,AZ,7.9,higher
Reading,4,2024,OH,CA,4.25,equal
Reading,4,2024,OH,CO,-4.92,lower
Reading,4,2024,OH,CT,-3.16,equal
Reading,4,2024,OH,DC,6.82,higher
Reading,4,2024,OH,DE,6.46,higher
Reading,4,2024,OH,DS,-18.21,lower
Reading,4,2024,OH,FL,-2.23,equal
Reading,4,2024,OH,GA,1.64,equal
Reading,4,2024,OH,HI,0.2,equal
Reading,4,2024,OH,IA,1.37,equal
Reading,4,2024,OH,ID,0.34,equal
Reading,4,2024,OH,IL,1.74,equal
Reading,4,2024,OH,IN,-4.14,equal
Reading,4,2024,OH,KS,2.87,equal
Reading,4,2024,OH,KY,-2.04,equal
Reading,4,2024,OH,LA,0.02,equal
Reading,4,2024,OH,MA,-8.78,lower
Reading,4,2024,OH,MD,0.35,equal
Reading,4,2024,OH,ME,6.4,higher
Reading,4,2024,OH,MI,6.85,higher
Reading,4,2024,OH,MN,1.55,equal
Reading,4,2024,OH,MO,4.09,equal
Reading,4,2024,OH,MS,-2.51,equal
Reading,4,2024,OH,MT,-1.21,equal
Reading,4,2024,OH,NC,2.64,equal
Reading,4,2024,OH,ND,0.49,equal
Reading,4,2024,OH,NE,4.29,equal
Reading,4,2024,OH,NH,-5.49,lower
Reading,4,2024,OH,NJ,-5.64,equal
Reading,4,2024,OH,NM,15.36,higher
Reading,4,2024,OH,NP,1.72,equal
Reading,4,2024,OH,NV,2.86,equal
Reading,4,2024,OH,NY,1.36,equal
Reading,4,2024,OH,OK,8.73,higher
Reading,4,2024,OH,OR,9.02,higher
Reading,4,2024,OH,PA,0.23,equal
Reading,4,2024,OH,RI,-0.31,equal
Reading,4,2024,OH,SC,1.09,equal
Reading,4,2024,OH,SD,1.94,equal
Reading,4,2024,OH,TN,0.93,equal
Reading,4,2024,OH,TX,4.07,equal
Reading,4,2024,OH,UT,-3.33,equal
Reading,4,2024,OH,VA,1.89,equal
Reading,4,2024,OH,VT,3.31,equal
Reading,4,2024,OH,WA,0.28,equal
Reading,4,2024,OH,WI,0.68,equal
Reading,4,2024,OH,WV,10.12,higher
Reading,4,2024,OH,WY,-5.95,lower
Reading,4,2024,OK,AK,5.67,higher
Reading,4,2024,OK,AL,-5.95,lower
Reading,4,2024,OK,AR,-2.44,equal
Reading,4,2024,OK,AZ,-0.83,equal
Reading,4,2024,OK,CA,-4.48,equal
Reading,4,2024,OK,CO,-13.65,lower
Reading,4,2024,OK,CT,-11.89,lower
Reading,4,2024,OK,DC,-1.91,equal
Reading,4,2024,OK,DE,-2.27,equal
Reading,4,2024,OK,DS,-26.94,lower
Reading,4,2024,OK,FL,-10.96,lower
Reading,4,2024,OK,GA,-7.09,lower
Reading,4,2024,OK,HI,-8.53,lower
Reading,4,2024,OK,IA,-7.36,lower
Reading,4,2024,OK,ID,-8.39,lower
Reading,4,2024,OK,IL,-6.99,lower
Reading,4,2024,OK,IN,-12.87,lower
Reading,4,2024,OK,KS,-5.86,lower
Reading,4,2024,OK,KY,-10.77,lower
Reading,4,2024,OK,LA,-8.71,lower
Reading,4,2024,OK,MA,-17.51,lower
Reading,4,2024,OK,MD,-8.38,lower
Reading,4,2024,OK,ME,-2.33,equal
Reading,4,2024,OK,MI,-1.88,equal
Reading,4,2024,OK,MN,-7.18,lower
Reading,4,2024,OK,MO,-4.64,lower
Reading,4,2024,OK,MS,-11.24,lower
Reading,4,2024,OK,MT,-9.94,lower
Reading,4,2024,OK,NC,-6.09,lower
Reading,4,2024,OK,ND,-8.24,lower
Reading,4,2024,OK,NE,-4.44,equal
Reading,4,2024,OK,NH,-14.22,lower
Reading,4,2024,OK,NJ,-14.37,lower
Reading,4,2024,OK,NM,6.63,higher
Reading,4,2024,OK,NP,-7.01,lower
Reading,4,2024,OK,NV,-5.87,lower
Reading,4,2024,OK,NY,-7.37,lower
Reading,4,2024,OK,OH,-8.73,lower
Reading,4,2024,OK,OR,0.29,equal
Reading,4,2024,OK,PA,-8.5,lower
Reading,4,2024,OK,RI,-9.04,lower
Reading,4,2024,OK,SC,-7.64,lower
Reading,4,2024,OK,SD,-6.79,lower
Reading,4,2024,OK,TN,-7.8,lower
Reading,4,2024,OK,TX,-4.66,equal
Reading,4,2024,OK,UT,-12.06,lower
Reading,4,2024,OK,VA,-6.84,lower
Reading,4,2024,OK,VT,-5.42,lower
Reading,4,2024,OK,WA,-8.45,lower
Reading,4,2024,OK,WI,-8.05,lower
Reading,4,2024,OK,WV,1.39,equal
Reading,4,2024,OK,WY,-14.68,lower
Reading,4,2024,OR,AK,5.38,higher
Reading,4,2024,OR,AL,-6.24,lower
Reading,4,2024,OR,AR,-2.73,equal
Reading,4,2024,OR,AZ,-1.12,equal
Reading,4,2024,OR,CA,-4.77,equal
Reading,4,2024,OR,CO,-13.94,lower
Reading,4,2024,OR,CT,-12.18,lower
Reading,4,2024,OR,DC,-2.2,equal
Reading,4,2024,OR,DE,-2.56,equal
Reading,4,2024,OR,DS,-27.23,lower
Reading,4,2024,OR,FL,-11.25,lower
Reading,4,2024,OR,GA,-7.38,lower
Reading,4,2024,OR,HI,-8.82,lower
Reading,4,2024,OR,IA,-7.65,lower
Reading,4,2024,OR,ID,-8.68,lower
Reading,4,2024,OR,IL,-7.27,lower
Reading,4,2024,OR,IN,-13.16,lower
Reading,4,2024,OR,KS,-6.15,lower
Reading,4,2024,OR,KY,-11.06,lower
Reading,4,2024,OR,LA,-9,lower
Reading,4,2024,OR,MA,-17.8,lower
Reading,4,2024,OR,MD,-8.67,lower
Reading,4,2024,OR,ME,-2.62,equal
Reading,4,2024,OR,MI,-2.17,equal
Reading,4,2024,OR,MN,-7.47,lower
Reading,4,2024,OR,MO,-4.93,lower
Reading,4,2024,OR,MS,-11.53,lower
Reading,4,2024,OR,MT,-10.23,lower
Reading,4,2024,OR,NC,-6.38,lower
Reading,4,2024,OR,ND,-8.53,lower
Reading,4,2024,OR,NE,-4.73,equal
Reading,4,2024,OR,NH,-14.51,lower
Reading,4,2024,OR,NJ,-14.66,lower
Reading,4,2024,OR,NM,6.34,higher
Reading,4,2024,OR,NP,-7.3,lower
Reading,4,2024,OR,NV,-6.16,lower
Reading,4,2024,OR,NY,-7.66,lower
Reading,4,2024,OR,OH,-9.02,lower
Reading,4,2024,OR,OK,-0.29,equal
Reading,4,2024,OR,PA,-8.79,lower
Reading,4,2024,OR,RI,-9.33,lower
Reading,4,2024,OR,SC,-7.93,lower
Reading,4,2024,OR,SD,-7.08,lower
Reading,4,2024,OR,TN,-8.08,lower
Reading,4,2024,OR,TX,-4.95,equal
Reading,4,2024,OR,UT,-12.35,lower
Reading,4,2024,OR,VA,-7.13,lower
Reading,4,2024,OR,VT,-5.71,lower
Reading,4,2024,OR,WA,-8.74,lower
Reading,4,2024,OR,WI,-8.34,lower
Reading,4,2024,OR,WV,1.1,equal
Reading,4,2024,OR,WY,-14.97,lower
Reading,4,2024,PA,AK,14.17,higher
Reading,4,2024,PA,AL,2.55,equal
Reading,4,2024,PA,AR,6.06,higher
Reading,4,2024,PA,AZ,7.67,higher
Reading,4,2024,PA,CA,4.02,equal
Reading,4,2024,PA,CO,-5.16,lower
Reading,4,2024,PA,CT,-3.4,equal
Reading,4,2024,PA,DC,6.58,higher
Reading,4,2024,PA,DE,6.23,higher
Reading,4,2024,PA,DS,-18.44,lower
Reading,4,2024,PA,FL,-2.46,equal
Reading,4,2024,PA,GA,1.4,equal
Reading,4,2024,PA,HI,-0.03,equal
Reading,4,2024,PA,IA,1.13,equal
Reading,4,2024,PA,ID,0.11,equal
Reading,4,2024,PA,IL,1.51,equal
Reading,4,2024,PA,IN,-4.38,equal
Reading,4,2024,PA,KS,2.64,equal
Reading,4,2024,PA,KY,-2.27,equal
Reading,4,2024,PA,LA,-0.21,equal
Reading,4,2024,PA,MA,-9.02,lower
Reading,4,2024,PA,MD,0.12,equal
Reading,4,2024,PA,ME,6.16,higher
Reading,4,2024,PA,MI,6.62,higher
Reading,4,2024,PA,MN,1.32,equal
Reading,4,2024,PA,MO,3.86,equal
Reading,4,2024,PA,MS,-2.74,equal
Reading,4,2024,PA,MT,-1.45,equal
Reading,4,2024,PA,NC,2.41,equal
Reading,4,2024,PA,ND,0.25,equal
Reading,4,2024,PA,NE,4.06,equal
Reading,4,2024,PA,NH,-5.72,lower
Reading,4,2024,PA,NJ,-5.87,equal
Reading,4,2024,PA,NM,15.12,higher
Reading,4,2024,PA,NP,1.49,equal
Reading,4,2024,PA,NV,2.63,equal
Reading,4,2024,PA,NY,1.13,equal
Reading,4,2024,PA,OH,-0.23,equal
Reading,4,2024,PA,OK,8.5,higher
Reading,4,2024,PA,OR,8.79,higher
Reading,4,2024,PA,RI,-0.54,equal
Reading,4,2024,PA,SC,0.85,equal
Reading,4,2024,PA,SD,1.71,equal
Reading,4,2024,PA,TN,0.7,equal
Reading,4,2024,PA,TX,3.84,equal
Reading,4,2024,PA,UT,-3.56,equal
Reading,4,2024,PA,VA,1.66,equal
Reading,4,2024,PA,VT,3.08,equal
Reading,4,2024,PA,WA,0.05,equal
Reading,4,2024,PA,WI,0.45,equal
Reading,4,2024,PA,WV,9.89,higher
Reading,4,2024,PA,WY,-6.18,lower
Reading,4,2024,RI,AK,14.71,higher
Reading,4,2024,RI,AL,3.09,equal
Reading,4,2024,RI,AR,6.6,higher
Reading,4,2024,RI,AZ,8.21,higher
Reading,4,2024,RI,CA,4.56,equal
Reading,4,2024,RI,CO,-4.62,lower
Reading,4,2024,RI,CT,-2.86,equal
Reading,4,2024,RI,DC,7.12,higher
Reading,4,2024,RI,DE,6.77,higher
Reading,4,2024,RI,DS,-17.91,lower
Reading,4,2024,RI,FL,-1.92,equal
Reading,4,2024,RI,GA,1.94,equal
Reading,4,2024,RI,HI,0.51,equal
Reading,4,2024,RI,IA,1.67,equal
Reading,4,2024,RI,ID,0.64,equal
Reading,4,2024,RI,IL,2.05,equal
Reading,4,2024,RI,IN,-3.84,equal
Reading,4,2024,RI,KS,3.18,equal
Reading,4,2024,RI,KY,-1.73,equal
Reading,4,2024,RI,LA,0.32,equal
Reading,4,2024,RI,MA,-8.48,lower
Reading,4,2024,RI,MD,0.66,equal
Reading,4,2024,RI,ME,6.7,higher
Reading,4,2024,RI,MI,7.16,higher
Reading,4,2024,RI,MN,1.86,equal
Reading,4,2024,RI,MO,4.4,higher
Reading,4,2024,RI,MS,-2.2,equal
Reading,4,2024,RI,MT,-0.91,equal
Reading,4,2024,RI,NC,2.95,equal
Reading,4,2024,RI,ND,0.79,equal
Reading,4,2024,RI,NE,4.59,equal
Reading,4,2024,RI,NH,-5.18,lower
Reading,4,2024,RI,NJ,-5.34,equal
Reading,4,2024,RI,NM,15.66,higher
Reading,4,2024,RI,NP,2.03,equal
Reading,4,2024,RI,NV,3.16,equal
Reading,4,2024,RI,NY,1.67,equal
Reading,4,2024,RI,OH,0.31,equal
Reading,4,2024,RI,OK,9.04,higher
Reading,4,2024,RI,OR,9.33,higher
Reading,4,2024,RI,PA,0.54,equal
Reading,4,2024,RI,SC,1.39,equal
Reading,4,2024,RI,SD,2.25,equal
Reading,4,2024,RI,TN,1.24,equal
Reading,4,2024,RI,TX,4.38,equal
Reading,4,2024,RI,UT,-3.02,equal
Reading,4,2024,RI,VA,2.19,equal
Reading,4,2024,RI,VT,3.62,equal
Reading,4,2024,RI,WA,0.59,equal
Reading,4,2024,RI,WI,0.98,equal
Reading,4,2024,RI,WV,10.43,higher
Reading,4,2024,RI,WY,-5.64,lower
Reading,4,2024,SC,AK,13.32,higher
Reading,4,2024,SC,AL,1.7,equal
Reading,4,2024,SC,AR,5.21,higher
Reading,4,2024,SC,AZ,6.81,higher
Reading,4,2024,SC,CA,3.17,equal
Reading,4,2024,SC,CO,-6.01,lower
Reading,4,2024,SC,CT,-4.25,equal
Reading,4,2024,SC,DC,5.73,higher
Reading,4,2024,SC,DE,5.38,higher
Reading,4,2024,SC,DS,-19.3,lower
Reading,4,2024,SC,FL,-3.31,equal
Reading,4,2024,SC,GA,0.55,equal
Reading,4,2024,SC,HI,-0.88,equal
Reading,4,2024,SC,IA,0.28,equal
Reading,4,2024,SC,ID,-0.75,equal
Reading,4,2024,SC,IL,0.66,equal
Reading,4,2024,SC,IN,-5.23,lower
Reading,4,2024,SC,KS,1.79,equal
Reading,4,2024,SC,KY,-3.12,equal
Reading,4,2024,SC,LA,-1.07,equal
Reading,4,2024,SC,MA,-9.87,lower
Reading,4,2024,SC,MD,-0.73,equal
Reading,4,2024,SC,ME,5.31,higher
Reading,4,2024,SC,MI,5.77,higher
Reading,4,2024,SC,MN,0.47,equal
Reading,4,2024,SC,MO,3.01,equal
Reading,4,2024,SC,MS,-3.59,equal
Reading,4,2024,SC,MT,-2.3,equal
Reading,4,2024,SC,NC,1.56,equal
Reading,4,2024,SC,ND,-0.6,equal
Reading,4,2024,SC,NE,3.2,equal
Reading,4,2024,SC,NH,-6.58,lower
Reading,4,2024,SC,NJ,-6.73,equal
Reading,4,2024,SC,NM,14.27,higher
Reading,4,2024,SC,NP,0.63,equal
Reading,4,2024,SC,NV,1.77,equal
Reading,4,2024,SC,NY,0.28,equal
Reading,4,2024,SC,OH,-1.09,equal
Reading,4,2024,SC,OK,7.64,higher
Reading,4,2024,SC,OR,7.93,higher
Reading,4,2024,SC,PA,-0.85,equal
Reading,4,2024,SC,RI,-1.39,equal
Reading,4,2024,SC,SD,0.85,equal
Reading,4,2024,SC,TN,-0.15,equal
Reading,4,2024,SC,TX,2.99,equal
Reading,4,2024,SC,UT,-4.41,equal
Reading,4,2024,SC,VA,0.8,equal
Reading,4,2024,SC,VT,2.22,equal
Reading,4,2024,SC,WA,-0.81,equal
Reading,4,2024,SC,WI,-0.41,equal
Reading,4,2024,SC,WV,9.04,higher
Reading,4,2024,SC,WY,-7.03,lower
Reading,4,2024,SD,AK,12.46,higher
Reading,4,2024,SD,AL,0.84,equal
Reading,4,2024,SD,AR,4.35,equal
Reading,4,2024,SD,AZ,5.96,higher
Reading,4,2024,SD,CA,2.31,equal
Reading,4,2024,SD,CO,-6.86,lower
Reading,4,2024,SD,CT,-5.1,lower
Reading,4,2024,SD,DC,4.88,higher
Reading,4,2024,SD,DE,4.52,higher
Reading,4,2024,SD,DS,-20.15,lower
Reading,4,2024,SD,FL,-4.17,equal
Reading,4,2024,SD,GA,-0.3,equal
Reading,4,2024,SD,HI,-1.74,equal
Reading,4,2024,SD,IA,-0.57,equal
Reading,4,2024,SD,ID,-1.6,equal
Reading,4,2024,SD,IL,-0.2,equal
Reading,4,2024,SD,IN,-6.08,lower
Reading,4,2024,SD,KS,0.93,equal
Reading,4,2024,SD,KY,-3.98,equal
Reading,4,2024,SD,LA,-1.92,equal
Reading,4,2024,SD,MA,-10.72,lower
Reading,4,2024,SD,MD,-1.59,equal
Reading,4,2024,SD,ME,4.46,higher
Reading,4,2024,SD,MI,4.91,higher
Reading,4,2024,SD,MN,-0.39,equal
Reading,4,2024,SD,MO,2.15,equal
Reading,4,2024,SD,MS,-4.45,lower
Reading,4,2024,SD,MT,-3.15,equal
Reading,4,2024,SD,NC,0.7,equal
Reading,4,2024,SD,ND,-1.45,equal
Reading,4,2024,SD,NE,2.35,equal
Reading,4,2024,SD,NH,-7.43,lower
Reading,4,2024,SD,NJ,-7.58,lower
Reading,4,2024,SD,NM,13.42,higher
Reading,4,2024,SD,NP,-0.22,equal
Reading,4,2024,SD,NV,0.92,equal
Reading,4,2024,SD,NY,-0.58,equal
Reading,4,2024,SD,OH,-1.94,equal
Reading,4,2024,SD,OK,6.79,higher
Reading,4,2024,SD,OR,7.08,higher
Reading,4,2024,SD,PA,-1.71,equal
Reading,4,2024,SD,RI,-2.25,equal
Reading,4,2024,SD,SC,-0.85,equal
Reading,4,2024,SD,TN,-1.01,equal
Reading,4,2024,SD,TX,2.13,equal
Reading,4,2024,SD,UT,-5.27,lower
Reading,4,2024,SD,VA,-0.05,equal
Reading,4,2024,SD,VT,1.37,equal
Reading,4,2024,SD,WA,-1.66,equal
Reading,4,2024,SD,WI,-1.26,equal
Reading,4,2024,SD,WV,8.18,higher
Reading,4,2024,SD,WY,-7.89,lower
Reading,4,2024,TN,AK,13.47,higher
Reading,4,2024,TN,AL,1.85,equal
Reading,4,2024,TN,AR,5.36,higher
Reading,4,2024,TN,AZ,6.96,higher
Reading,4,2024,TN,CA,3.32,equal
Reading,4,2024,TN,CO,-5.86,lower
Reading,4,2024,TN,CT,-4.1,equal
Reading,4,2024,TN,DC,5.88,higher
Reading,4,2024,TN,DE,5.53,higher
Reading,4,2024,TN,DS,-19.15,lower
Reading,4,2024,TN,FL,-3.16,equal
Reading,4,2024,TN,GA,0.7,equal
Reading,4,2024,TN,HI,-0.73,equal
Reading,4,2024,TN,IA,0.43,equal
Reading,4,2024,TN,ID,-0.6,equal
Reading,4,2024,TN,IL,0.81,equal
Reading,4,2024,TN,IN,-5.08,lower
Reading,4,2024,TN,KS,1.94,equal
Reading,4,2024,TN,KY,-2.97,equal
Reading,4,2024,TN,LA,-0.92,equal
Reading,4,2024,TN,MA,-9.72,lower
Reading,4,2024,TN,MD,-0.58,equal
Reading,4,2024,TN,ME,5.46,higher
Reading,4,2024,TN,MI,5.92,higher
Reading,4,2024,TN,MN,0.62,equal
Reading,4,2024,TN,MO,3.16,equal
Reading,4,2024,TN,MS,-3.44,equal
Reading,4,2024,TN,MT,-2.15,equal
Reading,4,2024,TN,NC,1.71,equal
Reading,4,2024,TN,ND,-0.45,equal
Reading,4,2024,TN,NE,3.35,equal
Reading,4,2024,TN,NH,-6.43,lower
Reading,4,2024,TN,NJ,-6.58,equal
Reading,4,2024,TN,NM,14.42,higher
Reading,4,2024,TN,NP,0.78,equal
Reading,4,2024,TN,NV,1.92,equal
Reading,4,2024,TN,NY,0.43,equal
Reading,4,2024,TN,OH,-0.93,equal
Reading,4,2024,TN,OK,7.8,higher
Reading,4,2024,TN,OR,8.08,higher
Reading,4,2024,TN,PA,-0.7,equal
Reading,4,2024,TN,RI,-1.24,equal
Reading,4,2024,TN,SC,0.15,equal
Reading,4,2024,TN,SD,1.01,equal
Reading,4,2024,TN,TX,3.14,equal
Reading,4,2024,TN,UT,-4.26,equal
Reading,4,2024,TN,VA,0.95,equal
Reading,4,2024,TN,VT,2.37,equal
Reading,4,2024,TN,WA,-0.66,equal
Reading,4,2024,TN,WI,-0.26,equal
Reading,4,2024,TN,WV,9.19,higher
Reading,4,2024,TN,WY,-6.88,lower
Reading,4,2024,TX,AK,10.33,higher
Reading,4,2024,TX,AL,-1.29,equal
Reading,4,2024,TX,AR,2.22,equal
Reading,4,2024,TX,AZ,3.83,equal
Reading,4,2024,TX,CA,0.18,equal
Reading,4,2024,TX,CO,-9,lower
Reading,4,2024,TX,CT,-7.24,lower
Reading,4,2024,TX,DC,2.74,equal
Reading,4,2024,TX,DE,2.39,equal
Reading,4,2024,TX,DS,-22.28,lower
Reading,4,2024,TX,FL,-6.3,lower
Reading,4,2024,TX,GA,-2.44,equal
Reading,4,2024,TX,HI,-3.87,equal
Reading,4,2024,TX,IA,-2.7,equal
Reading,4,2024,TX,ID,-3.73,equal
Reading,4,2024,TX,IL,-2.33,equal
Reading,4,2024,TX,IN,-8.22,lower
Reading,4,2024,TX,KS,-1.2,equal
Reading,4,2024,TX,KY,-6.11,lower
Reading,4,2024,TX,LA,-4.05,equal
Reading,4,2024,TX,MA,-12.86,lower
Reading,4,2024,TX,MD,-3.72,equal
Reading,4,2024,TX,ME,2.32,equal
Reading,4,2024,TX,MI,2.78,equal
Reading,4,2024,TX,MN,-2.52,equal
Reading,4,2024,TX,MO,0.02,equal
Reading,4,2024,TX,MS,-6.58,lower
Reading,4,2024,TX,MT,-5.29,lower
Reading,4,2024,TX,NC,-1.43,equal
Reading,4,2024,TX,ND,-3.59,equal
Reading,4,2024,TX,NE,0.22,equal
Reading,4,2024,TX,NH,-9.56,lower
Reading,4,2024,TX,NJ,-9.71,lower
Reading,4,2024,TX,NM,11.28,higher
Reading,4,2024,TX,NP,-2.35,equal
Reading,4,2024,TX,NV,-1.21,equal
Reading,4,2024,TX,NY,-2.71,equal
Reading,4,2024,TX,OH,-4.07,equal
Reading,4,2024,TX,OK,4.66,equal
Reading,4,2024,TX,OR,4.95,equal
Reading,4,2024,TX,PA,-3.84,equal
Reading,4,2024,TX,RI,-4.38,equal
Reading,4,2024,TX,SC,-2.99,equal
Reading,4,2024,TX,SD,-2.13,equal
Reading,4,2024,TX,TN,-3.14,equal
Reading,4,2024,TX,UT,-7.4,lower
Reading,4,2024,TX,VA,-2.18,equal
Reading,4,2024,TX,VT,-0.76,equal
Reading,4,2024,TX,WA,-3.79,equal
Reading,4,2024,TX,WI,-3.39,equal
Reading,4,2024,TX,WV,6.05,higher
Reading,4,2024,TX,WY,-10.02,lower
Reading,4,2024,UT,AK,17.73,higher
Reading,4,2024,UT,AL,6.11,higher
Reading,4,2024,UT,AR,9.62,higher
Reading,4,2024,UT,AZ,11.23,higher
Reading,4,2024,UT,CA,7.58,higher
Reading,4,2024,UT,CO,-1.6,equal
Reading,4,2024,UT,CT,0.16,equal
Reading,4,2024,UT,DC,10.15,higher
Reading,4,2024,UT,DE,9.79,higher
Reading,4,2024,UT,DS,-14.88,lower
Reading,4,2024,UT,FL,1.1,equal
Reading,4,2024,UT,GA,4.96,equal
Reading,4,2024,UT,HI,3.53,equal
Reading,4,2024,UT,IA,4.7,higher
Reading,4,2024,UT,ID,3.67,equal
Reading,4,2024,UT,IL,5.07,higher
Reading,4,2024,UT,IN,-0.81,equal
Reading,4,2024,UT,KS,6.2,higher
Reading,4,2024,UT,KY,1.29,equal
Reading,4,2024,UT,LA,3.35,equal
Reading,4,2024,UT,MA,-5.45,lower
Reading,4,2024,UT,MD,3.68,equal
Reading,4,2024,UT,ME,9.73,higher
Reading,4,2024,UT,MI,10.18,higher
Reading,4,2024,UT,MN,4.88,higher
Reading,4,2024,UT,MO,7.42,higher
Reading,4,2024,UT,MS,0.82,equal
Reading,4,2024,UT,MT,2.12,equal
Reading,4,2024,UT,NC,5.97,higher
Reading,4,2024,UT,ND,3.82,equal
Reading,4,2024,UT,NE,7.62,higher
Reading,4,2024,UT,NH,-2.16,equal
Reading,4,2024,UT,NJ,-2.31,equal
Reading,4,2024,UT,NM,18.69,higher
Reading,4,2024,UT,NP,5.05,higher
Reading,4,2024,UT,NV,6.19,higher
Reading,4,2024,UT,NY,4.69,equal
Reading,4,2024,UT,OH,3.33,equal
Reading,4,2024,UT,OK,12.06,higher
Reading,4,2024,UT,OR,12.35,higher
Reading,4,2024,UT,PA,3.56,equal
Reading,4,2024,UT,RI,3.02,equal
Reading,4,2024,UT,SC,4.41,equal
Reading,4,2024,UT,SD,5.27,higher
Reading,4,2024,UT,TN,4.26,equal
Reading,4,2024,UT,TX,7.4,higher
Reading,4,2024,UT,VA,5.22,higher
Reading,4,2024,UT,VT,6.64,higher
Reading,4,2024,UT,WA,3.61,equal
Reading,4,2024,UT,WI,4.01,equal
Reading,4,2024,UT,WV,13.45,higher
Reading,4,2024,UT,WY,-2.62,equal
Reading,4,2024,VA,AK,12.51,higher
Reading,4,2024,VA,AL,0.9,equal
Reading,4,2024,VA,AR,4.4,equal
Reading,4,2024,VA,AZ,6.01,equal
Reading,4,2024,VA,CA,2.36,equal
Reading,4,2024,VA,CO,-6.81,lower
Reading,4,2024,VA,CT,-5.05,lower
Reading,4,2024,VA,DC,4.93,equal
Reading,4,2024,VA,DE,4.58,equal
Reading,4,2024,VA,DS,-20.1,lower
Reading,4,2024,VA,FL,-4.12,equal
Reading,4,2024,VA,GA,-0.25,equal
Reading,4,2024,VA,HI,-1.69,equal
Reading,4,2024,VA,IA,-0.52,equal
Reading,4,2024,VA,ID,-1.55,equal
Reading,4,2024,VA,IL,-0.14,equal
Reading,4,2024,VA,IN,-6.03,lower
Reading,4,2024,VA,KS,0.99,equal
Reading,4,2024,VA,KY,-3.93,equal
Reading,4,2024,VA,LA,-1.87,equal
Reading,4,2024,VA,MA,-10.67,lower
Reading,4,2024,VA,MD,-1.54,equal
Reading,4,2024,VA,ME,4.51,equal
Reading,4,2024,VA,MI,4.97,equal
Reading,4,2024,VA,MN,-0.33,equal
Reading,4,2024,VA,MO,2.21,equal
Reading,4,2024,VA,MS,-4.4,equal
Reading,4,2024,VA,MT,-3.1,equal
Reading,4,2024,VA,NC,0.75,equal
Reading,4,2024,VA,ND,-1.4,equal
Reading,4,2024,VA,NE,2.4,equal
Reading,4,2024,VA,NH,-7.38,lower
Reading,4,2024,VA,NJ,-7.53,lower
Reading,4,2024,VA,NM,13.47,higher
Reading,4,2024,VA,NP,-0.17,equal
Reading,4,2024,VA,NV,0.97,equal
Reading,4,2024,VA,NY,-0.52,equal
Reading,4,2024,VA,OH,-1.89,equal
Reading,4,2024,VA,OK,6.84,higher
Reading,4,2024,VA,OR,7.13,higher
Reading,4,2024,VA,PA,-1.66,equal
Reading,4,2024,VA,RI,-2.19,equal
Reading,4,2024,VA,SC,-0.8,equal
Reading,4,2024,VA,SD,0.05,equal
Reading,4,2024,VA,TN,-0.95,equal
Reading,4,2024,VA,TX,2.18,equal
Reading,4,2024,VA,UT,-5.22,lower
Reading,4,2024,VA,VT,1.42,equal
Reading,4,2024,VA,WA,-1.61,equal
Reading,4,2024,VA,WI,-1.21,equal
Reading,4,2024,VA,WV,8.24,higher
Reading,4,2024,VA,WY,-7.84,lower
Reading,4,2024,VT,AK,11.09,higher
Reading,4,2024,VT,AL,-0.52,equal
Reading,4,2024,VT,AR,2.98,equal
Reading,4,2024,VT,AZ,4.59,equal
Reading,4,2024,VT,CA,0.94,equal
Reading,4,2024,VT,CO,-8.23,lower
Reading,4,2024,VT,CT,-6.47,lower
Reading,4,2024,VT,DC,3.51,equal
Reading,4,2024,VT,DE,3.15,equal
Reading,4,2024,VT,DS,-21.52,lower
Reading,4,2024,VT,FL,-5.54,lower
Reading,4,2024,VT,GA,-1.67,equal
Reading,4,2024,VT,HI,-3.11,equal
Reading,4,2024,VT,IA,-1.94,equal
Reading,4,2024,VT,ID,-2.97,equal
Reading,4,2024,VT,IL,-1.56,equal
Reading,4,2024,VT,IN,-7.45,lower
Reading,4,2024,VT,KS,-0.44,equal
Reading,4,2024,VT,KY,-5.35,lower
Reading,4,2024,VT,LA,-3.29,equal
Reading,4,2024,VT,MA,-12.09,lower
Reading,4,2024,VT,MD,-2.96,equal
Reading,4,2024,VT,ME,3.09,equal
Reading,4,2024,VT,MI,3.54,equal
Reading,4,2024,VT,MN,-1.76,equal
Reading,4,2024,VT,MO,0.78,equal
Reading,4,2024,VT,MS,-5.82,lower
Reading,4,2024,VT,MT,-4.52,lower
Reading,4,2024,VT,NC,-0.67,equal
Reading,4,2024,VT,ND,-2.82,equal
Reading,4,2024,VT,NE,0.98,equal
Reading,4,2024,VT,NH,-8.8,lower
Reading,4,2024,VT,NJ,-8.95,lower
Reading,4,2024,VT,NM,12.05,higher
Reading,4,2024,VT,NP,-1.59,equal
Reading,4,2024,VT,NV,-0.45,equal
Reading,4,2024,VT,NY,-1.95,equal
Reading,4,2024,VT,OH,-3.31,equal
Reading,4,2024,VT,OK,5.42,higher
Reading,4,2024,VT,OR,5.71,higher
Reading,4,2024,VT,PA,-3.08,equal
Reading,4,2024,VT,RI,-3.62,equal
Reading,4,2024,VT,SC,-2.22,equal
Reading,4,2024,VT,SD,-1.37,equal
Reading,4,2024,VT,TN,-2.37,equal
Reading,4,2024,VT,TX,0.76,equal
Reading,4,2024,VT,UT,-6.64,lower
Reading,4,2024,VT,VA,-1.42,equal
Reading,4,2024,VT,WA,-3.03,equal
Reading,4,2024,VT,WI,-2.63,equal
Reading,4,2024,VT,WV,6.82,higher
Reading,4,2024,VT,WY,-9.26,lower
Reading,4,2024,WA,AK,14.12,higher
Reading,4,2024,WA,AL,2.51,equal
Reading,4,2024,WA,AR,6.01,higher
Reading,4,2024,WA,AZ,7.62,higher
Reading,4,2024,WA,CA,3.97,equal
Reading,4,2024,WA,CO,-5.2,lower
Reading,4,2024,WA,CT,-3.44,equal
Reading,4,2024,WA,DC,6.54,higher
Reading,4,2024,WA,DE,6.18,higher
Reading,4,2024,WA,DS,-18.49,lower
Reading,4,2024,WA,FL,-2.51,equal
Reading,4,2024,WA,GA,1.36,equal
Reading,4,2024,WA,HI,-0.08,equal
Reading,4,2024,WA,IA,1.09,equal
Reading,4,2024,WA,ID,0.06,equal
Reading,4,2024,WA,IL,1.47,equal
Reading,4,2024,WA,IN,-4.42,lower
Reading,4,2024,WA,KS,2.6,equal
Reading,4,2024,WA,KY,-2.32,equal
Reading,4,2024,WA,LA,-0.26,equal
Reading,4,2024,WA,MA,-9.06,lower
Reading,4,2024,WA,MD,0.07,equal
Reading,4,2024,WA,ME,6.12,higher
Reading,4,2024,WA,MI,6.57,higher
Reading,4,2024,WA,MN,1.27,equal
Reading,4,2024,WA,MO,3.81,equal
Reading,4,2024,WA,MS,-2.79,equal
Reading,4,2024,WA,MT,-1.49,equal
Reading,4,2024,WA,NC,2.36,equal
Reading,4,2024,WA,ND,0.21,equal
Reading,4,2024,WA,NE,4.01,equal
Reading,4,2024,WA,NH,-5.77,lower
Reading,4,2024,WA,NJ,-5.92,equal
Reading,4,2024,WA,NM,15.08,higher
Reading,4,2024,WA,NP,1.44,equal
Reading,4,2024,WA,NV,2.58,equal
Reading,4,2024,WA,NY,1.09,equal
Reading,4,2024,WA,OH,-0.28,equal
Reading,4,2024,WA,OK,8.45,higher
Reading,4,2024,WA,OR,8.74,higher
Reading,4,2024,WA,PA,-0.05,equal
Reading,4,2024,WA,RI,-0.59,equal
Reading,4,2024,WA,SC,0.81,equal
Reading,4,2024,WA,SD,1.66,equal
Reading,4,2024,WA,TN,0.66,equal
Reading,4,2024,WA,TX,3.79,equal
Reading,4,2024,WA,UT,-3.61,equal
Reading,4,2024,WA,VA,1.61,equal
Reading,4,2024,WA,VT,3.03,equal
Reading,4,2024,WA,WI,0.4,equal
Reading,4,2024,WA,WV,9.85,higher
Reading,4,2024,WA,WY,-6.23,lower
Reading,4,2024,WI,AK,13.72,higher
Reading,4,2024,WI,AL,2.11,equal
Reading,4,2024,WI,AR,5.61,higher
Reading,4,2024,WI,AZ,7.22,higher
Reading,4,2024,WI,CA,3.57,equal
Reading,4,2024,WI,CO,-5.6,lower
Reading,4,2024,WI,CT,-3.84,equal
Reading,4,2024,WI,DC,6.14,higher
Reading,4,2024,WI,DE,5.79,higher
Reading,4,2024,WI,DS,-18.89,lower
Reading,4,2024,WI,FL,-2.91,equal
Reading,4,2024,WI,GA,0.96,equal
Reading,4,2024,WI,HI,-0.48,equal
Reading,4,2024,WI,IA,0.69,equal
Reading,4,2024,WI,ID,-0.34,equal
Reading,4,2024,WI,IL,1.07,equal
Reading,4,2024,WI,IN,-4.82,lower
Reading,4,2024,WI,KS,2.2,equal
Reading,4,2024,WI,KY,-2.72,equal
Reading,4,2024,WI,LA,-0.66,equal
Reading,4,2024,WI,MA,-9.46,lower
Reading,4,2024,WI,MD,-0.33,equal
Reading,4,2024,WI,ME,5.72,higher
Reading,4,2024,WI,MI,6.18,higher
Reading,4,2024,WI,MN,0.88,equal
Reading,4,2024,WI,MO,3.42,equal
Reading,4,2024,WI,MS,-3.19,equal
Reading,4,2024,WI,MT,-1.89,equal
Reading,4,2024,WI,NC,1.96,equal
Reading,4,2024,WI,ND,-0.19,equal
Reading,4,2024,WI,NE,3.61,equal
Reading,4,2024,WI,NH,-6.17,lower
Reading,4,2024,WI,NJ,-6.32,equal
Reading,4,2024,WI,NM,14.68,higher
Reading,4,2024,WI,NP,1.04,equal
Reading,4,2024,WI,NV,2.18,equal
Reading,4,2024,WI,NY,0.69,equal
Reading,4,2024,WI,OH,-0.68,equal
Reading,4,2024,WI,OK,8.05,higher
Reading,4,2024,WI,OR,8.34,higher
Reading,4,2024,WI,PA,-0.45,equal
Reading,4,2024,WI,RI,-0.98,equal
Reading,4,2024,WI,SC,0.41,equal
Reading,4,2024,WI,SD,1.26,equal
Reading,4,2024,WI,TN,0.26,equal
Reading,4,2024,WI,TX,3.39,equal
Reading,4,2024,WI,UT,-4.01,equal
Reading,4,2024,WI,VA,1.21,equal
Reading,4,2024,WI,VT,2.63,equal
Reading,4,2024,WI,WA,-0.4,equal
Reading,4,2024,WI,WV,9.45,higher
Reading,4,2024,WI,WY,-6.63,lower
Reading,4,2024,WV,AK,4.28,equal
Reading,4,2024,WV,AL,-7.34,lower
Reading,4,2024,WV,AR,-3.83,equal
Reading,4,2024,WV,AZ,-2.23,equal
Reading,4,2024,WV,CA,-5.87,lower
Reading,4,2024,WV,CO,-15.05,lower
Reading,4,2024,WV,CT,-13.29,lower
Reading,4,2024,WV,DC,-3.31,equal
Reading,4,2024,WV,DE,-3.66,equal
Reading,4,2024,WV,DS,-28.34,lower
Reading,4,2024,WV,FL,-12.35,lower
Reading,4,2024,WV,GA,-8.49,lower
Reading,4,2024,WV,HI,-9.92,lower
Reading,4,2024,WV,IA,-8.76,lower
Reading,4,2024,WV,ID,-9.79,lower
Reading,4,2024,WV,IL,-8.38,lower
Reading,4,2024,WV,IN,-14.27,lower
Reading,4,2024,WV,KS,-7.25,lower
Reading,4,2024,WV,KY,-12.16,lower
Reading,4,2024,WV,LA,-10.11,lower
Reading,4,2024,WV,MA,-18.91,lower
Reading,4,2024,WV,MD,-9.77,lower
Reading,4,2024,WV,ME,-3.73,equal
Reading,4,2024,WV,MI,-3.27,equal
Reading,4,2024,WV,MN,-8.57,lower
Reading,4,2024,WV,MO,-6.03,lower
Reading,4,2024,WV,MS,-12.63,lower
Reading,4,2024,WV,MT,-11.34,lower
Reading,4,2024,WV,NC,-7.48,lower
Reading,4,2024,WV,ND,-9.64,lower
Reading,4,2024,WV,NE,-5.84,lower
Reading,4,2024,WV,NH,-15.61,lower
Reading,4,2024,WV,NJ,-15.77,lower
Reading,4,2024,WV,NM,5.23,higher
Reading,4,2024,WV,NP,-8.4,lower
Reading,4,2024,WV,NV,-7.27,lower
Reading,4,2024,WV,NY,-8.76,lower
Reading,4,2024,WV,OH,-10.12,lower
Reading,4,2024,WV,OK,-1.39,equal
Reading,4,2024,WV,OR,-1.1,equal
Reading,4,2024,WV,PA,-9.89,lower
Reading,4,2024,WV,RI,-10.43,lower
Reading,4,2024,WV,SC,-9.04,lower
Reading,4,2024,WV,SD,-8.18,lower
Reading,4,2024,WV,TN,-9.19,lower
Reading,4,2024,WV,TX,-6.05,lower
Reading,4,2024,WV,UT,-13.45,lower
Reading,4,2024,WV,VA,-8.24,lower
Reading,4,2024,WV,VT,-6.82,lower
Reading,4,2024,WV,WA,-9.85,lower
Reading,4,2024,WV,WI,-9.45,lower
Reading,4,2024,WV,WY,-16.07,lower
Reading,4,2024,WY,AK,20.35,higher
Reading,4,2024,WY,AL,8.73,higher
Reading,4,2024,WY,AR,12.24,higher
Reading,4,2024,WY,AZ,13.85,higher
Reading,4,2024,WY,CA,10.2,higher
Reading,4,2024,WY,CO,1.02,equal
Reading,4,2024,WY,CT,2.78,equal
Reading,4,2024,WY,DC,12.76,higher
Reading,4,2024,WY,DE,12.41,higher
Reading,4,2024,WY,DS,-12.26,lower
Reading,4,2024,WY,FL,3.72,equal
Reading,4,2024,WY,GA,7.58,higher
Reading,4,2024,WY,HI,6.15,higher
Reading,4,2024,WY,IA,7.32,higher
Reading,4,2024,WY,ID,6.29,higher
Reading,4,2024,WY,IL,7.69,higher
Reading,4,2024,WY,IN,1.8,equal
Reading,4,2024,WY,KS,8.82,higher
Reading,4,2024,WY,KY,3.91,equal
Reading,4,2024,WY,LA,5.97,higher
Reading,4,2024,WY,MA,-2.84,equal
Reading,4,2024,WY,MD,6.3,higher
Reading,4,2024,WY,ME,12.34,higher
Reading,4,2024,WY,MI,12.8,higher
Reading,4,2024,WY,MN,7.5,higher
Reading,4,2024,WY,MO,10.04,higher
Reading,4,2024,WY,MS,3.44,equal
Reading,4,2024,WY,MT,4.73,higher
Reading,4,2024,WY,NC,8.59,higher
Reading,4,2024,WY,ND,6.43,higher
Reading,4,2024,WY,NE,10.24,higher
Reading,4,2024,WY,NH,0.46,equal
Reading,4,2024,WY,NJ,0.31,equal
Reading,4,2024,WY,NM,21.3,higher
Reading,4,2024,WY,NP,7.67,higher
Reading,4,2024,WY,NV,8.81,higher
Reading,4,2024,WY,NY,7.31,higher
Reading,4,2024,WY,OH,5.95,higher
Reading,4,2024,WY,OK,14.68,higher
Reading,4,2024,WY,OR,14.97,higher
Reading,4,2024,WY,PA,6.18,higher
Reading,4,2024,WY,RI,5.64,higher
Reading,4,2024,WY,SC,7.03,higher
Reading,4,2024,WY,SD,7.89,higher
Reading,4,2024,WY,TN,6.88,higher
Reading,4,2024,WY,TX,10.02,higher
Reading,4,2024,WY,UT,2.62,equal
Reading,4,2024,WY,VA,7.84,higher
Reading,4,2024,WY,VT,9.26,higher
Reading,4,2024,WY,WA,6.23,higher
Reading,4,2024,WY,WI,6.63,higher
Reading,4,2024,WY,WV,16.07,higher
Reading,8,2024,AK,AL,-3.15,equal
Reading,8,2024,AK,AR,-8.33,lower
Reading,8,2024,AK,AZ,-7.89,lower
Reading,8,2024,AK,CA,-7.92,lower
Reading,8,2024,AK,CO,-18.09,lower
Reading,8,2024,AK,CT,-16.65,lower
Reading,8,2024,AK,DC,-4.85,lower
Reading,8,2024,AK,DE,-3,equal
Reading,8,2024,AK,DS,-35.67,lower
Reading,8,2024,AK,FL,-6.41,lower
Reading,8,2024,AK,GA,-12.88,lower
Reading,8,2024,AK,HI,-10.83,lower
Reading,8,2024,AK,IA,-14.25,lower
Reading,8,2024,AK,ID,-14.28,lower
Reading,8,2024,AK,IL,-15.17,lower
Reading,8,2024,AK,IN,-15.21,lower
Reading,8,2024,AK,KS,-9.04,lower
Reading,8,2024,AK,KY,-11.55,lower
Reading,8,2024,AK,LA,-10.09,lower
Reading,8,2024,AK,MA,-21.56,lower
Reading,8,2024,AK,MD,-11.87,lower
Reading,8,2024,AK,ME,-8.59,lower
Reading,8,2024,AK,MI,-8.61,lower
Reading,8,2024,AK,MN,-13.62,lower
Reading,8,2024,AK,MO,-8.83,lower
Reading,8,2024,AK,MS,-7.02,lower
Reading,8,2024,AK,MT,-14.08,lower
Reading,8,2024,AK,NC,-8.45,lower
Reading,8,2024,AK,ND,-10.94,lower
Reading,8,2024,AK,NE,-9.68,lower
Reading,8,2024,AK,NH,-17.46,lower
Reading,8,2024,AK,NJ,-19.51,lower
Reading,8,2024,AK,NM,1.39,equal
Reading,8,2024,AK,NP,-10.21,lower
Reading,8,2024,AK,NV,-6.84,lower
Reading,8,2024,AK,NY,-10.42,lower
Reading,8,2024,AK,OH,-13.97,lower
Reading,8,2024,AK,OK,-2.34,equal
Reading,8,2024,AK,OR,-8.38,lower
Reading,8,2024,AK,PA,-12.7,lower
Reading,8,2024,AK,RI,-11.32,lower
Reading,8,2024,AK,SC,-7.24,lower
Reading,8,2024,AK,SD,-13.44,lower
Reading,8,2024,AK,TN,-12.52,lower
Reading,8,2024,AK,TX,-5.82,lower
Reading,8,2024,AK,UT,-14.74,lower
Reading,8,2024,AK,VA,-9.81,lower
Reading,8,2024,AK,VT,-10.83,lower
Reading,8,2024,AK,WA,-12.82,lower
Reading,8,2024,AK,WI,-13.64,lower
Reading,8,2024,AK,WV,-0.91,equal
Reading,8,2024,AK,WY,-13.52,lower
Reading,8,2024,AL,AK,3.15,equal
Reading,8,2024,AL,AR,-5.17,lower
Reading,8,2024,AL,AZ,-4.74,equal
Reading,8,2024,AL,CA,-4.77,equal
Reading,8,2024,AL,CO,-14.94,lower
Reading,8,2024,AL,CT,-13.5,lower
Reading,8,2024,AL,DC,-1.7,equal
Reading,8,2024,AL,DE,0.15,equal
Reading,8,2024,AL,DS,-32.52,lower
Reading,8,2024,AL,FL,-3.26,equal
Reading,8,2024,AL,GA,-9.73,lower
Reading,8,2024,AL,HI,-7.68,lower
Reading,8,2024,AL,IA,-11.1,lower
Reading,8,2024,AL,ID,-11.13,lower
Reading,8,2024,AL,IL,-12.02,lower
Reading,8,2024,AL,IN,-12.06,lower
Reading,8,2024,AL,KS,-5.89,lower
Reading,8,2024,AL,KY,-8.4,lower
Reading,8,2024,AL,LA,-6.93,lower
Reading,8,2024,AL,MA,-18.41,lower
Reading,8,2024,AL,MD,-8.72,lower
Reading,8,2024,AL,ME,-5.44,lower
Reading,8,2024,AL,MI,-5.46,lower
Reading,8,2024,AL,MN,-10.47,lower
Reading,8,2024,AL,MO,-5.68,lower
Reading,8,2024,AL,MS,-3.87,equal
Reading,8,2024,AL,MT,-10.93,lower
Reading,8,2024,AL,NC,-5.3,lower
Reading,8,2024,AL,ND,-7.79,lower
Reading,8,2024,AL,NE,-6.53,lower
Reading,8,2024,AL,NH,-14.31,lower
Reading,8,2024,AL,NJ,-16.36,lower
Reading,8,2024,AL,NM,4.54,higher
Reading,8,2024,AL,NP,-7.06,lower
Reading,8,2024,AL,NV,-3.69,equal
Reading,8,2024,AL,NY,-7.27,lower
Reading,8,2024,AL,OH,-10.82,lower
Reading,8,2024,AL,OK,0.81,equal
Reading,8,2024,AL,OR,-5.23,lower
Reading,8,2024,AL,PA,-9.55,lower
Reading,8,2024,AL,RI,-8.17,lower
Reading,8,2024,AL,SC,-4.09,equal
Reading,8,2024,AL,SD,-10.29,lower
Reading,8,2024,AL,TN,-9.37,lower
Reading,8,2024,AL,TX,-2.67,equal
Reading,8,2024,AL,UT,-11.59,lower
Reading,8,2024,AL,VA,-6.66,lower
Reading,8,2024,AL,VT,-7.68,lower
Reading,8,2024,AL,WA,-9.67,lower
Reading,8,2024,AL,WI,-10.49,lower
Reading,8,2024,AL,WV,2.24,equal
Reading,8,2024,AL,WY,-10.37,lower
Reading,8,2024,AR,AK,8.33,higher
Reading,8,2024,AR,AL,5.17,higher
Reading,8,2024,AR,AZ,0.43,equal
Reading,8,2024,AR,CA,0.4,equal
Reading,8,2024,AR,CO,-9.76,lower
Reading,8,2024,AR,CT,-8.32,lower
Reading,8,2024,AR,DC,3.48,higher
Reading,8,2024,AR,DE,5.32,higher
Reading,8,2024,AR,DS,-27.35,lower
Reading,8,2024,AR,FL,1.92,equal
Reading,8,2024,AR,GA,-4.55,lower
Reading,8,2024,AR,HI,-2.51,equal
Reading,8,2024,AR,IA,-5.93,lower
Reading,8,2024,AR,ID,-5.95,lower
Reading,8,2024,AR,IL,-6.84,lower
Reading,8,2024,AR,IN,-6.88,lower
Reading,8,2024,AR,KS,-0.72,equal
Reading,8,2024,AR,KY,-3.22,equal
Reading,8,2024,AR,LA,-1.76,equal
Reading,8,2024,AR,MA,-13.24,lower
Reading,8,2024,AR,MD,-3.55,equal
Reading,8,2024,AR,ME,-0.27,equal
Reading,8,2024,AR,MI,-0.29,equal
Reading,8,2024,AR,MN,-5.29,lower
Reading,8,2024,AR,MO,-0.51,equal
Reading,8,2024,AR,MS,1.31,equal
Reading,8,2024,AR,MT,-5.76,lower
Reading,8,2024,AR,NC,-0.13,equal
Reading,8,2024,AR,ND,-2.62,equal
Reading,8,2024,AR,NE,-1.36,equal
Reading,8,2024,AR,NH,-9.14,lower
Reading,8,2024,AR,NJ,-11.19,lower
Reading,8,2024,AR,NM,9.72,higher
Reading,8,2024,AR,NP,-1.89,equal
Reading,8,2024,AR,NV,1.49,equal
Reading,8,2024,AR,NY,-2.09,equal
Reading,8,2024,AR,OH,-5.65,lower
Reading,8,2024,AR,OK,5.99,higher
Reading,8,2024,AR,OR,-0.05,equal
Reading,8,2024,AR,PA,-4.37,lower
Reading,8,2024,AR,RI,-2.99,equal
Reading,8,2024,AR,SC,1.09,equal
Reading,8,2024,AR,SD,-5.11,lower
Reading,8,2024,AR,TN,-4.19,equal
Reading,8,2024,AR,TX,2.51,equal
Reading,8,2024,AR,UT,-6.42,lower
Reading,8,2024,AR,VA,-1.48,equal
Reading,8,2024,AR,VT,-2.51,equal
Reading,8,2024,AR,WA,-4.49,lower
Reading,8,2024,AR,WI,-5.32,lower
Reading,8,2024,AR,WV,7.41,higher
Reading,8,2024,AR,WY,-5.19,lower
Reading,8,2024,AZ,AK,7.89,higher
Reading,8,2024,AZ,AL,4.74,equal
Reading,8,2024,AZ,AR,-0.43,equal
Reading,8,2024,AZ,CA,-0.03,equal
Reading,8,2024,AZ,CO,-10.19,lower
Reading,8,2024,AZ,CT,-8.75,lower
Reading,8,2024,AZ,DC,3.05,equal
Reading,8,2024,AZ,DE,4.89,higher
Reading,8,2024,AZ,DS,-27.78,lower
Reading,8,2024,AZ,FL,1.49,equal
Reading,8,2024,AZ,GA,-4.98,lower
Reading,8,2024,AZ,HI,-2.94,equal
Reading,8,2024,AZ,IA,-6.36,lower
Reading,8,2024,AZ,ID,-6.39,lower
Reading,8,2024,AZ,IL,-7.28,lower
Reading,8,2024,AZ,IN,-7.31,lower
Reading,8,2024,AZ,KS,-1.15,equal
Reading,8,2024,AZ,KY,-3.66,equal
Reading,8,2024,AZ,LA,-2.19,equal
Reading,8,2024,AZ,MA,-13.67,lower
Reading,8,2024,AZ,MD,-3.98,equal
Reading,8,2024,AZ,ME,-0.7,equal
Reading,8,2024,AZ,MI,-0.72,equal
Reading,8,2024,AZ,MN,-5.72,lower
Reading,8,2024,AZ,MO,-0.94,equal
Reading,8,2024,AZ,MS,0.88,equal
Reading,8,2024,AZ,MT,-6.19,lower
Reading,8,2024,AZ,NC,-0.56,equal
Reading,8,2024,AZ,ND,-3.05,equal
Reading,8,2024,AZ,NE,-1.79,equal
Reading,8,2024,AZ,NH,-9.57,lower
Reading,8,2024,AZ,NJ,-11.62,lower
Reading,8,2024,AZ,NM,9.29,higher
Reading,8,2024,AZ,NP,-2.32,equal
Reading,8,2024,AZ,NV,1.06,equal
Reading,8,2024,AZ,NY,-2.52,equal
Reading,8,2024,AZ,OH,-6.08,lower
Reading,8,2024,AZ,OK,5.56,higher
Reading,8,2024,AZ,OR,-0.49,equal
Reading,8,2024,AZ,PA,-4.8,equal
Reading,8,2024,AZ,RI,-3.42,equal
Reading,8,2024,AZ,SC,0.66,equal
Reading,8,2024,AZ,SD,-5.54,lower
Reading,8,2024,AZ,TN,-4.62,equal
Reading,8,2024,AZ,TX,2.08,equal
Reading,8,2024,AZ,UT,-6.85,lower
Reading,8,2024,AZ,VA,-1.91,equal
Reading,8,2024,AZ,VT,-2.94,equal
Reading,8,2024,AZ,WA,-4.93,equal
Reading,8,2024,AZ,WI,-5.75,lower
Reading,8,2024,AZ,WV,6.98,higher
Reading,8,2024,AZ,WY,-5.62,lower
Reading,8,2024,CA,AK,7.92,higher
Reading,8,2024,CA,AL,4.77,equal
Reading,8,2024,CA,AR,-0.4,equal
Reading,8,2024,CA,AZ,0.03,equal
Reading,8,2024,CA,CO,-10.16,lower
Reading,8,2024,CA,CT,-8.73,lower
Reading,8,2024,CA,DC,3.07,equal
Reading,8,2024,CA,DE,4.92,higher
Reading,8,2024,CA,DS,-27.75,lower
Reading,8,2024,CA,FL,1.51,equal
Reading,8,2024,CA,GA,-4.95,lower
Reading,8,2024,CA,HI,-2.91,equal
Reading,8,2024,CA,IA,-6.33,lower
Reading,8,2024,CA,ID,-6.36,lower
Reading,8,2024,CA,IL,-7.25,lower
Reading,8,2024,CA,IN,-7.29,lower
Reading,8,2024,CA,KS,-1.12,equal
Reading,8,2024,CA,KY,-3.63,equal
Reading,8,2024,CA,LA,-2.16,equal
Reading,8,2024,CA,MA,-13.64,lower
Reading,8,2024,CA,MD,-3.95,equal
Reading,8,2024,CA,ME,-0.67,equal
Reading,8,2024,CA,MI,-0.69,equal
Reading,8,2024,CA,MN,-5.69,lower
Reading,8,2024,CA,MO,-0.91,equal
Reading,8,2024,CA,MS,0.91,equal
Reading,8,2024,CA,MT,-6.16,lower
Reading,8,2024,CA,NC,-0.53,equal
Reading,8,2024,CA,ND,-3.02,equal
Reading,8,2024,CA,NE,-1.76,equal
Reading,8,2024,CA,NH,-9.54,lower
Reading,8,2024,CA,NJ,-11.59,lower
Reading,8,2024,CA,NM,9.32,higher
Reading,8,2024,CA,NP,-2.29,equal
Reading,8,2024,CA,NV,1.09,equal
Reading,8,2024,CA,NY,-2.5,equal
Reading,8,2024,CA,OH,-6.05,lower
Reading,8,2024,CA,OK,5.58,higher
Reading,8,2024,CA,OR,-0.46,equal
Reading,8,2024,CA,PA,-4.78,equal
Reading,8,2024,CA,RI,-3.4,equal
Reading,8,2024,CA,SC,0.68,equal
Reading,8,2024,CA,SD,-5.51,lower
Reading,8,2024,CA,TN,-4.59,equal
Reading,8,2024,CA,TX,2.1,equal
Reading,8,2024,CA,UT,-6.82,lower
Reading,8,2024,CA,VA,-1.89,equal
Reading,8,2024,CA,VT,-2.91,equal
Reading,8,2024,CA,WA,-4.9,equal
Reading,8,2024,CA,WI,-5.72,lower
Reading,8,2024,CA,WV,7.01,higher
Reading,8,2024,CA,WY,-5.6,lower
Reading,8,2024,CO,AK,18.09,higher
Reading,8,2024,CO,AL,14.94,higher
Reading,8,2024,CO,AR,9.76,higher
Reading,8,2024,CO,AZ,10.19,higher
Reading,8,2024,CO,CA,10.16,higher
Reading,8,2024,CO,CT,1.44,equal
Reading,8,2024,CO,DC,13.24,higher
Reading,8,2024,CO,DE,15.09,higher
Reading,8,2024,CO,DS,-17.58,lower
Reading,8,2024,CO,FL,11.68,higher
Reading,8,2024,CO,GA,5.21,higher
Reading,8,2024,CO,HI,7.25,higher
Reading,8,2024,CO,IA,3.84,equal
Reading,8,2024,CO,ID,3.81,equal
Reading,8,2024,CO,IL,2.92,equal
Reading,8,2024,CO,IN,2.88,equal
Reading,8,2024,CO,KS,9.05,higher
Reading,8,2024,CO,KY,6.54,higher
Reading,8,2024,CO,LA,8,higher
Reading,8,2024,CO,MA,-3.47,equal
Reading,8,2024,CO,MD,6.21,higher
Reading,8,2024,CO,ME,9.49,higher
Reading,8,2024,CO,MI,9.47,higher
Reading,8,2024,CO,MN,4.47,higher
Reading,8,2024,CO,MO,9.26,higher
Reading,8,2024,CO,MS,11.07,higher
Reading,8,2024,CO,MT,4,equal
Reading,8,2024,CO,NC,9.64,higher
Reading,8,2024,CO,ND,7.15,higher
Reading,8,2024,CO,NE,8.4,higher
Reading,8,2024,CO,NH,0.62,equal
Reading,8,2024,CO,NJ,-1.43,equal
Reading,8,2024,CO,NM,19.48,higher
Reading,8,2024,CO,NP,7.87,higher
Reading,8,2024,CO,NV,11.25,higher
Reading,8,2024,CO,NY,7.67,higher
Reading,8,2024,CO,OH,4.12,equal
Reading,8,2024,CO,OK,15.75,higher
Reading,8,2024,CO,OR,9.71,higher
Reading,8,2024,CO,PA,5.39,higher
Reading,8,2024,CO,RI,6.77,higher
Reading,8,2024,CO,SC,10.85,higher
Reading,8,2024,CO,SD,4.65,higher
Reading,8,2024,CO,TN,5.57,higher
Reading,8,2024,CO,TX,12.27,higher
Reading,8,2024,CO,UT,3.34,equal
Reading,8,2024,CO,VA,8.28,higher
Reading,8,2024,CO,VT,7.25,higher
Reading,8,2024,CO,WA,5.27,higher
Reading,8,2024,CO,WI,4.45,equal
Reading,8,2024,CO,WV,17.18,higher
Reading,8,2024,CO,WY,4.57,higher
Reading,8,2024,CT,AK,16.65,higher
Reading,8,2024,CT,AL,13.5,higher
Reading,8,2024,CT,AR,8.32,higher
Reading,8,2024,CT,AZ,8.75,higher
Reading,8,2024,CT,CA,8.73,higher
Reading,8,2024,CT,CO,-1.44,equal
Reading,8,2024,CT,DC,11.8,higher
Reading,8,2024,CT,DE,13.65,higher
Reading,8,2024,CT,DS,-19.02,lower
Reading,8,2024,CT,FL,10.24,higher
Reading,8,2024,CT,GA,3.77,equal
Reading,8,2024,CT,HI,5.81,higher
Reading,8,2024,CT,IA,2.4,equal
Reading,8,2024,CT,ID,2.37,equal
Reading,8,2024,CT,IL,1.48,equal
Reading,8,2024,CT,IN,1.44,equal
Reading,8,2024,CT,KS,7.61,higher
Reading,8,2024,CT,KY,5.1,higher
Reading,8,2024,CT,LA,6.56,higher
Reading,8,2024,CT,MA,-4.91,lower
Reading,8,2024,CT,MD,4.77,higher
Reading,8,2024,CT,ME,8.05,higher
Reading,8,2024,CT,MI,8.04,higher
Reading,8,2024,CT,MN,3.03,equal
Reading,8,2024,CT,MO,7.82,higher
Reading,8,2024,CT,MS,9.63,higher
Reading,8,2024,CT,MT,2.57,equal
Reading,8,2024,CT,NC,8.2,higher
Reading,8,2024,CT,ND,5.71,higher
Reading,8,2024,CT,NE,6.96,higher
Reading,8,2024,CT,NH,-0.82,equal
Reading,8,2024,CT,NJ,-2.87,equal
Reading,8,2024,CT,NM,18.04,higher
Reading,8,2024,CT,NP,6.43,higher
Reading,8,2024,CT,NV,9.81,higher
Reading,8,2024,CT,NY,6.23,equal
Reading,8,2024,CT,OH,2.68,equal
Reading,8,2024,CT,OK,14.31,higher
Reading,8,2024,CT,OR,8.27,higher
Reading,8,2024,CT,PA,3.95,equal
Reading,8,2024,CT,RI,5.33,higher
Reading,8,2024,CT,SC,9.41,higher
Reading,8,2024,CT,SD,3.21,equal
Reading,8,2024,CT,TN,4.13,equal
Reading,8,2024,CT,TX,10.83,higher
Reading,8,2024,CT,UT,1.9,equal
Reading,8,2024,CT,VA,6.84,higher
Reading,8,2024,CT,VT,5.81,higher
Reading,8,2024,CT,WA,3.83,equal
Reading,8,2024,CT,WI,3.01,equal
Reading,8,2024,CT,WV,15.74,higher
Reading,8,2024,CT,WY,3.13,equal
Reading,8,2024,DC,AK,4.85,higher
Reading,8,2024,DC,AL,1.7,equal
Reading,8,2024,DC,AR,-3.48,lower
Reading,8,2024,DC,AZ,-3.05,equal
Reading,8,2024,DC,CA,-3.07,equal
Reading,8,2024,DC,CO,-13.24,lower
Reading,8,2024,DC,CT,-11.8,lower
Reading,8,2024,DC,DE,1.85,equal
Reading,8,2024,DC,DS,-30.82,lower
Reading,8,2024,DC,FL,-1.56,equal
Reading,8,2024,DC,GA,-8.03,lower
Reading,8,2024,DC,HI,-5.99,lower
Reading,8,2024,DC,IA,-9.4,lower
Reading,8,2024,DC,ID,-9.43,lower
Reading,8,2024,DC,IL,-10.32,lower
Reading,8,2024,DC,IN,-10.36,lower
Reading,8,2024,DC,KS,-4.19,lower
Reading,8,2024,DC,KY,-6.7,lower
Reading,8,2024,DC,LA,-5.24,lower
Reading,8,2024,DC,MA,-16.71,lower
Reading,8,2024,DC,MD,-7.03,lower
Reading,8,2024,DC,ME,-3.75,lower
Reading,8,2024,DC,MI,-3.76,lower
Reading,8,2024,DC,MN,-8.77,lower
Reading,8,2024,DC,MO,-3.98,lower
Reading,8,2024,DC,MS,-2.17,equal
Reading,8,2024,DC,MT,-9.23,lower
Reading,8,2024,DC,NC,-3.6,lower
Reading,8,2024,DC,ND,-6.09,lower
Reading,8,2024,DC,NE,-4.83,lower
Reading,8,2024,DC,NH,-12.62,lower
Reading,8,2024,DC,NJ,-14.66,lower
Reading,8,2024,DC,NM,6.24,higher
Reading,8,2024,DC,NP,-5.37,lower
Reading,8,2024,DC,NV,-1.99,equal
Reading,8,2024,DC,NY,-5.57,equal
Reading,8,2024,DC,OH,-9.12,lower
Reading,8,2024,DC,OK,2.51,equal
Reading,8,2024,DC,OR,-3.53,lower
Reading,8,2024,DC,PA,-7.85,lower
Reading,8,2024,DC,RI,-6.47,lower
Reading,8,2024,DC,SC,-2.39,equal
Reading,8,2024,DC,SD,-8.59,lower
Reading,8,2024,DC,TN,-7.67,lower
Reading,8,2024,DC,TX,-0.97,equal
Reading,8,2024,DC,UT,-9.9,lower
Reading,8,2024,DC,VA,-4.96,lower
Reading,8,2024,DC,VT,-5.99,lower
Reading,8,2024,DC,WA,-7.97,lower
Reading,8,2024,DC,WI,-8.79,lower
Reading,8,2024,DC,WV,3.94,higher
Reading,8,2024,DC,WY,-8.67,lower
Reading,8,2024,DE,AK,3,equal
Reading,8,2024,DE,AL,-0.15,equal
Reading,8,2024,DE,AR,-5.32,lower
Reading,8,2024,DE,AZ,-4.89,lower
Reading,8,2024,DE,CA,-4.92,lower
Reading,8,2024,DE,CO,-15.09,lower
Reading,8,2024,DE,CT,-13.65,lower
Reading,8,2024,DE,DC,-1.85,equal
Reading,8,2024,DE,DS,-32.67,lower
Reading,8,2024,DE,FL,-3.41,lower
Reading,8,2024,DE,GA,-9.88,lower
Reading,8,2024,DE,HI,-7.83,lower
Reading,8,2024,DE,IA,-11.25,lower
Reading,8,2024,DE,ID,-11.28,lower
Reading,8,2024,DE,IL,-12.17,lower
Reading,8,2024,DE,IN,-12.21,lower
Reading,8,2024,DE,KS,-6.04,lower
Reading,8,2024,DE,KY,-8.55,lower
Reading,8,2024,DE,LA,-7.08,lower
Reading,8,2024,DE,MA,-18.56,lower
Reading,8,2024,DE,MD,-8.87,lower
Reading,8,2024,DE,ME,-5.59,lower
Reading,8,2024,DE,MI,-5.61,lower
Reading,8,2024,DE,MN,-10.61,lower
Reading,8,2024,DE,MO,-5.83,lower
Reading,8,2024,DE,MS,-4.02,lower
Reading,8,2024,DE,MT,-11.08,lower
Reading,8,2024,DE,NC,-5.45,lower
Reading,8,2024,DE,ND,-7.94,lower
Reading,8,2024,DE,NE,-6.68,lower
Reading,8,2024,DE,NH,-14.46,lower
Reading,8,2024,DE,NJ,-16.51,lower
Reading,8,2024,DE,NM,4.4,higher
Reading,8,2024,DE,NP,-7.21,lower
Reading,8,2024,DE,NV,-3.84,equal
Reading,8,2024,DE,NY,-7.42,lower
Reading,8,2024,DE,OH,-10.97,lower
Reading,8,2024,DE,OK,0.66,equal
Reading,8,2024,DE,OR,-5.38,lower
Reading,8,2024,DE,PA,-9.7,lower
Reading,8,2024,DE,RI,-8.32,lower
Reading,8,2024,DE,SC,-4.24,lower
Reading,8,2024,DE,SD,-10.43,lower
Reading,8,2024,DE,TN,-9.51,lower
Reading,8,2024,DE,TX,-2.82,equal
Reading,8,2024,DE,UT,-11.74,lower
Reading,8,2024,DE,VA,-6.81,lower
Reading,8,2024,DE,VT,-7.83,lower
Reading,8,2024,DE,WA,-9.82,lower
Reading,8,2024,DE,WI,-10.64,lower
Reading,8,2024,DE,WV,2.09,equal
Reading,8,2024,DE,WY,-10.52,lower
Reading,8,2024,DS,AK,35.67,higher
Reading,8,2024,DS,AL,32.52,higher
Reading,8,2024,DS,AR,27.35,higher
Reading,8,2024,DS,AZ,27.78,higher
Reading,8,2024,DS,CA,27.75,higher
Reading,8,2024,DS,CO,17.58,higher
Reading,8,2024,DS,CT,19.02,higher
Reading,8,2024,DS,DC,30.82,higher
Reading,8,2024,DS,DE,32.67,higher
Reading,8,2024,DS,FL,29.26,higher
Reading,8,2024,DS,GA,22.79,higher
Reading,8,2024,DS,HI,24.84,higher
Reading,8,2024,DS,IA,21.42,higher
Reading,8,2024,DS,ID,21.39,higher
Reading,8,2024,DS,IL,20.5,higher
Reading,8,2024,DS,IN,20.46,higher
Reading,8,2024,DS,KS,26.63,higher
Reading,8,2024,DS,KY,24.12,higher
Reading,8,2024,DS,LA,25.59,higher
Reading,8,2024,DS,MA,14.11,higher
Reading,8,2024,DS,MD,23.8,higher
Reading,8,2024,DS,ME,27.08,higher
Reading,8,2024,DS,MI,27.06,higher
Reading,8,2024,DS,MN,22.06,higher
Reading,8,2024,DS,MO,26.84,higher
Reading,8,2024,DS,MS,28.66,higher
Reading,8,2024,DS,MT,21.59,higher
Reading,8,2024,DS,NC,27.22,higher
Reading,8,2024,DS,ND,24.73,higher
Reading,8,2024,DS,NE,25.99,higher
Reading,8,2024,DS,NH,18.21,higher
Reading,8,2024,DS,NJ,16.16,higher
Reading,8,2024,DS,NM,37.07,higher
Reading,8,2024,DS,NP,25.46,higher
Reading,8,2024,DS,NV,28.84,higher
Reading,8,2024,DS,NY,25.25,higher
Reading,8,2024,DS,OH,21.7,higher
Reading,8,2024,DS,OK,33.33,higher
Reading,8,2024,DS,OR,27.29,higher
Reading,8,2024,DS,PA,22.97,higher
Reading,8,2024,DS,RI,24.35,higher
Reading,8,2024,DS,SC,28.43,higher
Reading,8,2024,DS,SD,22.24,higher
Reading,8,2024,DS,TN,23.16,higher
Reading,8,2024,DS,TX,29.85,higher
Reading,8,2024,DS,UT,20.93,higher
Reading,8,2024,DS,VA,25.86,higher
Reading,8,2024,DS,VT,24.84,higher
Reading,8,2024,DS,WA,22.85,higher
Reading,8,2024,DS,WI,22.03,higher
Reading,8,2024,DS,WV,34.76,higher
Reading,8,2024,DS,WY,22.15,higher
Reading,8,2024,FL,AK,6.41,higher
Reading,8,2024,FL,AL,3.26,equal
Reading,8,2024,FL,AR,-1.92,equal
Reading,8,2024,FL,AZ,-1.49,equal
Reading,8,2024,FL,CA,-1.51,equal
Reading,8,2024,FL,CO,-11.68,lower
Reading,8,2024,FL,CT,-10.24,lower
Reading,8,2024,FL,DC,1.56,equal
Reading,8,2024,FL,DE,3.41,higher
Reading,8,2024,FL,DS,-29.26,lower
Reading,8,2024,FL,GA,-6.47,lower
Reading,8,2024,FL,HI,-4.43,lower
Reading,8,2024,FL,IA,-7.84,lower
Reading,8,2024,FL,ID,-7.87,lower
Reading,8,2024,FL,IL,-8.76,lower
Reading,8,2024,FL,IN,-8.8,lower
Reading,8,2024,FL,KS,-2.63,equal
Reading,8,2024,FL,KY,-5.14,lower
Reading,8,2024,FL,LA,-3.68,equal
Reading,8,2024,FL,MA,-15.15,lower
Reading,8,2024,FL,MD,-5.47,lower
Reading,8,2024,FL,ME,-2.19,equal
Reading,8,2024,FL,MI,-2.2,equal
Reading,8,2024,FL,MN,-7.21,lower
Reading,8,2024,FL,MO,-2.42,equal
Reading,8,2024,FL,MS,-0.61,equal
Reading,8,2024,FL,MT,-7.67,lower
Reading,8,2024,FL,NC,-2.04,equal
Reading,8,2024,FL,ND,-4.53,lower
Reading,8,2024,FL,NE,-3.27,equal
Reading,8,2024,FL,NH,-11.06,lower
Reading,8,2024,FL,NJ,-13.1,lower
Reading,8,2024,FL,NM,7.8,higher
Reading,8,2024,FL,NP,-3.8,lower
Reading,8,2024,FL,NV,-0.43,equal
Reading,8,2024,FL,NY,-4.01,equal
Reading,8,2024,FL,OH,-7.56,lower
Reading,8,2024,FL,OK,4.07,equal
Reading,8,2024,FL,OR,-1.97,equal
Reading,8,2024,FL,PA,-6.29,lower
Reading,8,2024,FL,RI,-4.91,lower
Reading,8,2024,FL,SC,-0.83,equal
Reading,8,2024,FL,SD,-7.03,lower
Reading,8,2024,FL,TN,-6.11,lower
Reading,8,2024,FL,TX,0.59,equal
Reading,8,2024,FL,UT,-8.34,lower
Reading,8,2024,FL,VA,-3.4,equal
Reading,8,2024,FL,VT,-4.43,lower
Reading,8,2024,FL,WA,-6.41,lower
Reading,8,2024,FL,WI,-7.23,lower
Reading,8,2024,FL,WV,5.5,higher
Reading,8,2024,FL,WY,-7.11,lower
Reading,8,2024,GA,AK,12.88,higher
Reading,8,2024,GA,AL,9.73,higher
Reading,8,2024,GA,AR,4.55,higher
Reading,8,2024,GA,AZ,4.98,higher
Reading,8,2024,GA,CA,4.95,higher
Reading,8,2024,GA,CO,-5.21,lower
Reading,8,2024,GA,CT,-3.77,equal
Reading,8,2024,GA,DC,8.03,higher
Reading,8,2024,GA,DE,9.88,higher
Reading,8,2024,GA,DS,-22.79,lower
Reading,8,2024,GA,FL,6.47,higher
Reading,8,2024,GA,HI,2.04,equal
Reading,8,2024,GA,IA,-1.37,equal
Reading,8,2024,GA,ID,-1.4,equal
Reading,8,2024,GA,IL,-2.29,equal
Reading,8,2024,GA,IN,-2.33,equal
Reading,8,2024,GA,KS,3.84,equal
Reading,8,2024,GA,KY,1.33,equal
Reading,8,2024,GA,LA,2.79,equal
Reading,8,2024,GA,MA,-8.68,lower
Reading,8,2024,GA,MD,1,equal
Reading,8,2024,GA,ME,4.28,higher
Reading,8,2024,GA,MI,4.26,higher
Reading,8,2024,GA,MN,-0.74,equal
Reading,8,2024,GA,MO,4.05,higher
Reading,8,2024,GA,MS,5.86,higher
Reading,8,2024,GA,MT,-1.21,equal
Reading,8,2024,GA,NC,4.43,higher
Reading,8,2024,GA,ND,1.94,equal
Reading,8,2024,GA,NE,3.19,equal
Reading,8,2024,GA,NH,-4.59,lower
Reading,8,2024,GA,NJ,-6.64,lower
Reading,8,2024,GA,NM,14.27,higher
Reading,8,2024,GA,NP,2.66,equal
Reading,8,2024,GA,NV,6.04,higher
Reading,8,2024,GA,NY,2.46,equal
Reading,8,2024,GA,OH,-1.09,equal
Reading,8,2024,GA,OK,10.54,higher
Reading,8,2024,GA,OR,4.5,higher
Reading,8,2024,GA,PA,0.18,equal
Reading,8,2024,GA,RI,1.56,equal
Reading,8,2024,GA,SC,5.64,higher
Reading,8,2024,GA,SD,-0.56,equal
Reading,8,2024,GA,TN,0.36,equal
Reading,8,2024,GA,TX,7.06,higher
Reading,8,2024,GA,UT,-1.87,equal
Reading,8,2024,GA,VA,3.07,equal
Reading,8,2024,GA,VT,2.04,equal
Reading,8,2024,GA,WA,0.06,equal
Reading,8,2024,GA,WI,-0.76,equal
Reading,8,2024,GA,WV,11.97,higher
Reading,8,2024,GA,WY,-0.64,equal
Reading,8,2024,HI,AK,10.83,higher
Reading,8,2024,HI,AL,7.68,higher
Reading,8,2024,HI,AR,2.51,equal
Reading,8,2024,HI,AZ,2.94,equal
Reading,8,2024,HI,CA,2.91,equal
Reading,8,2024,HI,CO,-7.25,lower
Reading,8,2024,HI,CT,-5.81,lower
Reading,8,2024,HI,DC,5.99,higher
Reading,8,2024,HI,DE,7.83,higher
Reading,8,2024,HI,DS,-24.84,lower
Reading,8,2024,HI,FL,4.43,higher
Reading,8,2024,HI,GA,-2.04,equal
Reading,8,2024,HI,IA,-3.42,lower
Reading,8,2024,HI,ID,-3.44,lower
Reading,8,2024,HI,IL,-4.34,lower
Reading,8,2024,HI,IN,-4.37,lower
Reading,8,2024,HI,KS,1.79,equal
Reading,8,2024,HI,KY,-0.72,equal
Reading,8,2024,HI,LA,0.75,equal
Reading,8,2024,HI,MA,-10.73,lower
Reading,8,2024,HI,MD,-1.04,equal
Reading,8,2024,HI,ME,2.24,equal
Reading,8,2024,HI,MI,2.22,equal
Reading,8,2024,HI,MN,-2.78,equal
Reading,8,2024,HI,MO,2,equal
Reading,8,2024,HI,MS,3.82,higher
Reading,8,2024,HI,MT,-3.25,equal
Reading,8,2024,HI,NC,2.38,equal
Reading,8,2024,HI,ND,-0.11,equal
Reading,8,2024,HI,NE,1.15,equal
Reading,8,2024,HI,NH,-6.63,lower
Reading,8,2024,HI,NJ,-8.68,lower
Reading,8,2024,HI,NM,12.23,higher
Reading,8,2024,HI,NP,0.62,equal
Reading,8,2024,HI,NV,4,higher
Reading,8,2024,HI,NY,0.42,equal
Reading,8,2024,HI,OH,-3.14,equal
Reading,8,2024,HI,OK,8.5,higher
Reading,8,2024,HI,OR,2.45,equal
Reading,8,2024,HI,PA,-1.86,equal
Reading,8,2024,HI,RI,-0.48,equal
Reading,8,2024,HI,SC,3.6,higher
Reading,8,2024,HI,SD,-2.6,equal
Reading,8,2024,HI,TN,-1.68,equal
Reading,8,2024,HI,TX,5.02,higher
Reading,8,2024,HI,UT,-3.91,lower
Reading,8,2024,HI,VA,1.03,equal
Reading,8,2024,HI,VT,0,equal
Reading,8,2024,HI,WA,-1.99,equal
Reading,8,2024,HI,WI,-2.81,equal
Reading,8,2024,HI,WV,9.92,higher
Reading,8,2024,HI,WY,-2.68,equal
Reading,8,2024,IA,AK,14.25,higher
Reading,8,2024,IA,AL,11.1,higher
Reading,8,2024,IA,AR,5.93,higher
Reading,8,2024,IA,AZ,6.36,higher
Reading,8,2024,IA,CA,6.33,higher
Reading,8,2024,IA,CO,-3.84,equal
Reading,8,2024,IA,CT,-2.4,equal
Reading,8,2024,IA,DC,9.4,higher
Reading,8,2024,IA,DE,11.25,higher
Reading,8,2024,IA,DS,-21.42,lower
Reading,8,2024,IA,FL,7.84,higher
Reading,8,2024,IA,GA,1.37,equal
Reading,8,2024,IA,HI,3.42,higher
Reading,8,2024,IA,ID,-0.03,equal
Reading,8,2024,IA,IL,-0.92,equal
Reading,8,2024,IA,IN,-0.96,equal
Reading,8,2024,IA,KS,5.21,higher
Reading,8,2024,IA,KY,2.7,equal
Reading,8,2024,IA,LA,4.17,equal
Reading,8,2024,IA,MA,-7.31,lower
Reading,8,2024,IA,MD,2.38,equal
Reading,8,2024,IA,ME,5.66,higher
Reading,8,2024,IA,MI,5.64,higher
Reading,8,2024,IA,MN,0.63,equal
Reading,8,2024,IA,MO,5.42,higher
Reading,8,2024,IA,MS,7.23,higher
Reading,8,2024,IA,MT,0.17,equal
Reading,8,2024,IA,NC,5.8,higher
Reading,8,2024,IA,ND,3.31,higher
Reading,8,2024,IA,NE,4.57,higher
Reading,8,2024,IA,NH,-3.21,equal
Reading,8,2024,IA,NJ,-5.26,lower
Reading,8,2024,IA,NM,15.64,higher
Reading,8,2024,IA,NP,4.04,higher
Reading,8,2024,IA,NV,7.41,higher
Reading,8,2024,IA,NY,3.83,equal
Reading,8,2024,IA,OH,0.28,equal
Reading,8,2024,IA,OK,11.91,higher
Reading,8,2024,IA,OR,5.87,higher
Reading,8,2024,IA,PA,1.55,equal
Reading,8,2024,IA,RI,2.93,equal
Reading,8,2024,IA,SC,7.01,higher
Reading,8,2024,IA,SD,0.81,equal
Reading,8,2024,IA,TN,1.74,equal
Reading,8,2024,IA,TX,8.43,higher
Reading,8,2024,IA,UT,-0.49,equal
Reading,8,2024,IA,VA,4.44,higher
Reading,8,2024,IA,VT,3.42,equal
Reading,8,2024,IA,WA,1.43,equal
Reading,8,2024,IA,WI,0.61,equal
Reading,8,2024,IA,WV,13.34,higher
Reading,8,2024,IA,WY,0.73,equal
Reading,8,2024,ID,AK,14.28,higher
Reading,8,2024,ID,AL,11.13,higher
Reading,8,2024,ID,AR,5.95,higher
Reading,8,2024,ID,AZ,6.39,higher
Reading,8,2024,ID,CA,6.36,higher
Reading,8,2024,ID,CO,-3.81,equal
Reading,8,2024,ID,CT,-2.37,equal
Reading,8,2024,ID,DC,9.43,higher
Reading,8,2024,ID,DE,11.28,higher
Reading,8,2024,ID,DS,-21.39,lower
Reading,8,2024,ID,FL,7.87,higher
Reading,8,2024,ID,GA,1.4,equal
Reading,8,2024,ID,HI,3.44,higher
Reading,8,2024,ID,IA,0.03,equal
Reading,8,2024,ID,IL,-0.89,equal
Reading,8,2024,ID,IN,-0.93,equal
Reading,8,2024,ID,KS,5.24,higher
Reading,8,2024,ID,KY,2.73,equal
Reading,8,2024,ID,LA,4.19,equal
Reading,8,2024,ID,MA,-7.28,lower
Reading,8,2024,ID,MD,2.4,equal
Reading,8,2024,ID,ME,5.69,higher
Reading,8,2024,ID,MI,5.67,higher
Reading,8,2024,ID,MN,0.66,equal
Reading,8,2024,ID,MO,5.45,higher
Reading,8,2024,ID,MS,7.26,higher
Reading,8,2024,ID,MT,0.2,equal
Reading,8,2024,ID,NC,5.83,higher
Reading,8,2024,ID,ND,3.34,higher
Reading,8,2024,ID,NE,4.6,higher
Reading,8,2024,ID,NH,-3.18,equal
Reading,8,2024,ID,NJ,-5.23,lower
Reading,8,2024,ID,NM,15.67,higher
Reading,8,2024,ID,NP,4.07,higher
Reading,8,2024,ID,NV,7.44,higher
Reading,8,2024,ID,NY,3.86,equal
Reading,8,2024,ID,OH,0.31,equal
Reading,8,2024,ID,OK,11.94,higher
Reading,8,2024,ID,OR,5.9,higher
Reading,8,2024,ID,PA,1.58,equal
Reading,8,2024,ID,RI,2.96,equal
Reading,8,2024,ID,SC,7.04,higher
Reading,8,2024,ID,SD,0.84,equal
Reading,8,2024,ID,TN,1.76,equal
Reading,8,2024,ID,TX,8.46,higher
Reading,8,2024,ID,UT,-0.47,equal
Reading,8,2024,ID,VA,4.47,higher
Reading,8,2024,ID,VT,3.45,equal
Reading,8,2024,ID,WA,1.46,equal
Reading,8,2024,ID,WI,0.64,equal
Reading,8,2024,ID,WV,13.37,higher
Reading,8,2024,ID,WY,0.76,equal
Reading,8,2024,IL,AK,15.17,higher
Reading,8,2024,IL,AL,12.02,higher
Reading,8,2024,IL,AR,6.84,higher
Reading,8,2024,IL,AZ,7.28,higher
Reading,8,2024,IL,CA,7.25,higher
Reading,8,2024,IL,CO,-2.92,equal
Reading,8,2024,IL,CT,-1.48,equal
Reading,8,2024,IL,DC,10.32,higher
Reading,8,2024,IL,DE,12.17,higher
Reading,8,2024,IL,DS,-20.5,lower
Reading,8,2024,IL,FL,8.76,higher
Reading,8,2024,IL,GA,2.29,equal
Reading,8,2024,IL,HI,4.34,higher
Reading,8,2024,IL,IA,0.92,equal
Reading,8,2024,IL,ID,0.89,equal
Reading,8,2024,IL,IN,-0.04,equal
Reading,8,2024,IL,KS,6.13,higher
Reading,8,2024,IL,KY,3.62,equal
Reading,8,2024,IL,LA,5.09,higher
Reading,8,2024,IL,MA,-6.39,lower
Reading,8,2024,IL,MD,3.3,equal
Reading,8,2024,IL,ME,6.58,higher
Reading,8,2024,IL,MI,6.56,higher
Reading,8,2024,IL,MN,1.55,equal
Reading,8,2024,IL,MO,6.34,higher
Reading,8,2024,IL,MS,8.15,higher
Reading,8,2024,IL,MT,1.09,equal
Reading,8,2024,IL,NC,6.72,higher
Reading,8,2024,IL,ND,4.23,higher
Reading,8,2024,IL,NE,5.49,higher
Reading,8,2024,IL,NH,-2.29,equal
Reading,8,2024,IL,NJ,-4.34,equal
Reading,8,2024,IL,NM,16.56,higher
Reading,8,2024,IL,NP,4.96,higher
Reading,8,2024,IL,NV,8.33,higher
Reading,8,2024,IL,NY,4.75,equal
Reading,8,2024,IL,OH,1.2,equal
Reading,8,2024,IL,OK,12.83,higher
Reading,8,2024,IL,OR,6.79,higher
Reading,8,2024,IL,PA,2.47,equal
Reading,8,2024,IL,RI,3.85,higher
Reading,8,2024,IL,SC,7.93,higher
Reading,8,2024,IL,SD,1.73,equal
Reading,8,2024,IL,TN,2.65,equal
Reading,8,2024,IL,TX,9.35,higher
Reading,8,2024,IL,UT,0.43,equal
Reading,8,2024,IL,VA,5.36,higher
Reading,8,2024,IL,VT,4.34,higher
Reading,8,2024,IL,WA,2.35,equal
Reading,8,2024,IL,WI,1.53,equal
Reading,8,2024,IL,WV,14.26,higher
Reading,8,2024,IL,WY,1.65,equal
Reading,8,2024,IN,AK,15.21,higher
Reading,8,2024,IN,AL,12.06,higher
Reading,8,2024,IN,AR,6.88,higher
Reading,8,2024,IN,AZ,7.31,higher
Reading,8,2024,IN,CA,7.29,higher
Reading,8,2024,IN,CO,-2.88,equal
Reading,8,2024,IN,CT,-1.44,equal
Reading,8,2024,IN,DC,10.36,higher
Reading,8,2024,IN,DE,12.21,higher
Reading,8,2024,IN,DS,-20.46,lower
Reading,8,2024,IN,FL,8.8,higher
Reading,8,2024,IN,GA,2.33,equal
Reading,8,2024,IN,HI,4.37,higher
Reading,8,2024,IN,IA,0.96,equal
Reading,8,2024,IN,ID,0.93,equal
Reading,8,2024,IN,IL,0.04,equal
Reading,8,2024,IN,KS,6.17,higher
Reading,8,2024,IN,KY,3.66,equal
Reading,8,2024,IN,LA,5.12,higher
Reading,8,2024,IN,MA,-6.35,lower
Reading,8,2024,IN,MD,3.33,equal
Reading,8,2024,IN,ME,6.61,higher
Reading,8,2024,IN,MI,6.6,higher
Reading,8,2024,IN,MN,1.59,equal
Reading,8,2024,IN,MO,6.38,higher
Reading,8,2024,IN,MS,8.19,higher
Reading,8,2024,IN,MT,1.13,equal
Reading,8,2024,IN,NC,6.76,higher
Reading,8,2024,IN,ND,4.27,higher
Reading,8,2024,IN,NE,5.53,higher
Reading,8,2024,IN,NH,-2.26,equal
Reading,8,2024,IN,NJ,-4.3,equal
Reading,8,2024,IN,NM,16.6,higher
Reading,8,2024,IN,NP,5,higher
Reading,8,2024,IN,NV,8.37,higher
Reading,8,2024,IN,NY,4.79,equal
Reading,8,2024,IN,OH,1.24,equal
Reading,8,2024,IN,OK,12.87,higher
Reading,8,2024,IN,OR,6.83,higher
Reading,8,2024,IN,PA,2.51,equal
Reading,8,2024,IN,RI,3.89,higher
Reading,8,2024,IN,SC,7.97,higher
Reading,8,2024,IN,SD,1.77,equal
Reading,8,2024,IN,TN,2.69,equal
Reading,8,2024,IN,TX,9.39,higher
Reading,8,2024,IN,UT,0.46,equal
Reading,8,2024,IN,VA,5.4,higher
Reading,8,2024,IN,VT,4.37,higher
Reading,8,2024,IN,WA,2.39,equal
Reading,8,2024,IN,WI,1.57,equal
Reading,8,2024,IN,WV,14.3,higher
Reading,8,2024,IN,WY,1.69,equal
Reading,8,2024,KS,AK,9.04,higher
Reading,8,2024,KS,AL,5.89,higher
Reading,8,2024,KS,AR,0.72,equal
Reading,8,2024,KS,AZ,1.15,equal
Reading,8,2024,KS,CA,1.12,equal
Reading,8,2024,KS,CO,-9.05,lower
Reading,8,2024,KS,CT,-7.61,lower
Reading,8,2024,KS,DC,4.19,higher
Reading,8,2024,KS,DE,6.04,higher
Reading,8,2024,KS,DS,-26.63,lower
Reading,8,2024,KS,FL,2.63,equal
Reading,8,2024,KS,GA,-3.84,equal
Reading,8,2024,KS,HI,-1.79,equal
Reading,8,2024,KS,IA,-5.21,lower
Reading,8,2024,KS,ID,-5.24,lower
Reading,8,2024,KS,IL,-6.13,lower
Reading,8,2024,KS,IN,-6.17,lower
Reading,8,2024,KS,KY,-2.51,equal
Reading,8,2024,KS,LA,-1.04,equal
Reading,8,2024,KS,MA,-12.52,lower
Reading,8,2024,KS,MD,-2.83,equal
Reading,8,2024,KS,ME,0.45,equal
Reading,8,2024,KS,MI,0.43,equal
Reading,8,2024,KS,MN,-4.58,lower
Reading,8,2024,KS,MO,0.21,equal
Reading,8,2024,KS,MS,2.02,equal
Reading,8,2024,KS,MT,-5.04,lower
Reading,8,2024,KS,NC,0.59,equal
Reading,8,2024,KS,ND,-1.9,equal
Reading,8,2024,KS,NE,-0.64,equal
Reading,8,2024,KS,NH,-8.42,lower
Reading,8,2024,KS,NJ,-10.47,lower
Reading,8,2024,KS,NM,10.43,higher
Reading,8,2024,KS,NP,-1.17,equal
Reading,8,2024,KS,NV,2.2,equal
Reading,8,2024,KS,NY,-1.38,equal
Reading,8,2024,KS,OH,-4.93,lower
Reading,8,2024,KS,OK,6.7,higher
Reading,8,2024,KS,OR,0.66,equal
Reading,8,2024,KS,PA,-3.66,equal
Reading,8,2024,KS,RI,-2.28,equal
Reading,8,2024,KS,SC,1.8,equal
Reading,8,2024,KS,SD,-4.4,lower
Reading,8,2024,KS,TN,-3.48,equal
Reading,8,2024,KS,TX,3.22,equal
Reading,8,2024,KS,UT,-5.7,lower
Reading,8,2024,KS,VA,-0.77,equal
Reading,8,2024,KS,VT,-1.79,equal
Reading,8,2024,KS,WA,-3.78,equal
Reading,8,2024,KS,WI,-4.6,lower
Reading,8,2024,KS,WV,8.13,higher
Reading,8,2024,KS,WY,-4.48,lower
Reading,8,2024,KY,AK,11.55,higher
Reading,8,2024,KY,AL,8.4,higher
Reading,8,2024,KY,AR,3.22,equal
Reading,8,2024,KY,AZ,3.66,equal
Reading,8,2024,KY,CA,3.63,equal
Reading,8,2024,KY,CO,-6.54,lower
Reading,8,2024,KY,CT,-5.1,lower
Reading,8,2024,KY,DC,6.7,higher
Reading,8,2024,KY,DE,8.55,higher
Reading,8,2024,KY,DS,-24.12,lower
Reading,8,2024,KY,FL,5.14,higher
Reading,8,2024,KY,GA,-1.33,equal
Reading,8,2024,KY,HI,0.72,equal
Reading,8,2024,KY,IA,-2.7,equal
Reading,8,2024,KY,ID,-2.73,equal
Reading,8,2024,KY,IL,-3.62,equal
Reading,8,2024,KY,IN,-3.66,equal
Reading,8,2024,KY,KS,2.51,equal
Reading,8,2024,KY,LA,1.47,equal
Reading,8,2024,KY,MA,-10.01,lower
Reading,8,2024,KY,MD,-0.32,equal
Reading,8,2024,KY,ME,2.96,equal
Reading,8,2024,KY,MI,2.94,equal
Reading,8,2024,KY,MN,-2.07,equal
Reading,8,2024,KY,MO,2.72,equal
Reading,8,2024,KY,MS,4.53,higher
Reading,8,2024,KY,MT,-2.53,equal
Reading,8,2024,KY,NC,3.1,equal
Reading,8,2024,KY,ND,0.61,equal
Reading,8,2024,KY,NE,1.87,equal
Reading,8,2024,KY,NH,-5.91,lower
Reading,8,2024,KY,NJ,-7.96,lower
Reading,8,2024,KY,NM,12.94,higher
Reading,8,2024,KY,NP,1.34,equal
Reading,8,2024,KY,NV,4.71,higher
Reading,8,2024,KY,NY,1.13,equal
Reading,8,2024,KY,OH,-2.42,equal
Reading,8,2024,KY,OK,9.21,higher
Reading,8,2024,KY,OR,3.17,equal
Reading,8,2024,KY,PA,-1.15,equal
Reading,8,2024,KY,RI,0.23,equal
Reading,8,2024,KY,SC,4.31,higher
Reading,8,2024,KY,SD,-1.89,equal
Reading,8,2024,KY,TN,-0.97,equal
Reading,8,2024,KY,TX,5.73,higher
Reading,8,2024,KY,UT,-3.19,equal
Reading,8,2024,KY,VA,1.74,equal
Reading,8,2024,KY,VT,0.72,equal
Reading,8,2024,KY,WA,-1.27,equal
Reading,8,2024,KY,WI,-2.09,equal
Reading,8,2024,KY,WV,10.64,higher
Reading,8,2024,KY,WY,-1.97,equal
Reading,8,2024,LA,AK,10.09,higher
Reading,8,2024,LA,AL,6.93,higher
Reading,8,2024,LA,AR,1.76,equal
Reading,8,2024,LA,AZ,2.19,equal
Reading,8,2024,LA,CA,2.16,equal
Reading,8,2024,LA,CO,-8,lower
Reading,8,2024,LA,CT,-6.56,lower
Reading,8,2024,LA,DC,5.24,higher
Reading,8,2024,LA,DE,7.08,higher
Reading,8,2024,LA,DS,-25.59,lower
Reading,8,2024,LA,FL,3.68,equal
Reading,8,2024,LA,GA,-2.79,equal
Reading,8,2024,LA,HI,-0.75,equal
Reading,8,2024,LA,IA,-4.17,equal
Reading,8,2024,LA,ID,-4.19,equal
Reading,8,2024,LA,IL,-5.09,lower
Reading,8,2024,LA,IN,-5.12,lower
Reading,8,2024,LA,KS,1.04,equal
Reading,8,2024,LA,KY,-1.47,equal
Reading,8,2024,LA,MA,-11.48,lower
Reading,8,2024,LA,MD,-1.79,equal
Reading,8,2024,LA,ME,1.49,equal
Reading,8,2024,LA,MI,1.47,equal
Reading,8,2024,LA,MN,-3.53,equal
Reading,8,2024,LA,MO,1.25,equal
Reading,8,2024,LA,MS,3.07,equal
Reading,8,2024,LA,MT,-4,equal
Reading,8,2024,LA,NC,1.63,equal
Reading,8,2024,LA,ND,-0.86,equal
Reading,8,2024,LA,NE,0.4,equal
Reading,8,2024,LA,NH,-7.38,lower
Reading,8,2024,LA,NJ,-9.43,lower
Reading,8,2024,LA,NM,11.48,higher
Reading,8,2024,LA,NP,-0.13,equal
Reading,8,2024,LA,NV,3.25,equal
Reading,8,2024,LA,NY,-0.33,equal
Reading,8,2024,LA,OH,-3.89,equal
Reading,8,2024,LA,OK,7.75,higher
Reading,8,2024,LA,OR,1.7,equal
Reading,8,2024,LA,PA,-2.61,equal
Reading,8,2024,LA,RI,-1.23,equal
Reading,8,2024,LA,SC,2.85,equal
Reading,8,2024,LA,SD,-3.35,equal
Reading,8,2024,LA,TN,-2.43,equal
Reading,8,2024,LA,TX,4.27,equal
Reading,8,2024,LA,UT,-4.66,lower
Reading,8,2024,LA,VA,0.28,equal
Reading,8,2024,LA,VT,-0.75,equal
Reading,8,2024,LA,WA,-2.73,equal
Reading,8,2024,LA,WI,-3.56,equal
Reading,8,2024,LA,WV,9.17,higher
Reading,8,2024,LA,WY,-3.43,equal
Reading,8,2024,MA,AK,21.56,higher
Reading,8,2024,MA,AL,18.41,higher
Reading,8,2024,MA,AR,13.24,higher
Reading,8,2024,MA,AZ,13.67,higher
Reading,8,2024,MA,CA,13.64,higher
Reading,8,2024,MA,CO,3.47,equal
Reading,8,2024,MA,CT,4.91,higher
Reading,8,2024,MA,DC,16.71,higher
Reading,8,2024,MA,DE,18.56,higher
Reading,8,2024,MA,DS,-14.11,lower
Reading,8,2024,MA,FL,15.15,higher
Reading,8,2024,MA,GA,8.68,higher
Reading,8,2024,MA,HI,10.73,higher
Reading,8,2024,MA,IA,7.31,higher
Reading,8,2024,MA,ID,7.28,higher
Reading,8,2024,MA,IL,6.39,higher
Reading,8,2024,MA,IN,6.35,higher
Reading,8,2024,MA,KS,12.52,higher
Reading,8,2024,MA,KY,10.01,higher
Reading,8,2024,MA,LA,11.48,higher
Reading,8,2024,MA,MD,9.69,higher
Reading,8,2024,MA,ME,12.97,higher
Reading,8,2024,MA,MI,12.95,higher
Reading,8,2024,MA,MN,7.95,higher
Reading,8,2024,MA,MO,12.73,higher
Reading,8,2024,MA,MS,14.54,higher
Reading,8,2024,MA,MT,7.48,higher
Reading,8,2024,MA,NC,13.11,higher
Reading,8,2024,MA,ND,10.62,higher
Reading,8,2024,MA,NE,11.88,higher
Reading,8,2024,MA,NH,4.1,equal
Reading,8,2024,MA,NJ,2.05,equal
Reading,8,2024,MA,NM,22.96,higher
Reading,8,2024,MA,NP,11.35,higher
Reading,8,2024,MA,NV,14.72,higher
Reading,8,2024,MA,NY,11.14,higher
Reading,8,2024,MA,OH,7.59,higher
Reading,8,2024,MA,OK,19.22,higher
Reading,8,2024,MA,OR,13.18,higher
Reading,8,2024,MA,PA,8.86,higher
Reading,8,2024,MA,RI,10.24,higher
Reading,8,2024,MA,SC,14.32,higher
Reading,8,2024,MA,SD,8.12,higher
Reading,8,2024,MA,TN,9.05,higher
Reading,8,2024,MA,TX,15.74,higher
Reading,8,2024,MA,UT,6.82,higher
Reading,8,2024,MA,VA,11.75,higher
Reading,8,2024,MA,VT,10.73,higher
Reading,8,2024,MA,WA,8.74,higher
Reading,8,2024,MA,WI,7.92,higher
Reading,8,2024,MA,WV,20.65,higher
Reading,8,2024,MA,WY,8.04,higher
Reading,8,2024,MD,AK,11.87,higher
Reading,8,2024,MD,AL,8.72,higher
Reading,8,2024,MD,AR,3.55,equal
Reading,8,2024,MD,AZ,3.98,equal
Reading,8,2024,MD,CA,3.95,equal
Reading,8,2024,MD,CO,-6.21,lower
Reading,8,2024,MD,CT,-4.77,lower
Reading,8,2024,MD,DC,7.03,higher
Reading,8,2024,MD,DE,8.87,higher
Reading,8,2024,MD,DS,-23.8,lower
Reading,8,2024,MD,FL,5.47,higher
Reading,8,2024,MD,GA,-1,equal
Reading,8,2024,MD,HI,1.04,equal
Reading,8,2024,MD,IA,-2.38,equal
Reading,8,2024,MD,ID,-2.4,equal
Reading,8,2024,MD,IL,-3.3,equal
Reading,8,2024,MD,IN,-3.33,equal
Reading,8,2024,MD,KS,2.83,equal
Reading,8,2024,MD,KY,0.32,equal
Reading,8,2024,MD,LA,1.79,equal
Reading,8,2024,MD,MA,-9.69,lower
Reading,8,2024,MD,ME,3.28,equal
Reading,8,2024,MD,MI,3.26,equal
Reading,8,2024,MD,MN,-1.74,equal
Reading,8,2024,MD,MO,3.04,equal
Reading,8,2024,MD,MS,4.86,higher
Reading,8,2024,MD,MT,-2.21,equal
Reading,8,2024,MD,NC,3.42,equal
Reading,8,2024,MD,ND,0.93,equal
Reading,8,2024,MD,NE,2.19,equal
Reading,8,2024,MD,NH,-5.59,lower
Reading,8,2024,MD,NJ,-7.64,lower
Reading,8,2024,MD,NM,13.27,higher
Reading,8,2024,MD,NP,1.66,equal
Reading,8,2024,MD,NV,5.04,higher
Reading,8,2024,MD,NY,1.46,equal
Reading,8,2024,MD,OH,-2.1,equal
Reading,8,2024,MD,OK,9.54,higher
Reading,8,2024,MD,OR,3.49,equal
Reading,8,2024,MD,PA,-0.82,equal
Reading,8,2024,MD,RI,0.56,equal
Reading,8,2024,MD,SC,4.64,higher
Reading,8,2024,MD,SD,-1.56,equal
Reading,8,2024,MD,TN,-0.64,equal
Reading,8,2024,MD,TX,6.06,higher
Reading,8,2024,MD,UT,-2.87,equal
Reading,8,2024,MD,VA,2.07,equal
Reading,8,2024,MD,VT,1.04,equal
Reading,8,2024,MD,WA,-0.95,equal
Reading,8,2024,MD,WI,-1.77,equal
Reading,8,2024,MD,WV,10.96,higher
Reading,8,2024,MD,WY,-1.64,equal
Reading,8,2024,ME,AK,8.59,higher
Reading,8,2024,ME,AL,5.44,higher
Reading,8,2024,ME,AR,0.27,equal
Reading,8,2024,ME,AZ,0.7,equal
Reading,8,2024,ME,CA,0.67,equal
Reading,8,2024,ME,CO,-9.49,lower
Reading,8,2024,ME,CT,-8.05,lower
Reading,8,2024,ME,DC,3.75,higher
Reading,8,2024,ME,DE,5.59,higher
Reading,8,2024,ME,DS,-27.08,lower
Reading,8,2024,ME,FL,2.19,equal
Reading,8,2024,ME,GA,-4.28,lower
Reading,8,2024,ME,HI,-2.24,equal
Reading,8,2024,ME,IA,-5.66,lower
Reading,8,2024,ME,ID,-5.69,lower
Reading,8,2024,ME,IL,-6.58,lower
Reading,8,2024,ME,IN,-6.61,lower
Reading,8,2024,ME,KS,-0.45,equal
Reading,8,2024,ME,KY,-2.96,equal
Reading,8,2024,ME,LA,-1.49,equal
Reading,8,2024,ME,MA,-12.97,lower
Reading,8,2024,ME,MD,-3.28,equal
Reading,8,2024,ME,MI,-0.02,equal
Reading,8,2024,ME,MN,-5.02,lower
Reading,8,2024,ME,MO,-0.24,equal
Reading,8,2024,ME,MS,1.58,equal
Reading,8,2024,ME,MT,-5.49,lower
Reading,8,2024,ME,NC,0.14,equal
Reading,8,2024,ME,ND,-2.35,equal
Reading,8,2024,ME,NE,-1.09,equal
Reading,8,2024,ME,NH,-8.87,lower
Reading,8,2024,ME,NJ,-10.92,lower
Reading,8,2024,ME,NM,9.99,higher
Reading,8,2024,ME,NP,-1.62,equal
Reading,8,2024,ME,NV,1.76,equal
Reading,8,2024,ME,NY,-1.82,equal
Reading,8,2024,ME,OH,-5.38,lower
Reading,8,2024,ME,OK,6.26,higher
Reading,8,2024,ME,OR,0.21,equal
Reading,8,2024,ME,PA,-4.1,equal
Reading,8,2024,ME,RI,-2.72,equal
Reading,8,2024,ME,SC,1.36,equal
Reading,8,2024,ME,SD,-4.84,lower
Reading,8,2024,ME,TN,-3.92,equal
Reading,8,2024,ME,TX,2.78,equal
Reading,8,2024,ME,UT,-6.15,lower
Reading,8,2024,ME,VA,-1.21,equal
Reading,8,2024,ME,VT,-2.24,equal
Reading,8,2024,ME,WA,-4.23,equal
Reading,8,2024,ME,WI,-5.05,lower
Reading,8,2024,ME,WV,7.68,higher
Reading,8,2024,ME,WY,-4.92,lower
Reading,8,2024,MI,AK,8.61,higher
Reading,8,2024,MI,AL,5.46,higher
Reading,8,2024,MI,AR,0.29,equal
Reading,8,2024,MI,AZ,0.72,equal
Reading,8,2024,MI,CA,0.69,equal
Reading,8,2024,MI,CO,-9.47,lower
Reading,8,2024,MI,CT,-8.04,lower
Reading,8,2024,MI,DC,3.76,higher
Reading,8,2024,MI,DE,5.61,higher
Reading,8,2024,MI,DS,-27.06,lower
Reading,8,2024,MI,FL,2.2,equal
Reading,8,2024,MI,GA,-4.26,lower
Reading,8,2024,MI,HI,-2.22,equal
Reading,8,2024,MI,IA,-5.64,lower
Reading,8,2024,MI,ID,-5.67,lower
Reading,8,2024,MI,IL,-6.56,lower
Reading,8,2024,MI,IN,-6.6,lower
Reading,8,2024,MI,KS,-0.43,equal
Reading,8,2024,MI,KY,-2.94,equal
Reading,8,2024,MI,LA,-1.47,equal
Reading,8,2024,MI,MA,-12.95,lower
Reading,8,2024,MI,MD,-3.26,equal
Reading,8,2024,MI,ME,0.02,equal
Reading,8,2024,MI,MN,-5,lower
Reading,8,2024,MI,MO,-0.22,equal
Reading,8,2024,MI,MS,1.6,equal
Reading,8,2024,MI,MT,-5.47,lower
Reading,8,2024,MI,NC,0.16,equal
Reading,8,2024,MI,ND,-2.33,equal
Reading,8,2024,MI,NE,-1.07,equal
Reading,8,2024,MI,NH,-8.85,lower
Reading,8,2024,MI,NJ,-10.9,lower
Reading,8,2024,MI,NM,10.01,higher
Reading,8,2024,MI,NP,-1.6,equal
Reading,8,2024,MI,NV,1.78,equal
Reading,8,2024,MI,NY,-1.81,equal
Reading,8,2024,MI,OH,-5.36,lower
Reading,8,2024,MI,OK,6.27,higher
Reading,8,2024,MI,OR,0.23,equal
Reading,8,2024,MI,PA,-4.09,equal
Reading,8,2024,MI,RI,-2.71,equal
Reading,8,2024,MI,SC,1.37,equal
Reading,8,2024,MI,SD,-4.82,lower
Reading,8,2024,MI,TN,-3.9,equal
Reading,8,2024,MI,TX,2.8,equal
Reading,8,2024,MI,UT,-6.13,lower
Reading,8,2024,MI,VA,-1.2,equal
Reading,8,2024,MI,VT,-2.22,equal
Reading,8,2024,MI,WA,-4.21,equal
Reading,8,2024,MI,WI,-5.03,lower
Reading,8,2024,MI,WV,7.7,higher
Reading,8,2024,MI,WY,-4.91,lower
Reading,8,2024,MN,AK,13.62,higher
Reading,8,2024,MN,AL,10.47,higher
Reading,8,2024,MN,AR,5.29,higher
Reading,8,2024,MN,AZ,5.72,higher
Reading,8,2024,MN,CA,5.69,higher
Reading,8,2024,MN,CO,-4.47,lower
Reading,8,2024,MN,CT,-3.03,equal
Reading,8,2024,MN,DC,8.77,higher
Reading,8,2024,MN,DE,10.61,higher
Reading,8,2024,MN,DS,-22.06,lower
Reading,8,2024,MN,FL,7.21,higher
Reading,8,2024,MN,GA,0.74,equal
Reading,8,2024,MN,HI,2.78,equal
Reading,8,2024,MN,IA,-0.63,equal
Reading,8,2024,MN,ID,-0.66,equal
Reading,8,2024,MN,IL,-1.55,equal
Reading,8,2024,MN,IN,-1.59,equal
Reading,8,2024,MN,KS,4.58,higher
Reading,8,2024,MN,KY,2.07,equal
Reading,8,2024,MN,LA,3.53,equal
Reading,8,2024,MN,MA,-7.95,lower
Reading,8,2024,MN,MD,1.74,equal
Reading,8,2024,MN,ME,5.02,higher
Reading,8,2024,MN,MI,5,higher
Reading,8,2024,MN,MO,4.79,higher
Reading,8,2024,MN,MS,6.6,higher
Reading,8,2024,MN,MT,-0.47,equal
Reading,8,2024,MN,NC,5.16,higher
Reading,8,2024,MN,ND,2.68,equal
Reading,8,2024,MN,NE,3.93,higher
Reading,8,2024,MN,NH,-3.85,lower
Reading,8,2024,MN,NJ,-5.9,lower
Reading,8,2024,MN,NM,15.01,higher
Reading,8,2024,MN,NP,3.4,higher
Reading,8,2024,MN,NV,6.78,higher
Reading,8,2024,MN,NY,3.2,equal
Reading,8,2024,MN,OH,-0.35,equal
Reading,8,2024,MN,OK,11.28,higher
Reading,8,2024,MN,OR,5.24,higher
Reading,8,2024,MN,PA,0.92,equal
Reading,8,2024,MN,RI,2.3,equal
Reading,8,2024,MN,SC,6.38,higher
Reading,8,2024,MN,SD,0.18,equal
Reading,8,2024,MN,TN,1.1,equal
Reading,8,2024,MN,TX,7.8,higher
Reading,8,2024,MN,UT,-1.13,equal
Reading,8,2024,MN,VA,3.81,equal
Reading,8,2024,MN,VT,2.78,equal
Reading,8,2024,MN,WA,0.8,equal
Reading,8,2024,MN,WI,-0.02,equal
Reading,8,2024,MN,WV,12.71,higher
Reading,8,2024,MN,WY,0.1,equal
Reading,8,2024,MO,AK,8.83,higher
Reading,8,2024,MO,AL,5.68,higher
Reading,8,2024,MO,AR,0.51,equal
Reading,8,2024,MO,AZ,0.94,equal
Reading,8,2024,MO,CA,0.91,equal
Reading,8,2024,MO,CO,-9.26,lower
Reading,8,2024,MO,CT,-7.82,lower
Reading,8,2024,MO,DC,3.98,higher
Reading,8,2024,MO,DE,5.83,higher
Reading,8,2024,MO,DS,-26.84,lower
Reading,8,2024,MO,FL,2.42,equal
Reading,8,2024,MO,GA,-4.05,lower
Reading,8,2024,MO,HI,-2,equal
Reading,8,2024,MO,IA,-5.42,lower
Reading,8,2024,MO,ID,-5.45,lower
Reading,8,2024,MO,IL,-6.34,lower
Reading,8,2024,MO,IN,-6.38,lower
Reading,8,2024,MO,KS,-0.21,equal
Reading,8,2024,MO,KY,-2.72,equal
Reading,8,2024,MO,LA,-1.25,equal
Reading,8,2024,MO,MA,-12.73,lower
Reading,8,2024,MO,MD,-3.04,equal
Reading,8,2024,MO,ME,0.24,equal
Reading,8,2024,MO,MI,0.22,equal
Reading,8,2024,MO,MN,-4.79,lower
Reading,8,2024,MO,MS,1.81,equal
Reading,8,2024,MO,MT,-5.25,lower
Reading,8,2024,MO,NC,0.38,equal
Reading,8,2024,MO,ND,-2.11,equal
Reading,8,2024,MO,NE,-0.85,equal
Reading,8,2024,MO,NH,-8.63,lower
Reading,8,2024,MO,NJ,-10.68,lower
Reading,8,2024,MO,NM,10.22,higher
Reading,8,2024,MO,NP,-1.38,equal
Reading,8,2024,MO,NV,1.99,equal
Reading,8,2024,MO,NY,-1.59,equal
Reading,8,2024,MO,OH,-5.14,lower
Reading,8,2024,MO,OK,6.49,higher
Reading,8,2024,MO,OR,0.45,equal
Reading,8,2024,MO,PA,-3.87,equal
Reading,8,2024,MO,RI,-2.49,equal
Reading,8,2024,MO,SC,1.59,equal
Reading,8,2024,MO,SD,-4.61,lower
Reading,8,2024,MO,TN,-3.68,equal
Reading,8,2024,MO,TX,3.01,equal
Reading,8,2024,MO,UT,-5.91,lower
Reading,8,2024,MO,VA,-0.98,equal
Reading,8,2024,MO,VT,-2,equal
Reading,8,2024,MO,WA,-3.99,equal
Reading,8,2024,MO,WI,-4.81,lower
Reading,8,2024,MO,WV,7.92,higher
Reading,8,2024,MO,WY,-4.69,lower
Reading,8,2024,MS,AK,7.02,higher
Reading,8,2024,MS,AL,3.87,equal
Reading,8,2024,MS,AR,-1.31,equal
Reading,8,2024,MS,AZ,-0.88,equal
Reading,8,2024,MS,CA,-0.91,equal
Reading,8,2024,MS,CO,-11.07,lower
Reading,8,2024,MS,CT,-9.63,lower
Reading,8,2024,MS,DC,2.17,equal
Reading,8,2024,MS,DE,4.02,higher
Reading,8,2024,MS,DS,-28.66,lower
Reading,8,2024,MS,FL,0.61,equal
Reading,8,2024,MS,GA,-5.86,lower
Reading,8,2024,MS,HI,-3.82,lower
Reading,8,2024,MS,IA,-7.23,lower
Reading,8,2024,MS,ID,-7.26,lower
Reading,8,2024,MS,IL,-8.15,lower
Reading,8,2024,MS,IN,-8.19,lower
Reading,8,2024,MS,KS,-2.02,equal
Reading,8,2024,MS,KY,-4.53,lower
Reading,8,2024,MS,LA,-3.07,equal
Reading,8,2024,MS,MA,-14.54,lower
Reading,8,2024,MS,MD,-4.86,lower
Reading,8,2024,MS,ME,-1.58,equal
Reading,8,2024,MS,MI,-1.6,equal
Reading,8,2024,MS,MN,-6.6,lower
Reading,8,2024,MS,MO,-1.81,equal
Reading,8,2024,MS,MT,-7.07,lower
Reading,8,2024,MS,NC,-1.44,equal
Reading,8,2024,MS,ND,-3.92,lower
Reading,8,2024,MS,NE,-2.67,equal
Reading,8,2024,MS,NH,-10.45,lower
Reading,8,2024,MS,NJ,-12.5,lower
Reading,8,2024,MS,NM,8.41,higher
Reading,8,2024,MS,NP,-3.2,lower
Reading,8,2024,MS,NV,0.18,equal
Reading,8,2024,MS,NY,-3.4,equal
Reading,8,2024,MS,OH,-6.95,lower
Reading,8,2024,MS,OK,4.68,higher
Reading,8,2024,MS,OR,-1.36,equal
Reading,8,2024,MS,PA,-5.68,lower
Reading,8,2024,MS,RI,-4.3,lower
Reading,8,2024,MS,SC,-0.22,equal
Reading,8,2024,MS,SD,-6.42,lower
Reading,8,2024,MS,TN,-5.5,lower
Reading,8,2024,MS,TX,1.2,equal
Reading,8,2024,MS,UT,-7.73,lower
Reading,8,2024,MS,VA,-2.79,equal
Reading,8,2024,MS,VT,-3.82,lower
Reading,8,2024,MS,WA,-5.8,lower
Reading,8,2024,MS,WI,-6.62,lower
Reading,8,2024,MS,WV,6.11,higher
Reading,8,2024,MS,WY,-6.5,lower
Reading,8,2024,MT,AK,14.08,higher
Reading,8,2024,MT,AL,10.93,higher
Reading,8,2024,MT,AR,5.76,higher
Reading,8,2024,MT,AZ,6.19,higher
Reading,8,2024,MT,CA,6.16,higher
Reading,8,2024,MT,CO,-4,equal
Reading,8,2024,MT,CT,-2.57,equal
Reading,8,2024,MT,DC,9.23,higher
Reading,8,2024,MT,DE,11.08,higher
Reading,8,2024,MT,DS,-21.59,lower
Reading,8,2024,MT,FL,7.67,higher
Reading,8,2024,MT,GA,1.21,equal
Reading,8,2024,MT,HI,3.25,equal
Reading,8,2024,MT,IA,-0.17,equal
Reading,8,2024,MT,ID,-0.2,equal
Reading,8,2024,MT,IL,-1.09,equal
Reading,8,2024,MT,IN,-1.13,equal
Reading,8,2024,MT,KS,5.04,higher
Reading,8,2024,MT,KY,2.53,equal
Reading,8,2024,MT,LA,4,equal
Reading,8,2024,MT,MA,-7.48,lower
Reading,8,2024,MT,MD,2.21,equal
Reading,8,2024,MT,ME,5.49,higher
Reading,8,2024,MT,MI,5.47,higher
Reading,8,2024,MT,MN,0.47,equal
Reading,8,2024,MT,MO,5.25,higher
Reading,8,2024,MT,MS,7.07,higher
Reading,8,2024,MT,NC,5.63,higher
Reading,8,2024,MT,ND,3.14,equal
Reading,8,2024,MT,NE,4.4,higher
Reading,8,2024,MT,NH,-3.38,equal
Reading,8,2024,MT,NJ,-5.43,lower
Reading,8,2024,MT,NM,15.48,higher
Reading,8,2024,MT,NP,3.87,higher
Reading,8,2024,MT,NV,7.25,higher
Reading,8,2024,MT,NY,3.66,equal
Reading,8,2024,MT,OH,0.11,equal
Reading,8,2024,MT,OK,11.74,higher
Reading,8,2024,MT,OR,5.7,higher
Reading,8,2024,MT,PA,1.38,equal
Reading,8,2024,MT,RI,2.76,equal
Reading,8,2024,MT,SC,6.84,higher
Reading,8,2024,MT,SD,0.65,equal
Reading,8,2024,MT,TN,1.57,equal
Reading,8,2024,MT,TX,8.27,higher
Reading,8,2024,MT,UT,-0.66,equal
Reading,8,2024,MT,VA,4.27,higher
Reading,8,2024,MT,VT,3.25,equal
Reading,8,2024,MT,WA,1.26,equal
Reading,8,2024,MT,WI,0.44,equal
Reading,8,2024,MT,WV,13.17,higher
Reading,8,2024,MT,WY,0.57,equal
Reading,8,2024,NC,AK,8.45,higher
Reading,8,2024,NC,AL,5.3,higher
Reading,8,2024,NC,AR,0.13,equal
Reading,8,2024,NC,AZ,0.56,equal
Reading,8,2024,NC,CA,0.53,equal
Reading,8,2024,NC,CO,-9.64,lower
Reading,8,2024,NC,CT,-8.2,lower
Reading,8,2024,NC,DC,3.6,higher
Reading,8,2024,NC,DE,5.45,higher
Reading,8,2024,NC,DS,-27.22,lower
Reading,8,2024,NC,FL,2.04,equal
Reading,8,2024,NC,GA,-4.43,lower
Reading,8,2024,NC,HI,-2.38,equal
Reading,8,2024,NC,IA,-5.8,lower
Reading,8,2024,NC,ID,-5.83,lower
Reading,8,2024,NC,IL,-6.72,lower
Reading,8,2024,NC,IN,-6.76,lower
Reading,8,2024,NC,KS,-0.59,equal
Reading,8,2024,NC,KY,-3.1,equal
Reading,8,2024,NC,LA,-1.63,equal
Reading,8,2024,NC,MA,-13.11,lower
Reading,8,2024,NC,MD,-3.42,equal
Reading,8,2024,NC,ME,-0.14,equal
Reading,8,2024,NC,MI,-0.16,equal
Reading,8,2024,NC,MN,-5.16,lower
Reading,8,2024,NC,MO,-0.38,equal
Reading,8,2024,NC,MS,1.44,equal
Reading,8,2024,NC,MT,-5.63,lower
Reading,8,2024,NC,ND,-2.49,equal
Reading,8,2024,NC,NE,-1.23,equal
Reading,8,2024,NC,NH,-9.01,lower
Reading,8,2024,NC,NJ,-11.06,lower
Reading,8,2024,NC,NM,9.85,higher
Reading,8,2024,NC,NP,-1.76,equal
Reading,8,2024,NC,NV,1.61,equal
Reading,8,2024,NC,NY,-1.97,equal
Reading,8,2024,NC,OH,-5.52,lower
Reading,8,2024,NC,OK,6.11,higher
Reading,8,2024,NC,OR,0.07,equal
Reading,8,2024,NC,PA,-4.25,equal
Reading,8,2024,NC,RI,-2.87,equal
Reading,8,2024,NC,SC,1.21,equal
Reading,8,2024,NC,SD,-4.98,lower
Reading,8,2024,NC,TN,-4.06,equal
Reading,8,2024,NC,TX,2.63,equal
Reading,8,2024,NC,UT,-6.29,lower
Reading,8,2024,NC,VA,-1.36,equal
Reading,8,2024,NC,VT,-2.38,equal
Reading,8,2024,NC,WA,-4.37,equal
Reading,8,2024,NC,WI,-5.19,lower
Reading,8,2024,NC,WV,7.54,higher
Reading,8,2024,NC,WY,-5.07,lower
Reading,8,2024,ND,AK,10.94,higher
Reading,8,2024,ND,AL,7.79,higher
Reading,8,2024,ND,AR,2.62,equal
Reading,8,2024,ND,AZ,3.05,equal
Reading,8,2024,ND,CA,3.02,equal
Reading,8,2024,ND,CO,-7.15,lower
Reading,8,2024,ND,CT,-5.71,lower
Reading,8,2024,ND,DC,6.09,higher
Reading,8,2024,ND,DE,7.94,higher
Reading,8,2024,ND,DS,-24.73,lower
Reading,8,2024,ND,FL,4.53,higher
Reading,8,2024,ND,GA,-1.94,equal
Reading,8,2024,ND,HI,0.11,equal
Reading,8,2024,ND,IA,-3.31,lower
Reading,8,2024,ND,ID,-3.34,lower
Reading,8,2024,ND,IL,-4.23,lower
Reading,8,2024,ND,IN,-4.27,lower
Reading,8,2024,ND,KS,1.9,equal
Reading,8,2024,ND,KY,-0.61,equal
Reading,8,2024,ND,LA,0.86,equal
Reading,8,2024,ND,MA,-10.62,lower
Reading,8,2024,ND,MD,-0.93,equal
Reading,8,2024,ND,ME,2.35,equal
Reading,8,2024,ND,MI,2.33,equal
Reading,8,2024,ND,MN,-2.68,equal
Reading,8,2024,ND,MO,2.11,equal
Reading,8,2024,ND,MS,3.92,higher
Reading,8,2024,ND,MT,-3.14,equal
Reading,8,2024,ND,NC,2.49,equal
Reading,8,2024,ND,NE,1.26,equal
Reading,8,2024,ND,NH,-6.52,lower
Reading,8,2024,ND,NJ,-8.57,lower
Reading,8,2024,ND,NM,12.33,higher
Reading,8,2024,ND,NP,0.73,equal
Reading,8,2024,ND,NV,4.1,higher
Reading,8,2024,ND,NY,0.52,equal
Reading,8,2024,ND,OH,-3.03,equal
Reading,8,2024,ND,OK,8.6,higher
Reading,8,2024,ND,OR,2.56,equal
Reading,8,2024,ND,PA,-1.76,equal
Reading,8,2024,ND,RI,-0.38,equal
Reading,8,2024,ND,SC,3.7,higher
Reading,8,2024,ND,SD,-2.5,equal
Reading,8,2024,ND,TN,-1.57,equal
Reading,8,2024,ND,TX,5.12,higher
Reading,8,2024,ND,UT,-3.8,lower
Reading,8,2024,ND,VA,1.13,equal
Reading,8,2024,ND,VT,0.11,equal
Reading,8,2024,ND,WA,-1.88,equal
Reading,8,2024,ND,WI,-2.7,equal
Reading,8,2024,ND,WV,10.03,higher
Reading,8,2024,ND,WY,-2.58,equal
Reading,8,2024,NE,AK,9.68,higher
Reading,8,2024,NE,AL,6.53,higher
Reading,8,2024,NE,AR,1.36,equal
Reading,8,2024,NE,AZ,1.79,equal
Reading,8,2024,NE,CA,1.76,equal
Reading,8,2024,NE,CO,-8.4,lower
Reading,8,2024,NE,CT,-6.96,lower
Reading,8,2024,NE,DC,4.83,higher
Reading,8,2024,NE,DE,6.68,higher
Reading,8,2024,NE,DS,-25.99,lower
Reading,8,2024,NE,FL,3.27,equal
Reading,8,2024,NE,GA,-3.19,equal
Reading,8,2024,NE,HI,-1.15,equal
Reading,8,2024,NE,IA,-4.57,lower
Reading,8,2024,NE,ID,-4.6,lower
Reading,8,2024,NE,IL,-5.49,lower
Reading,8,2024,NE,IN,-5.53,lower
Reading,8,2024,NE,KS,0.64,equal
Reading,8,2024,NE,KY,-1.87,equal
Reading,8,2024,NE,LA,-0.4,equal
Reading,8,2024,NE,MA,-11.88,lower
Reading,8,2024,NE,MD,-2.19,equal
Reading,8,2024,NE,ME,1.09,equal
Reading,8,2024,NE,MI,1.07,equal
Reading,8,2024,NE,MN,-3.93,lower
Reading,8,2024,NE,MO,0.85,equal
Reading,8,2024,NE,MS,2.67,equal
Reading,8,2024,NE,MT,-4.4,lower
Reading,8,2024,NE,NC,1.23,equal
Reading,8,2024,NE,ND,-1.26,equal
Reading,8,2024,NE,NH,-7.78,lower
Reading,8,2024,NE,NJ,-9.83,lower
Reading,8,2024,NE,NM,11.08,higher
Reading,8,2024,NE,NP,-0.53,equal
Reading,8,2024,NE,NV,2.85,equal
Reading,8,2024,NE,NY,-0.74,equal
Reading,8,2024,NE,OH,-4.29,lower
Reading,8,2024,NE,OK,7.35,higher
Reading,8,2024,NE,OR,1.3,equal
Reading,8,2024,NE,PA,-3.01,equal
Reading,8,2024,NE,RI,-1.64,equal
Reading,8,2024,NE,SC,2.44,equal
Reading,8,2024,NE,SD,-3.75,lower
Reading,8,2024,NE,TN,-2.83,equal
Reading,8,2024,NE,TX,3.87,equal
Reading,8,2024,NE,UT,-5.06,lower
Reading,8,2024,NE,VA,-0.13,equal
Reading,8,2024,NE,VT,-1.15,equal
Reading,8,2024,NE,WA,-3.14,equal
Reading,8,2024,NE,WI,-3.96,equal
Reading,8,2024,NE,WV,8.77,higher
Reading,8,2024,NE,WY,-3.83,lower
Reading,8,2024,NH,AK,17.46,higher
Reading,8,2024,NH,AL,14.31,higher
Reading,8,2024,NH,AR,9.14,higher
Reading,8,2024,NH,AZ,9.57,higher
Reading,8,2024,NH,CA,9.54,higher
Reading,8,2024,NH,CO,-0.62,equal
Reading,8,2024,NH,CT,0.82,equal
Reading,8,2024,NH,DC,12.62,higher
Reading,8,2024,NH,DE,14.46,higher
Reading,8,2024,NH,DS,-18.21,lower
Reading,8,2024,NH,FL,11.06,higher
Reading,8,2024,NH,GA,4.59,higher
Reading,8,2024,NH,HI,6.63,higher
Reading,8,2024,NH,IA,3.21,equal
Reading,8,2024,NH,ID,3.18,equal
Reading,8,2024,NH,IL,2.29,equal
Reading,8,2024,NH,IN,2.26,equal
Reading,8,2024,NH,KS,8.42,higher
Reading,8,2024,NH,KY,5.91,higher
Reading,8,2024,NH,LA,7.38,higher
Reading,8,2024,NH,MA,-4.1,equal
Reading,8,2024,NH,MD,5.59,higher
Reading,8,2024,NH,ME,8.87,higher
Reading,8,2024,NH,MI,8.85,higher
Reading,8,2024,NH,MN,3.85,higher
Reading,8,2024,NH,MO,8.63,higher
Reading,8,2024,NH,MS,10.45,higher
Reading,8,2024,NH,MT,3.38,equal
Reading,8,2024,NH,NC,9.01,higher
Reading,8,2024,NH,ND,6.52,higher
Reading,8,2024,NH,NE,7.78,higher
Reading,8,2024,NH,NJ,-2.05,equal
Reading,8,2024,NH,NM,18.86,higher
Reading,8,2024,NH,NP,7.25,higher
Reading,8,2024,NH,NV,10.63,higher
Reading,8,2024,NH,NY,7.05,higher
Reading,8,2024,NH,OH,3.49,equal
Reading,8,2024,NH,OK,15.13,higher
Reading,8,2024,NH,OR,9.08,higher
Reading,8,2024,NH,PA,4.77,higher
Reading,8,2024,NH,RI,6.15,higher
Reading,8,2024,NH,SC,10.23,higher
Reading,8,2024,NH,SD,4.03,higher
Reading,8,2024,NH,TN,4.95,higher
Reading,8,2024,NH,TX,11.65,higher
Reading,8,2024,NH,UT,2.72,equal
Reading,8,2024,NH,VA,7.66,higher
Reading,8,2024,NH,VT,6.63,higher
Reading,8,2024,NH,WA,4.64,higher
Reading,8,2024,NH,WI,3.82,equal
Reading,8,2024,NH,WV,16.55,higher
Reading,8,2024,NH,WY,3.95,higher
Reading,8,2024,NJ,AK,19.51,higher
Reading,8,2024,NJ,AL,16.36,higher
Reading,8,2024,NJ,AR,11.19,higher
Reading,8,2024,NJ,AZ,11.62,higher
Reading,8,2024,NJ,CA,11.59,higher
Reading,8,2024,NJ,CO,1.43,equal
Reading,8,2024,NJ,CT,2.87,equal
Reading,8,2024,NJ,DC,14.66,higher
Reading,8,2024,NJ,DE,16.51,higher
Reading,8,2024,NJ,DS,-16.16,lower
Reading,8,2024,NJ,FL,13.1,higher
Reading,8,2024,NJ,GA,6.64,higher
Reading,8,2024,NJ,HI,8.68,higher
Reading,8,2024,NJ,IA,5.26,higher
Reading,8,2024,NJ,ID,5.23,higher
Reading,8,2024,NJ,IL,4.34,equal
Reading,8,2024,NJ,IN,4.3,equal
Reading,8,2024,NJ,KS,10.47,higher
Reading,8,2024,NJ,KY,7.96,higher
Reading,8,2024,NJ,LA,9.43,higher
Reading,8,2024,NJ,MA,-2.05,equal
Reading,8,2024,NJ,MD,7.64,higher
Reading,8,2024,NJ,ME,10.92,higher
Reading,8,2024,NJ,MI,10.9,higher
Reading,8,2024,NJ,MN,5.9,higher
Reading,8,2024,NJ,MO,10.68,higher
Reading,8,2024,NJ,MS,12.5,higher
Reading,8,2024,NJ,MT,5.43,higher
Reading,8,2024,NJ,NC,11.06,higher
Reading,8,2024,NJ,ND,8.57,higher
Reading,8,2024,NJ,NE,9.83,higher
Reading,8,2024,NJ,NH,2.05,equal
Reading,8,2024,NJ,NM,20.91,higher
Reading,8,2024,NJ,NP,9.3,higher
Reading,8,2024,NJ,NV,12.68,higher
Reading,8,2024,NJ,NY,9.09,higher
Reading,8,2024,NJ,OH,5.54,higher
Reading,8,2024,NJ,OK,17.18,higher
Reading,8,2024,NJ,OR,11.13,higher
Reading,8,2024,NJ,PA,6.82,higher
Reading,8,2024,NJ,RI,8.19,higher
Reading,8,2024,NJ,SC,12.27,higher
Reading,8,2024,NJ,SD,6.08,higher
Reading,8,2024,NJ,TN,7,higher
Reading,8,2024,NJ,TX,13.7,higher
Reading,8,2024,NJ,UT,4.77,higher
Reading,8,2024,NJ,VA,9.71,higher
Reading,8,2024,NJ,VT,8.68,higher
Reading,8,2024,NJ,WA,6.69,higher
Reading,8,2024,NJ,WI,5.87,higher
Reading,8,2024,NJ,WV,18.6,higher
Reading,8,2024,NJ,WY,6,higher
Reading,8,2024,NM,AK,-1.39,equal
Reading,8,2024,NM,AL,-4.54,lower
Reading,8,2024,NM,AR,-9.72,lower
Reading,8,2024,NM,AZ,-9.29,lower
Reading,8,2024,NM,CA,-9.32,lower
Reading,8,2024,NM,CO,-19.48,lower
Reading,8,2024,NM,CT,-18.04,lower
Reading,8,2024,NM,DC,-6.24,lower
Reading,8,2024,NM,DE,-4.4,lower
Reading,8,2024,NM,DS,-37.07,lower
Reading,8,2024,NM,FL,-7.8,lower
Reading,8,2024,NM,GA,-14.27,lower
Reading,8,2024,NM,HI,-12.23,lower
Reading,8,2024,NM,IA,-15.64,lower
Reading,8,2024,NM,ID,-15.67,lower
Reading,8,2024,NM,IL,-16.56,lower
Reading,8,2024,NM,IN,-16.6,lower
Reading,8,2024,NM,KS,-10.43,lower
Reading,8,2024,NM,KY,-12.94,lower
Reading,8,2024,NM,LA,-11.48,lower
Reading,8,2024,NM,MA,-22.96,lower
Reading,8,2024,NM,MD,-13.27,lower
Reading,8,2024,NM,ME,-9.99,lower
Reading,8,2024,NM,MI,-10.01,lower
Reading,8,2024,NM,MN,-15.01,lower
Reading,8,2024,NM,MO,-10.22,lower
Reading,8,2024,NM,MS,-8.41,lower
Reading,8,2024,NM,MT,-15.48,lower
Reading,8,2024,NM,NC,-9.85,lower
Reading,8,2024,NM,ND,-12.33,lower
Reading,8,2024,NM,NE,-11.08,lower
Reading,8,2024,NM,NH,-18.86,lower
Reading,8,2024,NM,NJ,-20.91,lower
Reading,8,2024,NM,NP,-11.61,lower
Reading,8,2024,NM,NV,-8.23,lower
Reading,8,2024,NM,NY,-11.81,lower
Reading,8,2024,NM,OH,-15.36,lower
Reading,8,2024,NM,OK,-3.73,equal
Reading,8,2024,NM,OR,-9.77,lower
Reading,8,2024,NM,PA,-14.09,lower
Reading,8,2024,NM,RI,-12.71,lower
Reading,8,2024,NM,SC,-8.63,lower
Reading,8,2024,NM,SD,-14.83,lower
Reading,8,2024,NM,TN,-13.91,lower
Reading,8,2024,NM,TX,-7.21,lower
Reading,8,2024,NM,UT,-16.14,lower
Reading,8,2024,NM,VA,-11.2,lower
Reading,8,2024,NM,VT,-12.23,lower
Reading,8,2024,NM,WA,-14.21,lower
Reading,8,2024,NM,WI,-15.03,lower
Reading,8,2024,NM,WV,-2.3,equal
Reading,8,2024,NM,WY,-14.91,lower
Reading,8,2024,NP,AK,10.21,higher
Reading,8,2024,NP,AL,7.06,higher
Reading,8,2024,NP,AR,1.89,equal
Reading,8,2024,NP,AZ,2.32,equal
Reading,8,2024,NP,CA,2.29,equal
Reading,8,2024,NP,CO,-7.87,lower
Reading,8,2024,NP,CT,-6.43,lower
Reading,8,2024,NP,DC,5.37,higher
Reading,8,2024,NP,DE,7.21,higher
Reading,8,2024,NP,DS,-25.46,lower
Reading,8,2024,NP,FL,3.8,higher
Reading,8,2024,NP,GA,-2.66,equal
Reading,8,2024,NP,HI,-0.62,equal
Reading,8,2024,NP,IA,-4.04,lower
Reading,8,2024,NP,ID,-4.07,lower
Reading,8,2024,NP,IL,-4.96,lower
Reading,8,2024,NP,IN,-5,lower
Reading,8,2024,NP,KS,1.17,equal
Reading,8,2024,NP,KY,-1.34,equal
Reading,8,2024,NP,LA,0.13,equal
Reading,8,2024,NP,MA,-11.35,lower
Reading,8,2024,NP,MD,-1.66,equal
Reading,8,2024,NP,ME,1.62,equal
Reading,8,2024,NP,MI,1.6,equal
Reading,8,2024,NP,MN,-3.4,lower
Reading,8,2024,NP,MO,1.38,equal
Reading,8,2024,NP,MS,3.2,higher
Reading,8,2024,NP,MT,-3.87,lower
Reading,8,2024,NP,NC,1.76,equal
Reading,8,2024,NP,ND,-0.73,equal
Reading,8,2024,NP,NE,0.53,equal
Reading,8,2024,NP,NH,-7.25,lower
Reading,8,2024,NP,NJ,-9.3,lower
Reading,8,2024,NP,NM,11.61,higher
Reading,8,2024,NP,NV,3.38,higher
Reading,8,2024,NP,NY,-0.21,equal
Reading,8,2024,NP,OH,-3.76,lower
Reading,8,2024,NP,OK,7.88,higher
Reading,8,2024,NP,OR,1.83,equal
Reading,8,2024,NP,PA,-2.48,equal
Reading,8,2024,NP,RI,-1.1,equal
Reading,8,2024,NP,SC,2.98,higher
Reading,8,2024,NP,SD,-3.22,lower
Reading,8,2024,NP,TN,-2.3,equal
Reading,8,2024,NP,TX,4.4,higher
Reading,8,2024,NP,UT,-4.53,lower
Reading,8,2024,NP,VA,0.41,equal
Reading,8,2024,NP,VT,-0.62,equal
Reading,8,2024,NP,WA,-2.61,equal
Reading,8,2024,NP,WI,-3.43,equal
Reading,8,2024,NP,WV,9.3,higher
Reading,8,2024,NP,WY,-3.3,lower
Reading,8,2024,NV,AK,6.84,higher
Reading,8,2024,NV,AL,3.69,equal
Reading,8,2024,NV,AR,-1.49,equal
Reading,8,2024,NV,AZ,-1.06,equal
Reading,8,2024,NV,CA,-1.09,equal
Reading,8,2024,NV,CO,-11.25,lower
Reading,8,2024,NV,CT,-9.81,lower
Reading,8,2024,NV,DC,1.99,equal
Reading,8,2024,NV,DE,3.84,equal
Reading,8,2024,NV,DS,-28.84,lower
Reading,8,2024,NV,FL,0.43,equal
Reading,8,2024,NV,GA,-6.04,lower
Reading,8,2024,NV,HI,-4,lower
Reading,8,2024,NV,IA,-7.41,lower
Reading,8,2024,NV,ID,-7.44,lower
Reading,8,2024,NV,IL,-8.33,lower
Reading,8,2024,NV,IN,-8.37,lower
Reading,8,2024,NV,KS,-2.2,equal
Reading,8,2024,NV,KY,-4.71,lower
Reading,8,2024,NV,LA,-3.25,equal
Reading,8,2024,NV,MA,-14.72,lower
Reading,8,2024,NV,MD,-5.04,lower
Reading,8,2024,NV,ME,-1.76,equal
Reading,8,2024,NV,MI,-1.78,equal
Reading,8,2024,NV,MN,-6.78,lower
Reading,8,2024,NV,MO,-1.99,equal
Reading,8,2024,NV,MS,-0.18,equal
Reading,8,2024,NV,MT,-7.25,lower
Reading,8,2024,NV,NC,-1.61,equal
Reading,8,2024,NV,ND,-4.1,lower
Reading,8,2024,NV,NE,-2.85,equal
Reading,8,2024,NV,NH,-10.63,lower
Reading,8,2024,NV,NJ,-12.68,lower
Reading,8,2024,NV,NM,8.23,higher
Reading,8,2024,NV,NP,-3.38,lower
Reading,8,2024,NV,NY,-3.58,equal
Reading,8,2024,NV,OH,-7.13,lower
Reading,8,2024,NV,OK,4.5,equal
Reading,8,2024,NV,OR,-1.54,equal
Reading,8,2024,NV,PA,-5.86,lower
Reading,8,2024,NV,RI,-4.48,lower
Reading,8,2024,NV,SC,-0.4,equal
Reading,8,2024,NV,SD,-6.6,lower
Reading,8,2024,NV,TN,-5.68,lower
Reading,8,2024,NV,TX,1.02,equal
Reading,8,2024,NV,UT,-7.91,lower
Reading,8,2024,NV,VA,-2.97,equal
Reading,8,2024,NV,VT,-4,lower
Reading,8,2024,NV,WA,-5.98,lower
Reading,8,2024,NV,WI,-6.8,lower
Reading,8,2024,NV,WV,5.93,higher
Reading,8,2024,NV,WY,-6.68,lower
Reading,8,2024,NY,AK,10.42,higher
Reading,8,2024,NY,AL,7.27,higher
Reading,8,2024,NY,AR,2.09,equal
Reading,8,2024,NY,AZ,2.52,equal
Reading,8,2024,NY,CA,2.5,equal
Reading,8,2024,NY,CO,-7.67,lower
Reading,8,2024,NY,CT,-6.23,equal
Reading,8,2024,NY,DC,5.57,equal
Reading,8,2024,NY,DE,7.42,higher
Reading,8,2024,NY,DS,-25.25,lower
Reading,8,2024,NY,FL,4.01,equal
Reading,8,2024,NY,GA,-2.46,equal
Reading,8,2024,NY,HI,-0.42,equal
Reading,8,2024,NY,IA,-3.83,equal
Reading,8,2024,NY,ID,-3.86,equal
Reading,8,2024,NY,IL,-4.75,equal
Reading,8,2024,NY,IN,-4.79,equal
Reading,8,2024,NY,KS,1.38,equal
Reading,8,2024,NY,KY,-1.13,equal
Reading,8,2024,NY,LA,0.33,equal
Reading,8,2024,NY,MA,-11.14,lower
Reading,8,2024,NY,MD,-1.46,equal
Reading,8,2024,NY,ME,1.82,equal
Reading,8,2024,NY,MI,1.81,equal
Reading,8,2024,NY,MN,-3.2,equal
Reading,8,2024,NY,MO,1.59,equal
Reading,8,2024,NY,MS,3.4,equal
Reading,8,2024,NY,MT,-3.66,equal
Reading,8,2024,NY,NC,1.97,equal
Reading,8,2024,NY,ND,-0.52,equal
Reading,8,2024,NY,NE,0.74,equal
Reading,8,2024,NY,NH,-7.05,lower
Reading,8,2024,NY,NJ,-9.09,lower
Reading,8,2024,NY,NM,11.81,higher
Reading,8,2024,NY,NP,0.21,equal
Reading,8,2024,NY,NV,3.58,equal
Reading,8,2024,NY,OH,-3.55,equal
Reading,8,2024,NY,OK,8.08,higher
Reading,8,2024,NY,OR,2.04,equal
Reading,8,2024,NY,PA,-2.28,equal
Reading,8,2024,NY,RI,-0.9,equal
Reading,8,2024,NY,SC,3.18,equal
Reading,8,2024,NY,SD,-3.02,equal
Reading,8,2024,NY,TN,-2.1,equal
Reading,8,2024,NY,TX,4.6,equal
Reading,8,2024,NY,UT,-4.33,equal
Reading,8,2024,NY,VA,0.61,equal
Reading,8,2024,NY,VT,-0.42,equal
Reading,8,2024,NY,WA,-2.4,equal
Reading,8,2024,NY,WI,-3.22,equal
Reading,8,2024,NY,WV,9.51,higher
Reading,8,2024,NY,WY,-3.1,equal
Reading,8,2024,OH,AK,13.97,higher
Reading,8,2024,OH,AL,10.82,higher
Reading,8,2024,OH,AR,5.65,higher
Reading,8,2024,OH,AZ,6.08,higher
Reading,8,2024,OH,CA,6.05,higher
Reading,8,2024,OH,CO,-4.12,equal
Reading,8,2024,OH,CT,-2.68,equal
Reading,8,2024,OH,DC,9.12,higher
Reading,8,2024,OH,DE,10.97,higher
Reading,8,2024,OH,DS,-21.7,lower
Reading,8,2024,OH,FL,7.56,higher
Reading,8,2024,OH,GA,1.09,equal
Reading,8,2024,OH,HI,3.14,equal
Reading,8,2024,OH,IA,-0.28,equal
Reading,8,2024,OH,ID,-0.31,equal
Reading,8,2024,OH,IL,-1.2,equal
Reading,8,2024,OH,IN,-1.24,equal
Reading,8,2024,OH,KS,4.93,higher
Reading,8,2024,OH,KY,2.42,equal
Reading,8,2024,OH,LA,3.89,equal
Reading,8,2024,OH,MA,-7.59,lower
Reading,8,2024,OH,MD,2.1,equal
Reading,8,2024,OH,ME,5.38,higher
Reading,8,2024,OH,MI,5.36,higher
Reading,8,2024,OH,MN,0.35,equal
Reading,8,2024,OH,MO,5.14,higher
Reading,8,2024,OH,MS,6.95,higher
Reading,8,2024,OH,MT,-0.11,equal
Reading,8,2024,OH,NC,5.52,higher
Reading,8,2024,OH,ND,3.03,equal
Reading,8,2024,OH,NE,4.29,higher
Reading,8,2024,OH,NH,-3.49,equal
Reading,8,2024,OH,NJ,-5.54,lower
Reading,8,2024,OH,NM,15.36,higher
Reading,8,2024,OH,NP,3.76,higher
Reading,8,2024,OH,NV,7.13,higher
Reading,8,2024,OH,NY,3.55,equal
Reading,8,2024,OH,OK,11.63,higher
Reading,8,2024,OH,OR,5.59,higher
Reading,8,2024,OH,PA,1.27,equal
Reading,8,2024,OH,RI,2.65,equal
Reading,8,2024,OH,SC,6.73,higher
Reading,8,2024,OH,SD,0.53,equal
Reading,8,2024,OH,TN,1.46,equal
Reading,8,2024,OH,TX,8.15,higher
Reading,8,2024,OH,UT,-0.77,equal
Reading,8,2024,OH,VA,4.16,equal
Reading,8,2024,OH,VT,3.14,equal
Reading,8,2024,OH,WA,1.15,equal
Reading,8,2024,OH,WI,0.33,equal
Reading,8,2024,OH,WV,13.06,higher
Reading,8,2024,OH,WY,0.45,equal
Reading,8,2024,OK,AK,2.34,equal
Reading,8,2024,OK,AL,-0.81,equal
Reading,8,2024,OK,AR,-5.99,lower
Reading,8,2024,OK,AZ,-5.56,lower
Reading,8,2024,OK,CA,-5.58,lower
Reading,8,2024,OK,CO,-15.75,lower
Reading,8,2024,OK,CT,-14.31,lower
Reading,8,2024,OK,DC,-2.51,equal
Reading,8,2024,OK,DE,-0.66,equal
Reading,8,2024,OK,DS,-33.33,lower
Reading,8,2024,OK,FL,-4.07,equal
Reading,8,2024,OK,GA,-10.54,lower
Reading,8,2024,OK,HI,-8.5,lower
Reading,8,2024,OK,IA,-11.91,lower
Reading,8,2024,OK,ID,-11.94,lower
Reading,8,2024,OK,IL,-12.83,lower
Reading,8,2024,OK,IN,-12.87,lower
Reading,8,2024,OK,KS,-6.7,lower
Reading,8,2024,OK,KY,-9.21,lower
Reading,8,2024,OK,LA,-7.75,lower
Reading,8,2024,OK,MA,-19.22,lower
Reading,8,2024,OK,MD,-9.54,lower
Reading,8,2024,OK,ME,-6.26,lower
Reading,8,2024,OK,MI,-6.27,lower
Reading,8,2024,OK,MN,-11.28,lower
Reading,8,2024,OK,MO,-6.49,lower
Reading,8,2024,OK,MS,-4.68,lower
Reading,8,2024,OK,MT,-11.74,lower
Reading,8,2024,OK,NC,-6.11,lower
Reading,8,2024,OK,ND,-8.6,lower
Reading,8,2024,OK,NE,-7.35,lower
Reading,8,2024,OK,NH,-15.13,lower
Reading,8,2024,OK,NJ,-17.18,lower
Reading,8,2024,OK,NM,3.73,equal
Reading,8,2024,OK,NP,-7.88,lower
Reading,8,2024,OK,NV,-4.5,equal
Reading,8,2024,OK,NY,-8.08,lower
Reading,8,2024,OK,OH,-11.63,lower
Reading,8,2024,OK,OR,-6.04,lower
Reading,8,2024,OK,PA,-10.36,lower
Reading,8,2024,OK,RI,-8.98,lower
Reading,8,2024,OK,SC,-4.9,lower
Reading,8,2024,OK,SD,-11.1,lower
Reading,8,2024,OK,TN,-10.18,lower
Reading,8,2024,OK,TX,-3.48,equal
Reading,8,2024,OK,UT,-12.41,lower
Reading,8,2024,OK,VA,-7.47,lower
Reading,8,2024,OK,VT,-8.5,lower
Reading,8,2024,OK,WA,-10.48,lower
Reading,8,2024,OK,WI,-11.3,lower
Reading,8,2024,OK,WV,1.43,equal
Reading,8,2024,OK,WY,-11.18,lower
Reading,8,2024,OR,AK,8.38,higher
Reading,8,2024,OR,AL,5.23,higher
Reading,8,2024,OR,AR,0.05,equal
Reading,8,2024,OR,AZ,0.49,equal
Reading,8,2024,OR,CA,0.46,equal
Reading,8,2024,OR,CO,-9.71,lower
Reading,8,2024,OR,CT,-8.27,lower
Reading,8,2024,OR,DC,3.53,higher
Reading,8,2024,OR,DE,5.38,higher
Reading,8,2024,OR,DS,-27.29,lower
Reading,8,2024,OR,FL,1.97,equal
Reading,8,2024,OR,GA,-4.5,lower
Reading,8,2024,OR,HI,-2.45,equal
Reading,8,2024,OR,IA,-5.87,lower
Reading,8,2024,OR,ID,-5.9,lower
Reading,8,2024,OR,IL,-6.79,lower
Reading,8,2024,OR,IN,-6.83,lower
Reading,8,2024,OR,KS,-0.66,equal
Reading,8,2024,OR,KY,-3.17,equal
Reading,8,2024,OR,LA,-1.7,equal
Reading,8,2024,OR,MA,-13.18,lower
Reading,8,2024,OR,MD,-3.49,equal
Reading,8,2024,OR,ME,-0.21,equal
Reading,8,2024,OR,MI,-0.23,equal
Reading,8,2024,OR,MN,-5.24,lower
Reading,8,2024,OR,MO,-0.45,equal
Reading,8,2024,OR,MS,1.36,equal
Reading,8,2024,OR,MT,-5.7,lower
Reading,8,2024,OR,NC,-0.07,equal
Reading,8,2024,OR,ND,-2.56,equal
Reading,8,2024,OR,NE,-1.3,equal
Reading,8,2024,OR,NH,-9.08,lower
Reading,8,2024,OR,NJ,-11.13,lower
Reading,8,2024,OR,NM,9.77,higher
Reading,8,2024,OR,NP,-1.83,equal
Reading,8,2024,OR,NV,1.54,equal
Reading,8,2024,OR,NY,-2.04,equal
Reading,8,2024,OR,OH,-5.59,lower
Reading,8,2024,OR,OK,6.04,higher
Reading,8,2024,OR,PA,-4.32,lower
Reading,8,2024,OR,RI,-2.94,equal
Reading,8,2024,OR,SC,1.14,equal
Reading,8,2024,OR,SD,-5.06,lower
Reading,8,2024,OR,TN,-4.14,equal
Reading,8,2024,OR,TX,2.56,equal
Reading,8,2024,OR,UT,-6.36,lower
Reading,8,2024,OR,VA,-1.43,equal
Reading,8,2024,OR,VT,-2.45,equal
Reading,8,2024,OR,WA,-4.44,lower
Reading,8,2024,OR,WI,-5.26,lower
Reading,8,2024,OR,WV,7.47,higher
Reading,8,2024,OR,WY,-5.14,lower
Reading,8,2024,PA,AK,12.7,higher
Reading,8,2024,PA,AL,9.55,higher
Reading,8,2024,PA,AR,4.37,higher
Reading,8,2024,PA,AZ,4.8,equal
Reading,8,2024,PA,CA,4.78,equal
Reading,8,2024,PA,CO,-5.39,lower
Reading,8,2024,PA,CT,-3.95,equal
Reading,8,2024,PA,DC,7.85,higher
Reading,8,2024,PA,DE,9.7,higher
Reading,8,2024,PA,DS,-22.97,lower
Reading,8,2024,PA,FL,6.29,higher
Reading,8,2024,PA,GA,-0.18,equal
Reading,8,2024,PA,HI,1.86,equal
Reading,8,2024,PA,IA,-1.55,equal
Reading,8,2024,PA,ID,-1.58,equal
Reading,8,2024,PA,IL,-2.47,equal
Reading,8,2024,PA,IN,-2.51,equal
Reading,8,2024,PA,KS,3.66,equal
Reading,8,2024,PA,KY,1.15,equal
Reading,8,2024,PA,LA,2.61,equal
Reading,8,2024,PA,MA,-8.86,lower
Reading,8,2024,PA,MD,0.82,equal
Reading,8,2024,PA,ME,4.1,equal
Reading,8,2024,PA,MI,4.09,equal
Reading,8,2024,PA,MN,-0.92,equal
Reading,8,2024,PA,MO,3.87,equal
Reading,8,2024,PA,MS,5.68,higher
Reading,8,2024,PA,MT,-1.38,equal
Reading,8,2024,PA,NC,4.25,equal
Reading,8,2024,PA,ND,1.76,equal
Reading,8,2024,PA,NE,3.01,equal
Reading,8,2024,PA,NH,-4.77,lower
Reading,8,2024,PA,NJ,-6.82,lower
Reading,8,2024,PA,NM,14.09,higher
Reading,8,2024,PA,NP,2.48,equal
Reading,8,2024,PA,NV,5.86,higher
Reading,8,2024,PA,NY,2.28,equal
Reading,8,2024,PA,OH,-1.27,equal
Reading,8,2024,PA,OK,10.36,higher
Reading,8,2024,PA,OR,4.32,higher
Reading,8,2024,PA,RI,1.38,equal
Reading,8,2024,PA,SC,5.46,higher
Reading,8,2024,PA,SD,-0.74,equal
Reading,8,2024,PA,TN,0.18,equal
Reading,8,2024,PA,TX,6.88,higher
Reading,8,2024,PA,UT,-2.05,equal
Reading,8,2024,PA,VA,2.89,equal
Reading,8,2024,PA,VT,1.86,equal
Reading,8,2024,PA,WA,-0.12,equal
Reading,8,2024,PA,WI,-0.94,equal
Reading,8,2024,PA,WV,11.79,higher
Reading,8,2024,PA,WY,-0.82,equal
Reading,8,2024,RI,AK,11.32,higher
Reading,8,2024,RI,AL,8.17,higher
Reading,8,2024,RI,AR,2.99,equal
Reading,8,2024,RI,AZ,3.42,equal
Reading,8,2024,RI,CA,3.4,equal
Reading,8,2024,RI,CO,-6.77,lower
Reading,8,2024,RI,CT,-5.33,lower
Reading,8,2024,RI,DC,6.47,higher
Reading,8,2024,RI,DE,8.32,higher
Reading,8,2024,RI,DS,-24.35,lower
Reading,8,2024,RI,FL,4.91,higher
Reading,8,2024,RI,GA,-1.56,equal
Reading,8,2024,RI,HI,0.48,equal
Reading,8,2024,RI,IA,-2.93,equal
Reading,8,2024,RI,ID,-2.96,equal
Reading,8,2024,RI,IL,-3.85,lower
Reading,8,2024,RI,IN,-3.89,lower
Reading,8,2024,RI,KS,2.28,equal
Reading,8,2024,RI,KY,-0.23,equal
Reading,8,2024,RI,LA,1.23,equal
Reading,8,2024,RI,MA,-10.24,lower
Reading,8,2024,RI,MD,-0.56,equal
Reading,8,2024,RI,ME,2.72,equal
Reading,8,2024,RI,MI,2.71,equal
Reading,8,2024,RI,MN,-2.3,equal
Reading,8,2024,RI,MO,2.49,equal
Reading,8,2024,RI,MS,4.3,higher
Reading,8,2024,RI,MT,-2.76,equal
Reading,8,2024,RI,NC,2.87,equal
Reading,8,2024,RI,ND,0.38,equal
Reading,8,2024,RI,NE,1.64,equal
Reading,8,2024,RI,NH,-6.15,lower
Reading,8,2024,RI,NJ,-8.19,lower
Reading,8,2024,RI,NM,12.71,higher
Reading,8,2024,RI,NP,1.1,equal
Reading,8,2024,RI,NV,4.48,higher
Reading,8,2024,RI,NY,0.9,equal
Reading,8,2024,RI,OH,-2.65,equal
Reading,8,2024,RI,OK,8.98,higher
Reading,8,2024,RI,OR,2.94,equal
Reading,8,2024,RI,PA,-1.38,equal
Reading,8,2024,RI,SC,4.08,higher
Reading,8,2024,RI,SD,-2.12,equal
Reading,8,2024,RI,TN,-1.2,equal
Reading,8,2024,RI,TX,5.5,higher
Reading,8,2024,RI,UT,-3.43,lower
Reading,8,2024,RI,VA,1.51,equal
Reading,8,2024,RI,VT,0.48,equal
Reading,8,2024,RI,WA,-1.5,equal
Reading,8,2024,RI,WI,-2.32,equal
Reading,8,2024,RI,WV,10.41,higher
Reading,8,2024,RI,WY,-2.2,equal
Reading,8,2024,SC,AK,7.24,higher
Reading,8,2024,SC,AL,4.09,equal
Reading,8,2024,SC,AR,-1.09,equal
Reading,8,2024,SC,AZ,-0.66,equal
Reading,8,2024,SC,CA,-0.68,equal
Reading,8,2024,SC,CO,-10.85,lower
Reading,8,2024,SC,CT,-9.41,lower
Reading,8,2024,SC,DC,2.39,equal
Reading,8,2024,SC,DE,4.24,higher
Reading,8,2024,SC,DS,-28.43,lower
Reading,8,2024,SC,FL,0.83,equal
Reading,8,2024,SC,GA,-5.64,lower
Reading,8,2024,SC,HI,-3.6,lower
Reading,8,2024,SC,IA,-7.01,lower
Reading,8,2024,SC,ID,-7.04,lower
Reading,8,2024,SC,IL,-7.93,lower
Reading,8,2024,SC,IN,-7.97,lower
Reading,8,2024,SC,KS,-1.8,equal
Reading,8,2024,SC,KY,-4.31,lower
Reading,8,2024,SC,LA,-2.85,equal
Reading,8,2024,SC,MA,-14.32,lower
Reading,8,2024,SC,MD,-4.64,lower
Reading,8,2024,SC,ME,-1.36,equal
Reading,8,2024,SC,MI,-1.37,equal
Reading,8,2024,SC,MN,-6.38,lower
Reading,8,2024,SC,MO,-1.59,equal
Reading,8,2024,SC,MS,0.22,equal
Reading,8,2024,SC,MT,-6.84,lower
Reading,8,2024,SC,NC,-1.21,equal
Reading,8,2024,SC,ND,-3.7,lower
Reading,8,2024,SC,NE,-2.44,equal
Reading,8,2024,SC,NH,-10.23,lower
Reading,8,2024,SC,NJ,-12.27,lower
Reading,8,2024,SC,NM,8.63,higher
Reading,8,2024,SC,NP,-2.98,lower
Reading,8,2024,SC,NV,0.4,equal
Reading,8,2024,SC,NY,-3.18,equal
Reading,8,2024,SC,OH,-6.73,lower
Reading,8,2024,SC,OK,4.9,higher
Reading,8,2024,SC,OR,-1.14,equal
Reading,8,2024,SC,PA,-5.46,lower
Reading,8,2024,SC,RI,-4.08,lower
Reading,8,2024,SC,SD,-6.2,lower
Reading,8,2024,SC,TN,-5.28,lower
Reading,8,2024,SC,TX,1.42,equal
Reading,8,2024,SC,UT,-7.51,lower
Reading,8,2024,SC,VA,-2.57,equal
Reading,8,2024,SC,VT,-3.6,equal
Reading,8,2024,SC,WA,-5.58,lower
Reading,8,2024,SC,WI,-6.4,lower
Reading,8,2024,SC,WV,6.33,higher
Reading,8,2024,SC,WY,-6.28,lower
Reading,8,2024,SD,AK,13.44,higher
Reading,8,2024,SD,AL,10.29,higher
Reading,8,2024,SD,AR,5.11,higher
Reading,8,2024,SD,AZ,5.54,higher
Reading,8,2024,SD,CA,5.51,higher
Reading,8,2024,SD,CO,-4.65,lower
Reading,8,2024,SD,CT,-3.21,equal
Reading,8,2024,SD,DC,8.59,higher
Reading,8,2024,SD,DE,10.43,higher
Reading,8,2024,SD,DS,-22.24,lower
Reading,8,2024,SD,FL,7.03,higher
Reading,8,2024,SD,GA,0.56,equal
Reading,8,2024,SD,HI,2.6,equal
Reading,8,2024,SD,IA,-0.81,equal
Reading,8,2024,SD,ID,-0.84,equal
Reading,8,2024,SD,IL,-1.73,equal
Reading,8,2024,SD,IN,-1.77,equal
Reading,8,2024,SD,KS,4.4,higher
Reading,8,2024,SD,KY,1.89,equal
Reading,8,2024,SD,LA,3.35,equal
Reading,8,2024,SD,MA,-8.12,lower
Reading,8,2024,SD,MD,1.56,equal
Reading,8,2024,SD,ME,4.84,higher
Reading,8,2024,SD,MI,4.82,higher
Reading,8,2024,SD,MN,-0.18,equal
Reading,8,2024,SD,MO,4.61,higher
Reading,8,2024,SD,MS,6.42,higher
Reading,8,2024,SD,MT,-0.65,equal
Reading,8,2024,SD,NC,4.98,higher
Reading,8,2024,SD,ND,2.5,equal
Reading,8,2024,SD,NE,3.75,higher
Reading,8,2024,SD,NH,-4.03,lower
Reading,8,2024,SD,NJ,-6.08,lower
Reading,8,2024,SD,NM,14.83,higher
Reading,8,2024,SD,NP,3.22,higher
Reading,8,2024,SD,NV,6.6,higher
Reading,8,2024,SD,NY,3.02,equal
Reading,8,2024,SD,OH,-0.53,equal
Reading,8,2024,SD,OK,11.1,higher
Reading,8,2024,SD,OR,5.06,higher
Reading,8,2024,SD,PA,0.74,equal
Reading,8,2024,SD,RI,2.12,equal
Reading,8,2024,SD,SC,6.2,higher
Reading,8,2024,SD,TN,0.92,equal
Reading,8,2024,SD,TX,7.62,higher
Reading,8,2024,SD,UT,-1.31,equal
Reading,8,2024,SD,VA,3.63,higher
Reading,8,2024,SD,VT,2.6,equal
Reading,8,2024,SD,WA,0.62,equal
Reading,8,2024,SD,WI,-0.2,equal
Reading,8,2024,SD,WV,12.53,higher
Reading,8,2024,SD,WY,-0.08,equal
Reading,8,2024,TN,AK,12.52,higher
Reading,8,2024,TN,AL,9.37,higher
Reading,8,2024,TN,AR,4.19,equal
Reading,8,2024,TN,AZ,4.62,equal
Reading,8,2024,TN,CA,4.59,equal
Reading,8,2024,TN,CO,-5.57,lower
Reading,8,2024,TN,CT,-4.13,equal
Reading,8,2024,TN,DC,7.67,higher
Reading,8,2024,TN,DE,9.51,higher
Reading,8,2024,TN,DS,-23.16,lower
Reading,8,2024,TN,FL,6.11,higher
Reading,8,2024,TN,GA,-0.36,equal
Reading,8,2024,TN,HI,1.68,equal
Reading,8,2024,TN,IA,-1.74,equal
Reading,8,2024,TN,ID,-1.76,equal
Reading,8,2024,TN,IL,-2.65,equal
Reading,8,2024,TN,IN,-2.69,equal
Reading,8,2024,TN,KS,3.48,equal
Reading,8,2024,TN,KY,0.97,equal
Reading,8,2024,TN,LA,2.43,equal
Reading,8,2024,TN,MA,-9.05,lower
Reading,8,2024,TN,MD,0.64,equal
Reading,8,2024,TN,ME,3.92,equal
Reading,8,2024,TN,MI,3.9,equal
Reading,8,2024,TN,MN,-1.1,equal
Reading,8,2024,TN,MO,3.68,equal
Reading,8,2024,TN,MS,5.5,higher
Reading,8,2024,TN,MT,-1.57,equal
Reading,8,2024,TN,NC,4.06,equal
Reading,8,2024,TN,ND,1.57,equal
Reading,8,2024,TN,NE,2.83,equal
Reading,8,2024,TN,NH,-4.95,lower
Reading,8,2024,TN,NJ,-7,lower
Reading,8,2024,TN,NM,13.91,higher
Reading,8,2024,TN,NP,2.3,equal
Reading,8,2024,TN,NV,5.68,higher
Reading,8,2024,TN,NY,2.1,equal
Reading,8,2024,TN,OH,-1.46,equal
Reading,8,2024,TN,OK,10.18,higher
Reading,8,2024,TN,OR,4.14,equal
Reading,8,2024,TN,PA,-0.18,equal
Reading,8,2024,TN,RI,1.2,equal
Reading,8,2024,TN,SC,5.28,higher
Reading,8,2024,TN,SD,-0.92,equal
Reading,8,2024,TN,TX,6.7,higher
Reading,8,2024,TN,UT,-2.23,equal
Reading,8,2024,TN,VA,2.71,equal
Reading,8,2024,TN,VT,1.68,equal
Reading,8,2024,TN,WA,-0.3,equal
Reading,8,2024,TN,WI,-1.12,equal
Reading,8,2024,TN,WV,11.6,higher
Reading,8,2024,TN,WY,-1,equal
Reading,8,2024,TX,AK,5.82,higher
Reading,8,2024,TX,AL,2.67,equal
Reading,8,2024,TX,AR,-2.51,equal
Reading,8,2024,TX,AZ,-2.08,equal
Reading,8,2024,TX,CA,-2.1,equal
Reading,8,2024,TX,CO,-12.27,lower
Reading,8,2024,TX,CT,-10.83,lower
Reading,8,2024,TX,DC,0.97,equal
Reading,8,2024,TX,DE,2.82,equal
Reading,8,2024,TX,DS,-29.85,lower
Reading,8,2024,TX,FL,-0.59,equal
Reading,8,2024,TX,GA,-7.06,lower
Reading,8,2024,TX,HI,-5.02,lower
Reading,8,2024,TX,IA,-8.43,lower
Reading,8,2024,TX,ID,-8.46,lower
Reading,8,2024,TX,IL,-9.35,lower
Reading,8,2024,TX,IN,-9.39,lower
Reading,8,2024,TX,KS,-3.22,equal
Reading,8,2024,TX,KY,-5.73,lower
Reading,8,2024,TX,LA,-4.27,equal
Reading,8,2024,TX,MA,-15.74,lower
Reading,8,2024,TX,MD,-6.06,lower
Reading,8,2024,TX,ME,-2.78,equal
Reading,8,2024,TX,MI,-2.8,equal
Reading,8,2024,TX,MN,-7.8,lower
Reading,8,2024,TX,MO,-3.01,equal
Reading,8,2024,TX,MS,-1.2,equal
Reading,8,2024,TX,MT,-8.27,lower
Reading,8,2024,TX,NC,-2.63,equal
Reading,8,2024,TX,ND,-5.12,lower
Reading,8,2024,TX,NE,-3.87,equal
Reading,8,2024,TX,NH,-11.65,lower
Reading,8,2024,TX,NJ,-13.7,lower
Reading,8,2024,TX,NM,7.21,higher
Reading,8,2024,TX,NP,-4.4,lower
Reading,8,2024,TX,NV,-1.02,equal
Reading,8,2024,TX,NY,-4.6,equal
Reading,8,2024,TX,OH,-8.15,lower
Reading,8,2024,TX,OK,3.48,equal
Reading,8,2024,TX,OR,-2.56,equal
Reading,8,2024,TX,PA,-6.88,lower
Reading,8,2024,TX,RI,-5.5,lower
Reading,8,2024,TX,SC,-1.42,equal
Reading,8,2024,TX,SD,-7.62,lower
Reading,8,2024,TX,TN,-6.7,lower
Reading,8,2024,TX,UT,-8.93,lower
Reading,8,2024,TX,VA,-3.99,equal
Reading,8,2024,TX,VT,-5.02,lower
Reading,8,2024,TX,WA,-7,lower
Reading,8,2024,TX,WI,-7.82,lower
Reading,8,2024,TX,WV,4.91,higher
Reading,8,2024,TX,WY,-7.7,lower
Reading,8,2024,UT,AK,14.74,higher
Reading,8,2024,UT,AL,11.59,higher
Reading,8,2024,UT,AR,6.42,higher
Reading,8,2024,UT,AZ,6.85,higher
Reading,8,2024,UT,CA,6.82,higher
Reading,8,2024,UT,CO,-3.34,equal
Reading,8,2024,UT,CT,-1.9,equal
Reading,8,2024,UT,DC,9.9,higher
Reading,8,2024,UT,DE,11.74,higher
Reading,8,2024,UT,DS,-20.93,lower
Reading,8,2024,UT,FL,8.34,higher
Reading,8,2024,UT,GA,1.87,equal
Reading,8,2024,UT,HI,3.91,higher
Reading,8,2024,UT,IA,0.49,equal
Reading,8,2024,UT,ID,0.47,equal
Reading,8,2024,UT,IL,-0.43,equal
Reading,8,2024,UT,IN,-0.46,equal
Reading,8,2024,UT,KS,5.7,higher
Reading,8,2024,UT,KY,3.19,equal
Reading,8,2024,UT,LA,4.66,higher
Reading,8,2024,UT,MA,-6.82,lower
Reading,8,2024,UT,MD,2.87,equal
Reading,8,2024,UT,ME,6.15,higher
Reading,8,2024,UT,MI,6.13,higher
Reading,8,2024,UT,MN,1.13,equal
Reading,8,2024,UT,MO,5.91,higher
Reading,8,2024,UT,MS,7.73,higher
Reading,8,2024,UT,MT,0.66,equal
Reading,8,2024,UT,NC,6.29,higher
Reading,8,2024,UT,ND,3.8,higher
Reading,8,2024,UT,NE,5.06,higher
Reading,8,2024,UT,NH,-2.72,equal
Reading,8,2024,UT,NJ,-4.77,lower
Reading,8,2024,UT,NM,16.14,higher
Reading,8,2024,UT,NP,4.53,higher
Reading,8,2024,UT,NV,7.91,higher
Reading,8,2024,UT,NY,4.33,equal
Reading,8,2024,UT,OH,0.77,equal
Reading,8,2024,UT,OK,12.41,higher
Reading,8,2024,UT,OR,6.36,higher
Reading,8,2024,UT,PA,2.05,equal
Reading,8,2024,UT,RI,3.43,higher
Reading,8,2024,UT,SC,7.51,higher
Reading,8,2024,UT,SD,1.31,equal
Reading,8,2024,UT,TN,2.23,equal
Reading,8,2024,UT,TX,8.93,higher
Reading,8,2024,UT,VA,4.94,higher
Reading,8,2024,UT,VT,3.91,higher
Reading,8,2024,UT,WA,1.92,equal
Reading,8,2024,UT,WI,1.1,equal
Reading,8,2024,UT,WV,13.83,higher
Reading,8,2024,UT,WY,1.23,equal
Reading,8,2024,VA,AK,9.81,higher
Reading,8,2024,VA,AL,6.66,higher
Reading,8,2024,VA,AR,1.48,equal
Reading,8,2024,VA,AZ,1.91,equal
Reading,8,2024,VA,CA,1.89,equal
Reading,8,2024,VA,CO,-8.28,lower
Reading,8,2024,VA,CT,-6.84,lower
Reading,8,2024,VA,DC,4.96,higher
Reading,8,2024,VA,DE,6.81,higher
Reading,8,2024,VA,DS,-25.86,lower
Reading,8,2024,VA,FL,3.4,equal
Reading,8,2024,VA,GA,-3.07,equal
Reading,8,2024,VA,HI,-1.03,equal
Reading,8,2024,VA,IA,-4.44,lower
Reading,8,2024,VA,ID,-4.47,lower
Reading,8,2024,VA,IL,-5.36,lower
Reading,8,2024,VA,IN,-5.4,lower
Reading,8,2024,VA,KS,0.77,equal
Reading,8,2024,VA,KY,-1.74,equal
Reading,8,2024,VA,LA,-0.28,equal
Reading,8,2024,VA,MA,-11.75,lower
Reading,8,2024,VA,MD,-2.07,equal
Reading,8,2024,VA,ME,1.21,equal
Reading,8,2024,VA,MI,1.2,equal
Reading,8,2024,VA,MN,-3.81,equal
Reading,8,2024,VA,MO,0.98,equal
Reading,8,2024,VA,MS,2.79,equal
Reading,8,2024,VA,MT,-4.27,lower
Reading,8,2024,VA,NC,1.36,equal
Reading,8,2024,VA,ND,-1.13,equal
Reading,8,2024,VA,NE,0.13,equal
Reading,8,2024,VA,NH,-7.66,lower
Reading,8,2024,VA,NJ,-9.71,lower
Reading,8,2024,VA,NM,11.2,higher
Reading,8,2024,VA,NP,-0.41,equal
Reading,8,2024,VA,NV,2.97,equal
Reading,8,2024,VA,NY,-0.61,equal
Reading,8,2024,VA,OH,-4.16,equal
Reading,8,2024,VA,OK,7.47,higher
Reading,8,2024,VA,OR,1.43,equal
Reading,8,2024,VA,PA,-2.89,equal
Reading,8,2024,VA,RI,-1.51,equal
Reading,8,2024,VA,SC,2.57,equal
Reading,8,2024,VA,SD,-3.63,lower
Reading,8,2024,VA,TN,-2.71,equal
Reading,8,2024,VA,TX,3.99,equal
Reading,8,2024,VA,UT,-4.94,lower
Reading,8,2024,VA,VT,-1.03,equal
Reading,8,2024,VA,WA,-3.01,equal
Reading,8,2024,VA,WI,-3.83,equal
Reading,8,2024,VA,WV,8.9,higher
Reading,8,2024,VA,WY,-3.71,lower
Reading,8,2024,VT,AK,10.83,higher
Reading,8,2024,VT,AL,7.68,higher
Reading,8,2024,VT,AR,2.51,equal
Reading,8,2024,VT,AZ,2.94,equal
Reading,8,2024,VT,CA,2.91,equal
Reading,8,2024,VT,CO,-7.25,lower
Reading,8,2024,VT,CT,-5.81,lower
Reading,8,2024,VT,DC,5.99,higher
Reading,8,2024,VT,DE,7.83,higher
Reading,8,2024,VT,DS,-24.84,lower
Reading,8,2024,VT,FL,4.43,higher
Reading,8,2024,VT,GA,-2.04,equal
Reading,8,2024,VT,HI,-0,equal
Reading,8,2024,VT,IA,-3.42,equal
Reading,8,2024,VT,ID,-3.45,equal
Reading,8,2024,VT,IL,-4.34,lower
Reading,8,2024,VT,IN,-4.37,lower
Reading,8,2024,VT,KS,1.79,equal
Reading,8,2024,VT,KY,-0.72,equal
Reading,8,2024,VT,LA,0.75,equal
Reading,8,2024,VT,MA,-10.73,lower
Reading,8,2024,VT,MD,-1.04,equal
Reading,8,2024,VT,ME,2.24,equal
Reading,8,2024,VT,MI,2.22,equal
Reading,8,2024,VT,MN,-2.78,equal
Reading,8,2024,VT,MO,2,equal
Reading,8,2024,VT,MS,3.82,higher
Reading,8,2024,VT,MT,-3.25,equal
Reading,8,2024,VT,NC,2.38,equal
Reading,8,2024,VT,ND,-0.11,equal
Reading,8,2024,VT,NE,1.15,equal
Reading,8,2024,VT,NH,-6.63,lower
Reading,8,2024,VT,NJ,-8.68,lower
Reading,8,2024,VT,NM,12.23,higher
Reading,8,2024,VT,NP,0.62,equal
Reading,8,2024,VT,NV,4,higher
Reading,8,2024,VT,NY,0.42,equal
Reading,8,2024,VT,OH,-3.14,equal
Reading,8,2024,VT,OK,8.5,higher
Reading,8,2024,VT,OR,2.45,equal
Reading,8,2024,VT,PA,-1.86,equal
Reading,8,2024,VT,RI,-0.48,equal
Reading,8,2024,VT,SC,3.6,equal
Reading,8,2024,VT,SD,-2.6,equal
Reading,8,2024,VT,TN,-1.68,equal
Reading,8,2024,VT,TX,5.02,higher
Reading,8,2024,VT,UT,-3.91,lower
Reading,8,2024,VT,VA,1.03,equal
Reading,8,2024,VT,WA,-1.99,equal
Reading,8,2024,VT,WI,-2.81,equal
Reading,8,2024,VT,WV,9.92,higher
Reading,8,2024,VT,WY,-2.68,equal
Reading,8,2024,WA,AK,12.82,higher
Reading,8,2024,WA,AL,9.67,higher
Reading,8,2024,WA,AR,4.49,higher
Reading,8,2024,WA,AZ,4.93,equal
Reading,8,2024,WA,CA,4.9,equal
Reading,8,2024,WA,CO,-5.27,lower
Reading,8,2024,WA,CT,-3.83,equal
Reading,8,2024,WA,DC,7.97,higher
Reading,8,2024,WA,DE,9.82,higher
Reading,8,2024,WA,DS,-22.85,lower
Reading,8,2024,WA,FL,6.41,higher
Reading,8,2024,WA,GA,-0.06,equal
Reading,8,2024,WA,HI,1.99,equal
Reading,8,2024,WA,IA,-1.43,equal
Reading,8,2024,WA,ID,-1.46,equal
Reading,8,2024,WA,IL,-2.35,equal
Reading,8,2024,WA,IN,-2.39,equal
Reading,8,2024,WA,KS,3.78,equal
Reading,8,2024,WA,KY,1.27,equal
Reading,8,2024,WA,LA,2.73,equal
Reading,8,2024,WA,MA,-8.74,lower
Reading,8,2024,WA,MD,0.95,equal
Reading,8,2024,WA,ME,4.23,equal
Reading,8,2024,WA,MI,4.21,equal
Reading,8,2024,WA,MN,-0.8,equal
Reading,8,2024,WA,MO,3.99,equal
Reading,8,2024,WA,MS,5.8,higher
Reading,8,2024,WA,MT,-1.26,equal
Reading,8,2024,WA,NC,4.37,equal
Reading,8,2024,WA,ND,1.88,equal
Reading,8,2024,WA,NE,3.14,equal
Reading,8,2024,WA,NH,-4.64,lower
Reading,8,2024,WA,NJ,-6.69,lower
Reading,8,2024,WA,NM,14.21,higher
Reading,8,2024,WA,NP,2.61,equal
Reading,8,2024,WA,NV,5.98,higher
Reading,8,2024,WA,NY,2.4,equal
Reading,8,2024,WA,OH,-1.15,equal
Reading,8,2024,WA,OK,10.48,higher
Reading,8,2024,WA,OR,4.44,higher
Reading,8,2024,WA,PA,0.12,equal
Reading,8,2024,WA,RI,1.5,equal
Reading,8,2024,WA,SC,5.58,higher
Reading,8,2024,WA,SD,-0.62,equal
Reading,8,2024,WA,TN,0.3,equal
Reading,8,2024,WA,TX,7,higher
Reading,8,2024,WA,UT,-1.92,equal
Reading,8,2024,WA,VA,3.01,equal
Reading,8,2024,WA,VT,1.99,equal
Reading,8,2024,WA,WI,-0.82,equal
Reading,8,2024,WA,WV,11.91,higher
Reading,8,2024,WA,WY,-0.7,equal
Reading,8,2024,WI,AK,13.64,higher
Reading,8,2024,WI,AL,10.49,higher
Reading,8,2024,WI,AR,5.32,higher
Reading,8,2024,WI,AZ,5.75,higher
Reading,8,2024,WI,CA,5.72,higher
Reading,8,2024,WI,CO,-4.45,equal
Reading,8,2024,WI,CT,-3.01,equal
Reading,8,2024,WI,DC,8.79,higher
Reading,8,2024,WI,DE,10.64,higher
Reading,8,2024,WI,DS,-22.03,lower
Reading,8,2024,WI,FL,7.23,higher
Reading,8,2024,WI,GA,0.76,equal
Reading,8,2024,WI,HI,2.81,equal
Reading,8,2024,WI,IA,-0.61,equal
Reading,8,2024,WI,ID,-0.64,equal
Reading,8,2024,WI,IL,-1.53,equal
Reading,8,2024,WI,IN,-1.57,equal
Reading,8,2024,WI,KS,4.6,higher
Reading,8,2024,WI,KY,2.09,equal
Reading,8,2024,WI,LA,3.56,equal
Reading,8,2024,WI,MA,-7.92,lower
Reading,8,2024,WI,MD,1.77,equal
Reading,8,2024,WI,ME,5.05,higher
Reading,8,2024,WI,MI,5.03,higher
Reading,8,2024,WI,MN,0.02,equal
Reading,8,2024,WI,MO,4.81,higher
Reading,8,2024,WI,MS,6.62,higher
Reading,8,2024,WI,MT,-0.44,equal
Reading,8,2024,WI,NC,5.19,higher
Reading,8,2024,WI,ND,2.7,equal
Reading,8,2024,WI,NE,3.96,equal
Reading,8,2024,WI,NH,-3.82,equal
Reading,8,2024,WI,NJ,-5.87,lower
Reading,8,2024,WI,NM,15.03,higher
Reading,8,2024,WI,NP,3.43,equal
Reading,8,2024,WI,NV,6.8,higher
Reading,8,2024,WI,NY,3.22,equal
Reading,8,2024,WI,OH,-0.33,equal
Reading,8,2024,WI,OK,11.3,higher
Reading,8,2024,WI,OR,5.26,higher
Reading,8,2024,WI,PA,0.94,equal
Reading,8,2024,WI,RI,2.32,equal
Reading,8,2024,WI,SC,6.4,higher
Reading,8,2024,WI,SD,0.2,equal
Reading,8,2024,WI,TN,1.12,equal
Reading,8,2024,WI,TX,7.82,higher
Reading,8,2024,WI,UT,-1.1,equal
Reading,8,2024,WI,VA,3.83,equal
Reading,8,2024,WI,VT,2.81,equal
Reading,8,2024,WI,WA,0.82,equal
Reading,8,2024,WI,WV,12.73,higher
Reading,8,2024,WI,WY,0.12,equal
Reading,8,2024,WV,AK,0.91,equal
Reading,8,2024,WV,AL,-2.24,equal
Reading,8,2024,WV,AR,-7.41,lower
Reading,8,2024,WV,AZ,-6.98,lower
Reading,8,2024,WV,CA,-7.01,lower
Reading,8,2024,WV,CO,-17.18,lower
Reading,8,2024,WV,CT,-15.74,lower
Reading,8,2024,WV,DC,-3.94,lower
Reading,8,2024,WV,DE,-2.09,equal
Reading,8,2024,WV,DS,-34.76,lower
Reading,8,2024,WV,FL,-5.5,lower
Reading,8,2024,WV,GA,-11.97,lower
Reading,8,2024,WV,HI,-9.92,lower
Reading,8,2024,WV,IA,-13.34,lower
Reading,8,2024,WV,ID,-13.37,lower
Reading,8,2024,WV,IL,-14.26,lower
Reading,8,2024,WV,IN,-14.3,lower
Reading,8,2024,WV,KS,-8.13,lower
Reading,8,2024,WV,KY,-10.64,lower
Reading,8,2024,WV,LA,-9.17,lower
Reading,8,2024,WV,MA,-20.65,lower
Reading,8,2024,WV,MD,-10.96,lower
Reading,8,2024,WV,ME,-7.68,lower
Reading,8,2024,WV,MI,-7.7,lower
Reading,8,2024,WV,MN,-12.71,lower
Reading,8,2024,WV,MO,-7.92,lower
Reading,8,2024,WV,MS,-6.11,lower
Reading,8,2024,WV,MT,-13.17,lower
Reading,8,2024,WV,NC,-7.54,lower
Reading,8,2024,WV,ND,-10.03,lower
Reading,8,2024,WV,NE,-8.77,lower
Reading,8,2024,WV,NH,-16.55,lower
Reading,8,2024,WV,NJ,-18.6,lower
Reading,8,2024,WV,NM,2.3,equal
Reading,8,2024,WV,NP,-9.3,lower
Reading,8,2024,WV,NV,-5.93,lower
Reading,8,2024,WV,NY,-9.51,lower
Reading,8,2024,WV,OH,-13.06,lower
Reading,8,2024,WV,OK,-1.43,equal
Reading,8,2024,WV,OR,-7.47,lower
Reading,8,2024,WV,PA,-11.79,lower
Reading,8,2024,WV,RI,-10.41,lower
Reading,8,2024,WV,SC,-6.33,lower
Reading,8,2024,WV,SD,-12.53,lower
Reading,8,2024,WV,TN,-11.6,lower
Reading,8,2024,WV,TX,-4.91,lower
Reading,8,2024,WV,UT,-13.83,lower
Reading,8,2024,WV,VA,-8.9,lower
Reading,8,2024,WV,VT,-9.92,lower
Reading,8,2024,WV,WA,-11.91,lower
Reading,8,2024,WV,WI,-12.73,lower
Reading,8,2024,WV,WY,-12.61,lower
Reading,8,2024,WY,AK,13.52,higher
Reading,8,2024,WY,AL,10.37,higher
Reading,8,2024,WY,AR,5.19,higher
Reading,8,2024,WY,AZ,5.62,higher
Reading,8,2024,WY,CA,5.6,higher
Reading,8,2024,WY,CO,-4.57,lower
Reading,8,2024,WY,CT,-3.13,equal
Reading,8,2024,WY,DC,8.67,higher
Reading,8,2024,WY,DE,10.52,higher
Reading,8,2024,WY,DS,-22.15,lower
Reading,8,2024,WY,FL,7.11,higher
Reading,8,2024,WY,GA,0.64,equal
Reading,8,2024,WY,HI,2.68,equal
Reading,8,2024,WY,IA,-0.73,equal
Reading,8,2024,WY,ID,-0.76,equal
Reading,8,2024,WY,IL,-1.65,equal
Reading,8,2024,WY,IN,-1.69,equal
Reading,8,2024,WY,KS,4.48,higher
Reading,8,2024,WY,KY,1.97,equal
Reading,8,2024,WY,LA,3.43,equal
Reading,8,2024,WY,MA,-8.04,lower
Reading,8,2024,WY,MD,1.64,equal
Reading,8,2024,WY,ME,4.92,higher
Reading,8,2024,WY,MI,4.91,higher
Reading,8,2024,WY,MN,-0.1,equal
Reading,8,2024,WY,MO,4.69,higher
Reading,8,2024,WY,MS,6.5,higher
Reading,8,2024,WY,MT,-0.57,equal
Reading,8,2024,WY,NC,5.07,higher
Reading,8,2024,WY,ND,2.58,equal
Reading,8,2024,WY,NE,3.83,higher
Reading,8,2024,WY,NH,-3.95,lower
Reading,8,2024,WY,NJ,-6,lower
Reading,8,2024,WY,NM,14.91,higher
Reading,8,2024,WY,NP,3.3,higher
Reading,8,2024,WY,NV,6.68,higher
Reading,8,2024,WY,NY,3.1,equal
Reading,8,2024,WY,OH,-0.45,equal
Reading,8,2024,WY,OK,11.18,higher
Reading,8,2024,WY,OR,5.14,higher
Reading,8,2024,WY,PA,0.82,equal
Reading,8,2024,WY,RI,2.2,equal
Reading,8,2024,WY,SC,6.28,higher
Reading,8,2024,WY,SD,0.08,equal
Reading,8,2024,WY,TN,1,equal
Reading,8,2024,WY,TX,7.7,higher
Reading,8,2024,WY,UT,-1.23,equal
Reading,8,2024,WY,VA,3.71,higher
Reading,8,2024,WY,VT,2.68,equal
Reading,8,2024,WY,WA,0.7,equal
Reading,8,2024,WY,WI,-0.12,equal
Reading,8,2024,WY,WV,12.61,higher
