subject,grade,code,stat,year,earlier_year,gap,result
Mathematics,4,AK,mean,2024,2003,-7.13,lower
Mathematics,4,AK,mean,2024,2005,-9.65,lower
Mathematics,4,AK,mean,2024,2007,-11.41,lower
Mathematics,4,AK,mean,2024,2009,-11.35,lower
Mathematics,4,AK,mean,2024,2011,-10.5,lower
Mathematics,4,AK,mean,2024,2013,-10.26,lower
Mathematics,4,AK,mean,2024,2015,-10.47,lower
Mathematics,4,AK,mean,2024,2017,-4.6,lower
Mathematics,4,AK,mean,2024,2019,-6.45,lower
Mathematics,4,AK,mean,2024,2022,-0.06,equal
Mathematics,4,AK,p10,2024,2019,-13.37,lower
Mathematics,4,AK,p10,2024,2022,-3.53,equal
Mathematics,4,AK,p25,2024,2019,-11.9,lower
Mathematics,4,AK,p25,2024,2022,-2.43,equal
Mathematics,4,AK,p50,2024,2019,-6.07,lower
Mathematics,4,AK,p50,2024,2022,1.06,equal
Mathematics,4,AK,p75,2024,2019,-1.94,equal
Mathematics,4,AK,p75,2024,2022,2.5,equal
Mathematics,4,AK,p90,2024,2019,0.85,equal
Mathematics,4,AK,p90,2024,2022,3.59,equal
Mathematics,4,AL,mean,2024,2003,13.01,higher
Mathematics,4,AL,mean,2024,2005,11.28,higher
Mathematics,4,AL,mean,2024,2007,7.84,higher
Mathematics,4,AL,mean,2024,2009,8.39,higher
Mathematics,4,AL,mean,2024,2011,5.07,higher
Mathematics,4,AL,mean,2024,2013,3.49,equal
Mathematics,4,AL,mean,2024,2015,5.38,higher
Mathematics,4,AL,mean,2024,2017,4.19,higher
Mathematics,4,AL,mean,2024,2019,6.7,higher
Mathematics,4,AL,mean,2024,2022,6.32,higher
Mathematics,4,AL,p10,2024,2019,3.25,equal
Mathematics,4,AL,p10,2024,2022,2.58,equal
Mathematics,4,AL,p25,2024,2019,5.17,equal
Mathematics,4,AL,p25,2024,2022,5.48,equal
Mathematics,4,AL,p50,2024,2019,6.76,higher
Mathematics,4,AL,p50,2024,2022,7.21,higher
Mathematics,4,AL,p75,2024,2019,7.94,higher
Mathematics,4,AL,p75,2024,2022,8.7,higher
Mathematics,4,AL,p90,2024,2019,8.62,higher
Mathematics,4,AL,p90,2024,2022,8.13,higher
Mathematics,4,AR,mean,2024,2003,1.32,equal
Mathematics,4,AR,mean,2024,2005,-5.22,lower
Mathematics,4,AR,mean,2024,2007,-7.34,lower
Mathematics,4,AR,mean,2024,2009,-7.21,lower
Mathematics,4,AR,mean,2024,2011,-7.48,lower
Mathematics,4,AR,mean,2024,2013,-9.56,lower
Mathematics,4,AR,mean,2024,2015,-4.89,lower
Mathematics,4,AR,mean,2024,2017,-3.52,lower
Mathematics,4,AR,mean,2024,2019,-2.92,equal
Mathematics,4,AR,mean,2024,2022,2.19,equal
Mathematics,4,AR,p10,2024,2019,-6.67,equal
Mathematics,4,AR,p10,2024,2022,0.76,equal
Mathematics,4,AR,p25,2024,2019,-5.72,lower
Mathematics,4,AR,p25,2024,2022,1.04,equal
Mathematics,4,AR,p50,2024,2019,-3.31,equal
Mathematics,4,AR,p50,2024,2022,1.81,equal
Mathematics,4,AR,p75,2024,2019,-1.16,equal
Mathematics,4,AR,p75,2024,2022,3.15,equal
Mathematics,4,AR,p90,2024,2019,1.49,equal
Mathematics,4,AR,p90,2024,2022,4.54,equal
Mathematics,4,AZ,mean,2024,2003,3.5,equal
Mathematics,4,AZ,mean,2024,2005,2.61,equal
Mathematics,4,AZ,mean,2024,2007,0.47,equal
Mathematics,4,AZ,mean,2024,2009,2.42,equal
Mathematics,4,AZ,mean,2024,2011,-2.75,equal
Mathematics,4,AZ,mean,2024,2013,-7.89,lower
Mathematics,4,AZ,mean,2024,2015,-5.2,lower
Mathematics,4,AZ,mean,2024,2017,-2.02,equal
Mathematics,4,AZ,mean,2024,2019,-5.2,lower
Mathematics,4,AZ,mean,2024,2022,0.43,equal
Mathematics,4,AZ,p10,2024,2019,-10.35,lower
Mathematics,4,AZ,p10,2024,2022,-1.7,equal
Mathematics,4,AZ,p25,2024,2019,-8.44,lower
Mathematics,4,AZ,p25,2024,2022,-0.32,equal
Mathematics,4,AZ,p50,2024,2019,-4.95,equal
Mathematics,4,AZ,p50,2024,2022,1.13,equal
Mathematics,4,AZ,p75,2024,2019,-1.73,equal
Mathematics,4,AZ,p75,2024,2022,1.34,equal
Mathematics,4,AZ,p90,2024,2019,-0.07,equal
Mathematics,4,AZ,p90,2024,2022,1.44,equal
Mathematics,4,CA,mean,2024,2003,5.59,higher
Mathematics,4,CA,mean,2024,2005,2.68,equal
Mathematics,4,CA,mean,2024,2007,3.01,higher
Mathematics,4,CA,mean,2024,2009,1.37,equal
Mathematics,4,CA,mean,2024,2011,-1.12,equal
Mathematics,4,CA,mean,2024,2013,-0.61,equal
Mathematics,4,CA,mean,2024,2015,1.5,equal
Mathematics,4,CA,mean,2024,2017,0.78,equal
Mathematics,4,CA,mean,2024,2019,-1.68,equal
Mathematics,4,CA,mean,2024,2022,2.69,equal
Mathematics,4,CA,p10,2024,2019,-5.95,equal
Mathematics,4,CA,p10,2024,2022,0.24,equal
Mathematics,4,CA,p25,2024,2019,-4.91,lower
Mathematics,4,CA,p25,2024,2022,3.09,equal
Mathematics,4,CA,p50,2024,2019,-1.47,equal
Mathematics,4,CA,p50,2024,2022,4.43,higher
Mathematics,4,CA,p75,2024,2019,2.21,equal
Mathematics,4,CA,p75,2024,2022,4.81,equal
Mathematics,4,CA,p90,2024,2019,3.04,equal
Mathematics,4,CA,p90,2024,2022,3.09,equal
Mathematics,4,CO,mean,2024,2003,3.94,higher
Mathematics,4,CO,mean,2024,2005,-0.09,equal
Mathematics,4,CO,mean,2024,2007,-1.08,equal
Mathematics,4,CO,mean,2024,2009,-4,lower
Mathematics,4,CO,mean,2024,2011,-5.33,lower
Mathematics,4,CO,mean,2024,2013,-7.85,lower
Mathematics,4,CO,mean,2024,2015,-2.43,equal
Mathematics,4,CO,mean,2024,2017,-1.56,equal
Mathematics,4,CO,mean,2024,2019,-2.73,equal
Mathematics,4,CO,mean,2024,2022,2.96,equal
Mathematics,4,CO,p10,2024,2019,-5.25,equal
Mathematics,4,CO,p10,2024,2022,0.29,equal
Mathematics,4,CO,p25,2024,2019,-4.59,lower
Mathematics,4,CO,p25,2024,2022,2.07,equal
Mathematics,4,CO,p50,2024,2019,-2.97,equal
Mathematics,4,CO,p50,2024,2022,3.95,equal
Mathematics,4,CO,p75,2024,2019,-1.93,equal
Mathematics,4,CO,p75,2024,2022,4.17,equal
Mathematics,4,CO,p90,2024,2019,-1.05,equal
Mathematics,4,CO,p90,2024,2022,3.66,equal
Mathematics,4,CT,mean,2024,2003,-1.54,equal
Mathematics,4,CT,mean,2024,2005,-3.05,lower
Mathematics,4,CT,mean,2024,2007,-3.68,lower
Mathematics,4,CT,mean,2024,2009,-5.65,lower
Mathematics,4,CT,mean,2024,2011,-3.34,equal
Mathematics,4,CT,mean,2024,2013,-4.37,lower
Mathematics,4,CT,mean,2024,2015,-1.09,equal
Mathematics,4,CT,mean,2024,2017,-0.17,equal
Mathematics,4,CT,mean,2024,2019,-4.19,lower
Mathematics,4,CT,mean,2024,2022,2.72,equal
Mathematics,4,CT,p10,2024,2019,-12.47,lower
Mathematics,4,CT,p10,2024,2022,0.19,equal
Mathematics,4,CT,p25,2024,2019,-7.48,lower
Mathematics,4,CT,p25,2024,2022,2.55,equal
Mathematics,4,CT,p50,2024,2019,-3.53,equal
Mathematics,4,CT,p50,2024,2022,3.69,equal
Mathematics,4,CT,p75,2024,2019,0.25,equal
Mathematics,4,CT,p75,2024,2022,4.32,higher
Mathematics,4,CT,p90,2024,2019,2.18,equal
Mathematics,4,CT,p90,2024,2022,2.7,equal
Mathematics,4,DC,mean,2024,2003,25.71,higher
Mathematics,4,DC,mean,2024,2005,19.51,higher
Mathematics,4,DC,mean,2024,2007,16.93,higher
Mathematics,4,DC,mean,2024,2009,11.37,higher
Mathematics,4,DC,mean,2024,2011,8.83,higher
Mathematics,4,DC,mean,2024,2013,2.07,equal
Mathematics,4,DC,mean,2024,2015,-0.67,equal
Mathematics,4,DC,mean,2024,2017,-0.69,equal
Mathematics,4,DC,mean,2024,2019,-4,lower
Mathematics,4,DC,mean,2024,2022,7.99,higher
Mathematics,4,DC,p10,2024,2019,-11.22,lower
Mathematics,4,DC,p10,2024,2022,1.58,equal
Mathematics,4,DC,p25,2024,2019,-9.36,lower
Mathematics,4,DC,p25,2024,2022,5.29,higher
Mathematics,4,DC,p50,2024,2019,-4.93,lower
Mathematics,4,DC,p50,2024,2022,10.07,higher
Mathematics,4,DC,p75,2024,2019,0.08,equal
Mathematics,4,DC,p75,2024,2022,10.28,higher
Mathematics,4,DC,p90,2024,2019,4.72,equal
Mathematics,4,DC,p90,2024,2022,10.88,higher
Mathematics,4,DE,mean,2024,2003,-2.67,lower
Mathematics,4,DE,mean,2024,2005,-6.53,lower
Mathematics,4,DE,mean,2024,2007,-8.61,lower
Mathematics,4,DE,mean,2024,2009,-6.3,lower
Mathematics,4,DE,mean,2024,2011,-7.17,lower
Mathematics,4,DE,mean,2024,2013,-9.92,lower
Mathematics,4,DE,mean,2024,2015,-5.49,lower
Mathematics,4,DE,mean,2024,2017,-2.94,lower
Mathematics,4,DE,mean,2024,2019,-6.13,lower
Mathematics,4,DE,mean,2024,2022,7.61,higher
Mathematics,4,DE,p10,2024,2019,-12.55,lower
Mathematics,4,DE,p10,2024,2022,4.36,equal
Mathematics,4,DE,p25,2024,2019,-8.22,lower
Mathematics,4,DE,p25,2024,2022,7.84,higher
Mathematics,4,DE,p50,2024,2019,-4.64,lower
Mathematics,4,DE,p50,2024,2022,8.88,higher
Mathematics,4,DE,p75,2024,2019,-3.15,equal
Mathematics,4,DE,p75,2024,2022,8.78,higher
Mathematics,4,DE,p90,2024,2019,-2.9,equal
Mathematics,4,DE,p90,2024,2022,9.68,higher
Mathematics,4,DS,mean,2024,2003,13.52,higher
Mathematics,4,DS,mean,2024,2005,11.94,higher
Mathematics,4,DS,mean,2024,2007,10.63,higher
Mathematics,4,DS,mean,2024,2009,10.43,higher
Mathematics,4,DS,mean,2024,2011,9.89,higher
Mathematics,4,DS,mean,2024,2013,5.7,higher
Mathematics,4,DS,mean,2024,2015,3.14,higher
Mathematics,4,DS,mean,2024,2017,2.12,higher
Mathematics,4,DS,mean,2024,2019,0.24,equal
Mathematics,4,DS,mean,2024,2022,1.11,equal
Mathematics,4,DS,p10,2024,2019,-2.37,equal
Mathematics,4,DS,p10,2024,2022,-0.8,equal
Mathematics,4,DS,p25,2024,2019,-0.75,equal
Mathematics,4,DS,p25,2024,2022,0.56,equal
Mathematics,4,DS,p50,2024,2019,0.53,equal
Mathematics,4,DS,p50,2024,2022,1.89,equal
Mathematics,4,DS,p75,2024,2019,1.02,equal
Mathematics,4,DS,p75,2024,2022,1.68,equal
Mathematics,4,DS,p90,2024,2019,1.72,equal
Mathematics,4,DS,p90,2024,2022,1.66,equal
Mathematics,4,FL,mean,2024,2003,9.68,higher
Mathematics,4,FL,mean,2024,2005,4.47,higher
Mathematics,4,FL,mean,2024,2007,1.38,equal
Mathematics,4,FL,mean,2024,2009,1.46,equal
Mathematics,4,FL,mean,2024,2011,3.58,higher
Mathematics,4,FL,mean,2024,2013,1.73,equal
Mathematics,4,FL,mean,2024,2015,0.74,equal
Mathematics,4,FL,mean,2024,2017,-2.96,lower
Mathematics,4,FL,mean,2024,2019,-2.55,equal
Mathematics,4,FL,mean,2024,2022,2.57,equal
Mathematics,4,FL,p10,2024,2019,-9.74,lower
Mathematics,4,FL,p10,2024,2022,-0.9,equal
Mathematics,4,FL,p25,2024,2019,-4.67,lower
Mathematics,4,FL,p25,2024,2022,1.78,equal
Mathematics,4,FL,p50,2024,2019,-2.24,equal
Mathematics,4,FL,p50,2024,2022,2.94,equal
Mathematics,4,FL,p75,2024,2019,0.59,equal
Mathematics,4,FL,p75,2024,2022,3.9,higher
Mathematics,4,FL,p90,2024,2019,3.04,equal
Mathematics,4,FL,p90,2024,2022,4.93,higher
Mathematics,4,GA,mean,2024,2003,5.86,higher
Mathematics,4,GA,mean,2024,2005,2.47,equal
Mathematics,4,GA,mean,2024,2007,0.9,equal
Mathematics,4,GA,mean,2024,2009,0.08,equal
Mathematics,4,GA,mean,2024,2011,-2.26,equal
Mathematics,4,GA,mean,2024,2013,-3.94,lower
Mathematics,4,GA,mean,2024,2015,-0.34,equal
Mathematics,4,GA,mean,2024,2017,-0.27,equal
Mathematics,4,GA,mean,2024,2019,-1.54,equal
Mathematics,4,GA,mean,2024,2022,1.2,equal
Mathematics,4,GA,p10,2024,2019,-6.18,equal
Mathematics,4,GA,p10,2024,2022,-4.46,equal
Mathematics,4,GA,p25,2024,2019,-1.95,equal
Mathematics,4,GA,p25,2024,2022,0.03,equal
Mathematics,4,GA,p50,2024,2019,0.42,equal
Mathematics,4,GA,p50,2024,2022,2.03,equal
Mathematics,4,GA,p75,2024,2019,0.42,equal
Mathematics,4,GA,p75,2024,2022,3.53,equal
Mathematics,4,GA,p90,2024,2019,-0.64,equal
Mathematics,4,GA,p90,2024,2022,5.29,equal
Mathematics,4,HI,mean,2024,2003,12.45,higher
Mathematics,4,HI,mean,2024,2005,9.18,higher
Mathematics,4,HI,mean,2024,2007,4.99,higher
Mathematics,4,HI,mean,2024,2009,3.6,higher
Mathematics,4,HI,mean,2024,2011,0.46,equal
Mathematics,4,HI,mean,2024,2013,-4.03,lower
Mathematics,4,HI,mean,2024,2015,1.38,equal
Mathematics,4,HI,mean,2024,2017,1.36,equal
Mathematics,4,HI,mean,2024,2019,0.71,equal
Mathematics,4,HI,mean,2024,2022,2.78,higher
Mathematics,4,HI,p10,2024,2019,-3.33,equal
Mathematics,4,HI,p10,2024,2022,-2.62,equal
Mathematics,4,HI,p25,2024,2019,-0.84,equal
Mathematics,4,HI,p25,2024,2022,1.03,equal
Mathematics,4,HI,p50,2024,2019,1.3,equal
Mathematics,4,HI,p50,2024,2022,3.15,equal
Mathematics,4,HI,p75,2024,2019,2.78,higher
Mathematics,4,HI,p75,2024,2022,5.16,higher
Mathematics,4,HI,p90,2024,2019,3.82,equal
Mathematics,4,HI,p90,2024,2022,6.1,higher
Mathematics,4,IA,mean,2024,2003,-1.43,equal
Mathematics,4,IA,mean,2024,2005,-2.84,lower
Mathematics,4,IA,mean,2024,2007,-5.77,lower
Mathematics,4,IA,mean,2024,2009,-5.55,lower
Mathematics,4,IA,mean,2024,2011,-5.56,lower
Mathematics,4,IA,mean,2024,2013,-8.75,lower
Mathematics,4,IA,mean,2024,2015,-6.3,lower
Mathematics,4,IA,mean,2024,2017,-6.06,lower
Mathematics,4,IA,mean,2024,2019,-3.64,lower
Mathematics,4,IA,mean,2024,2022,-2.79,equal
Mathematics,4,IA,p10,2024,2019,-6.89,lower
Mathematics,4,IA,p10,2024,2022,-6.3,equal
Mathematics,4,IA,p25,2024,2019,-5.46,lower
Mathematics,4,IA,p25,2024,2022,-4.47,equal
Mathematics,4,IA,p50,2024,2019,-2.6,equal
Mathematics,4,IA,p50,2024,2022,-1.97,equal
Mathematics,4,IA,p75,2024,2019,-2.26,equal
Mathematics,4,IA,p75,2024,2022,-0.95,equal
Mathematics,4,IA,p90,2024,2019,-2.27,equal
Mathematics,4,IA,p90,2024,2022,-1.31,equal
Mathematics,4,ID,mean,2024,2003,3.45,higher
Mathematics,4,ID,mean,2024,2005,-3.26,lower
Mathematics,4,ID,mean,2024,2007,-2.51,equal
Mathematics,4,ID,mean,2024,2009,-2.65,equal
Mathematics,4,ID,mean,2024,2011,-1.94,equal
Mathematics,4,ID,mean,2024,2013,-2.33,equal
Mathematics,4,ID,mean,2024,2015,-0.41,equal
Mathematics,4,ID,mean,2024,2017,-1.57,equal
Mathematics,4,ID,mean,2024,2019,-3.51,lower
Mathematics,4,ID,mean,2024,2022,2.2,equal
Mathematics,4,ID,p10,2024,2019,-9.89,lower
Mathematics,4,ID,p10,2024,2022,-0.79,equal
Mathematics,4,ID,p25,2024,2019,-6.33,lower
Mathematics,4,ID,p25,2024,2022,0.4,equal
Mathematics,4,ID,p50,2024,2019,-3.06,equal
Mathematics,4,ID,p50,2024,2022,2.69,equal
Mathematics,4,ID,p75,2024,2019,-0.14,equal
Mathematics,4,ID,p75,2024,2022,4.39,equal
Mathematics,4,ID,p90,2024,2019,1.19,equal
Mathematics,4,ID,p90,2024,2022,4.23,equal
Mathematics,4,IL,mean,2024,2003,3.22,equal
Mathematics,4,IL,mean,2024,2005,3.01,equal
Mathematics,4,IL,mean,2024,2007,-1.21,equal
Mathematics,4,IL,mean,2024,2009,-2.21,equal
Mathematics,4,IL,mean,2024,2011,-2.76,equal
Mathematics,4,IL,mean,2024,2013,-2.92,equal
Mathematics,4,IL,mean,2024,2015,-1.23,equal
Mathematics,4,IL,mean,2024,2017,-2.04,equal
Mathematics,4,IL,mean,2024,2019,-1.32,equal
Mathematics,4,IL,mean,2024,2022,-1,equal
Mathematics,4,IL,p10,2024,2019,-4.75,equal
Mathematics,4,IL,p10,2024,2022,-3.32,equal
Mathematics,4,IL,p25,2024,2019,-3.86,equal
Mathematics,4,IL,p25,2024,2022,-1.87,equal
Mathematics,4,IL,p50,2024,2019,-1.37,equal
Mathematics,4,IL,p50,2024,2022,0.11,equal
Mathematics,4,IL,p75,2024,2019,0.23,equal
Mathematics,4,IL,p75,2024,2022,0.4,equal
Mathematics,4,IL,p90,2024,2019,1.1,equal
Mathematics,4,IL,p90,2024,2022,-0.1,equal
Mathematics,4,IN,mean,2024,2003,2.34,equal
Mathematics,4,IN,mean,2024,2005,0.24,equal
Mathematics,4,IN,mean,2024,2007,-4.84,lower
Mathematics,4,IN,mean,2024,2009,-2.31,equal
Mathematics,4,IN,mean,2024,2011,-3.53,lower
Mathematics,4,IN,mean,2024,2013,-8.29,lower
Mathematics,4,IN,mean,2024,2015,-7.35,lower
Mathematics,4,IN,mean,2024,2017,-6.21,lower
Mathematics,4,IN,mean,2024,2019,-4.58,lower
Mathematics,4,IN,mean,2024,2022,1.15,equal
Mathematics,4,IN,p10,2024,2019,-10.11,lower
Mathematics,4,IN,p10,2024,2022,-1.58,equal
Mathematics,4,IN,p25,2024,2019,-5.86,lower
Mathematics,4,IN,p25,2024,2022,1.15,equal
Mathematics,4,IN,p50,2024,2019,-3.7,lower
Mathematics,4,IN,p50,2024,2022,2.42,equal
Mathematics,4,IN,p75,2024,2019,-2.15,equal
Mathematics,4,IN,p75,2024,2022,2.37,equal
Mathematics,4,IN,p90,2024,2019,-1.51,equal
Mathematics,4,IN,p90,2024,2022,1.86,equal
Mathematics,4,KS,mean,2024,2003,-4.55,lower
Mathematics,4,KS,mean,2024,2005,-8.58,lower
Mathematics,4,KS,mean,2024,2007,-10.72,lower
Mathematics,4,KS,mean,2024,2009,-8.11,lower
Mathematics,4,KS,mean,2024,2011,-9.05,lower
Mathematics,4,KS,mean,2024,2013,-8.98,lower
Mathematics,4,KS,mean,2024,2015,-3.87,lower
Mathematics,4,KS,mean,2024,2017,-4.01,lower
Mathematics,4,KS,mean,2024,2019,-2.24,equal
Mathematics,4,KS,mean,2024,2022,2.17,equal
Mathematics,4,KS,p10,2024,2019,-7.13,lower
Mathematics,4,KS,p10,2024,2022,-1.29,equal
Mathematics,4,KS,p25,2024,2019,-3.49,equal
Mathematics,4,KS,p25,2024,2022,1.77,equal
Mathematics,4,KS,p50,2024,2019,-0.71,equal
Mathematics,4,KS,p50,2024,2022,3.99,equal
Mathematics,4,KS,p75,2024,2019,-0.48,equal
Mathematics,4,KS,p75,2024,2022,3.56,equal
Mathematics,4,KS,p90,2024,2019,-0.19,equal
Mathematics,4,KS,p90,2024,2022,1.74,equal
Mathematics,4,KY,mean,2024,2003,9.09,higher
Mathematics,4,KY,mean,2024,2005,6.32,higher
Mathematics,4,KY,mean,2024,2007,2.73,equal
Mathematics,4,KY,mean,2024,2009,-1.02,equal
Mathematics,4,KY,mean,2024,2011,-3.02,lower
Mathematics,4,KY,mean,2024,2013,-3.66,lower
Mathematics,4,KY,mean,2024,2015,-3.91,lower
Mathematics,4,KY,mean,2024,2017,-1.36,equal
Mathematics,4,KY,mean,2024,2019,-1.5,equal
Mathematics,4,KY,mean,2024,2022,4.01,higher
Mathematics,4,KY,p10,2024,2019,-2.74,equal
Mathematics,4,KY,p10,2024,2022,3.53,equal
Mathematics,4,KY,p25,2024,2019,-2.92,equal
Mathematics,4,KY,p25,2024,2022,3.7,equal
Mathematics,4,KY,p50,2024,2019,-1.27,equal
Mathematics,4,KY,p50,2024,2022,4.7,equal
Mathematics,4,KY,p75,2024,2019,-1.01,equal
Mathematics,4,KY,p75,2024,2022,4.23,higher
Mathematics,4,KY,p90,2024,2019,-1.37,equal
Mathematics,4,KY,p90,2024,2022,2.89,equal
Mathematics,4,LA,mean,2024,2003,8.3,higher
Mathematics,4,LA,mean,2024,2005,4.32,higher
Mathematics,4,LA,mean,2024,2007,4.5,higher
Mathematics,4,LA,mean,2024,2009,5.12,higher
Mathematics,4,LA,mean,2024,2011,3.77,higher
Mathematics,4,LA,mean,2024,2013,3.18,equal
Mathematics,4,LA,mean,2024,2015,0.27,equal
Mathematics,4,LA,mean,2024,2017,5.58,higher
Mathematics,4,LA,mean,2024,2019,3.25,equal
Mathematics,4,LA,mean,2024,2022,5.98,higher
Mathematics,4,LA,p10,2024,2019,-0.43,equal
Mathematics,4,LA,p10,2024,2022,5.55,equal
Mathematics,4,LA,p25,2024,2019,1.64,equal
Mathematics,4,LA,p25,2024,2022,6.44,higher
Mathematics,4,LA,p50,2024,2019,3.58,equal
Mathematics,4,LA,p50,2024,2022,6.3,higher
Mathematics,4,LA,p75,2024,2019,5.22,higher
Mathematics,4,LA,p75,2024,2022,6.46,higher
Mathematics,4,LA,p90,2024,2019,4.94,higher
Mathematics,4,LA,p90,2024,2022,4.68,equal
Mathematics,4,MA,mean,2024,2003,4.82,higher
Mathematics,4,MA,mean,2024,2005,-0.85,equal
Mathematics,4,MA,mean,2024,2007,-5.94,lower
Mathematics,4,MA,mean,2024,2009,-5.77,lower
Mathematics,4,MA,mean,2024,2011,-6.91,lower
Mathematics,4,MA,mean,2024,2013,-6.55,lower
Mathematics,4,MA,mean,2024,2015,-4.08,lower
Mathematics,4,MA,mean,2024,2017,-2.61,equal
Mathematics,4,MA,mean,2024,2019,-0.83,equal
Mathematics,4,MA,mean,2024,2022,4.76,higher
Mathematics,4,MA,p10,2024,2019,-7.71,lower
Mathematics,4,MA,p10,2024,2022,-0.36,equal
Mathematics,4,MA,p25,2024,2019,-2.74,equal
Mathematics,4,MA,p25,2024,2022,5.12,higher
Mathematics,4,MA,p50,2024,2019,0.84,equal
Mathematics,4,MA,p50,2024,2022,6.78,higher
Mathematics,4,MA,p75,2024,2019,1.39,equal
Mathematics,4,MA,p75,2024,2022,6.34,higher
Mathematics,4,MA,p90,2024,2019,2.55,equal
Mathematics,4,MA,p90,2024,2022,6.02,higher
Mathematics,4,MD,mean,2024,2003,1.01,equal
Mathematics,4,MD,mean,2024,2005,-4.34,lower
Mathematics,4,MD,mean,2024,2007,-6.24,lower
Mathematics,4,MD,mean,2024,2009,-9.71,lower
Mathematics,4,MD,mean,2024,2011,-13.02,lower
Mathematics,4,MD,mean,2024,2013,-11.08,lower
Mathematics,4,MD,mean,2024,2015,-5.41,lower
Mathematics,4,MD,mean,2024,2017,-6.51,lower
Mathematics,4,MD,mean,2024,2019,-4.48,lower
Mathematics,4,MD,mean,2024,2022,5.5,higher
Mathematics,4,MD,p10,2024,2019,-10.48,lower
Mathematics,4,MD,p10,2024,2022,3.62,equal
Mathematics,4,MD,p25,2024,2019,-7.59,lower
Mathematics,4,MD,p25,2024,2022,4.92,higher
Mathematics,4,MD,p50,2024,2019,-3.12,equal
Mathematics,4,MD,p50,2024,2022,6.49,higher
Mathematics,4,MD,p75,2024,2019,-0.87,equal
Mathematics,4,MD,p75,2024,2022,6.46,higher
Mathematics,4,MD,p90,2024,2019,-0.61,equal
Mathematics,4,MD,p90,2024,2022,6.6,equal
Mathematics,4,ME,mean,2024,2003,-4.48,lower
Mathematics,4,ME,mean,2024,2005,-7.56,lower
Mathematics,4,ME,mean,2024,2007,-9.24,lower
Mathematics,4,ME,mean,2024,2009,-11.32,lower
Mathematics,4,ME,mean,2024,2011,-11.12,lower
Mathematics,4,ME,mean,2024,2013,-12.71,lower
Mathematics,4,ME,mean,2024,2015,-9.11,lower
Mathematics,4,ME,mean,2024,2017,-6.77,lower
Mathematics,4,ME,mean,2024,2019,-7.62,lower
Mathematics,4,ME,mean,2024,2022,0.06,equal
Mathematics,4,ME,p10,2024,2019,-10.39,lower
Mathematics,4,ME,p10,2024,2022,-1.46,equal
Mathematics,4,ME,p25,2024,2019,-9.3,lower
Mathematics,4,ME,p25,2024,2022,-1.93,equal
Mathematics,4,ME,p50,2024,2019,-7.67,lower
Mathematics,4,ME,p50,2024,2022,-0.81,equal
Mathematics,4,ME,p75,2024,2019,-6.59,lower
Mathematics,4,ME,p75,2024,2022,1.33,equal
Mathematics,4,ME,p90,2024,2019,-4.64,equal
Mathematics,4,ME,p90,2024,2022,3.19,equal
Mathematics,4,MI,mean,2024,2003,-0.47,equal
Mathematics,4,MI,mean,2024,2005,-2.49,equal
Mathematics,4,MI,mean,2024,2007,-2.39,equal
Mathematics,4,MI,mean,2024,2009,-1.06,equal
Mathematics,4,MI,mean,2024,2011,-1.18,equal
Mathematics,4,MI,mean,2024,2013,-1.6,equal
Mathematics,4,MI,mean,2024,2015,-0.51,equal
Mathematics,4,MI,mean,2024,2017,-0.34,equal
Mathematics,4,MI,mean,2024,2019,-0.93,equal
Mathematics,4,MI,mean,2024,2022,3.02,equal
Mathematics,4,MI,p10,2024,2019,-6.1,lower
Mathematics,4,MI,p10,2024,2022,1.4,equal
Mathematics,4,MI,p25,2024,2019,-2.57,equal
Mathematics,4,MI,p25,2024,2022,3.71,equal
Mathematics,4,MI,p50,2024,2019,0.27,equal
Mathematics,4,MI,p50,2024,2022,3.23,equal
Mathematics,4,MI,p75,2024,2019,1.57,equal
Mathematics,4,MI,p75,2024,2022,4.32,equal
Mathematics,4,MI,p90,2024,2019,1.37,equal
Mathematics,4,MI,p90,2024,2022,2.67,equal
Mathematics,4,MN,mean,2024,2003,-1.25,equal
Mathematics,4,MN,mean,2024,2005,-5.09,lower
Mathematics,4,MN,mean,2024,2007,-6.34,lower
Mathematics,4,MN,mean,2024,2009,-8.8,lower
Mathematics,4,MN,mean,2024,2011,-8.53,lower
Mathematics,4,MN,mean,2024,2013,-12.76,lower
Mathematics,4,MN,mean,2024,2015,-8.92,lower
Mathematics,4,MN,mean,2024,2017,-8.14,lower
Mathematics,4,MN,mean,2024,2019,-7.75,lower
Mathematics,4,MN,mean,2024,2022,1.65,equal
Mathematics,4,MN,p10,2024,2019,-13.41,lower
Mathematics,4,MN,p10,2024,2022,-1.53,equal
Mathematics,4,MN,p25,2024,2019,-10.02,lower
Mathematics,4,MN,p25,2024,2022,1.05,equal
Mathematics,4,MN,p50,2024,2019,-6.87,lower
Mathematics,4,MN,p50,2024,2022,3.29,equal
Mathematics,4,MN,p75,2024,2019,-5.28,lower
Mathematics,4,MN,p75,2024,2022,3.08,equal
Mathematics,4,MN,p90,2024,2019,-3.63,equal
Mathematics,4,MN,p90,2024,2022,2.73,equal
Mathematics,4,MO,mean,2024,2003,0.17,equal
Mathematics,4,MO,mean,2024,2005,-0.03,equal
Mathematics,4,MO,mean,2024,2007,-4.41,lower
Mathematics,4,MO,mean,2024,2009,-5.68,lower
Mathematics,4,MO,mean,2024,2011,-5.49,lower
Mathematics,4,MO,mean,2024,2013,-4.55,lower
Mathematics,4,MO,mean,2024,2015,-3.96,lower
Mathematics,4,MO,mean,2024,2017,-4.5,lower
Mathematics,4,MO,mean,2024,2019,-3.41,lower
Mathematics,4,MO,mean,2024,2022,2.62,equal
Mathematics,4,MO,p10,2024,2019,-6.56,lower
Mathematics,4,MO,p10,2024,2022,5.53,equal
Mathematics,4,MO,p25,2024,2019,-5.64,lower
Mathematics,4,MO,p25,2024,2022,3.69,equal
Mathematics,4,MO,p50,2024,2019,-2.92,equal
Mathematics,4,MO,p50,2024,2022,2.46,equal
Mathematics,4,MO,p75,2024,2019,-1.49,equal
Mathematics,4,MO,p75,2024,2022,1.89,equal
Mathematics,4,MO,p90,2024,2019,-1.01,equal
Mathematics,4,MO,p90,2024,2022,1.3,equal
Mathematics,4,MS,mean,2024,2003,16.29,higher
Mathematics,4,MS,mean,2024,2005,12.48,higher
Mathematics,4,MS,mean,2024,2007,11.56,higher
Mathematics,4,MS,mean,2024,2009,11.91,higher
Mathematics,4,MS,mean,2024,2011,9.31,higher
Mathematics,4,MS,mean,2024,2013,8.07,higher
Mathematics,4,MS,mean,2024,2015,4.93,higher
Mathematics,4,MS,mean,2024,2017,4.48,higher
Mathematics,4,MS,mean,2024,2019,-1.53,equal
Mathematics,4,MS,mean,2024,2022,5.62,higher
Mathematics,4,MS,p10,2024,2019,-3.87,equal
Mathematics,4,MS,p10,2024,2022,8.02,higher
Mathematics,4,MS,p25,2024,2019,-2.36,equal
Mathematics,4,MS,p25,2024,2022,7.52,higher
Mathematics,4,MS,p50,2024,2019,-1.16,equal
Mathematics,4,MS,p50,2024,2022,5.34,higher
Mathematics,4,MS,p75,2024,2019,-0.03,equal
Mathematics,4,MS,p75,2024,2022,4.12,higher
Mathematics,4,MS,p90,2024,2019,-0.41,equal
Mathematics,4,MS,p90,2024,2022,3.18,equal
Mathematics,4,MT,mean,2024,2003,2.71,equal
Mathematics,4,MT,mean,2024,2005,-2.11,equal
Mathematics,4,MT,mean,2024,2007,-5.15,lower
Mathematics,4,MT,mean,2024,2009,-5.94,lower
Mathematics,4,MT,mean,2024,2011,-5.33,lower
Mathematics,4,MT,mean,2024,2013,-5.23,lower
Mathematics,4,MT,mean,2024,2015,-2.82,equal
Mathematics,4,MT,mean,2024,2017,-2.26,equal
Mathematics,4,MT,mean,2024,2019,-2.65,equal
Mathematics,4,MT,mean,2024,2022,-0.05,equal
Mathematics,4,MT,p10,2024,2019,-7.65,equal
Mathematics,4,MT,p10,2024,2022,-5.63,equal
Mathematics,4,MT,p25,2024,2019,-5.16,lower
Mathematics,4,MT,p25,2024,2022,-2.17,equal
Mathematics,4,MT,p50,2024,2019,-2.22,equal
Mathematics,4,MT,p50,2024,2022,1.01,equal
Mathematics,4,MT,p75,2024,2019,-0.09,equal
Mathematics,4,MT,p75,2024,2022,2.59,equal
Mathematics,4,MT,p90,2024,2019,2.02,equal
Mathematics,4,MT,p90,2024,2022,3.77,higher
Mathematics,4,NC,mean,2024,2003,-3.18,equal
Mathematics,4,NC,mean,2024,2005,-2.37,equal
Mathematics,4,NC,mean,2024,2007,-2.76,equal
Mathematics,4,NC,mean,2024,2009,-4.92,lower
Mathematics,4,NC,mean,2024,2011,-5.66,lower
Mathematics,4,NC,mean,2024,2013,-5.94,lower
Mathematics,4,NC,mean,2024,2015,-4.88,lower
Mathematics,4,NC,mean,2024,2017,-2.09,equal
Mathematics,4,NC,mean,2024,2019,-2.55,equal
Mathematics,4,NC,mean,2024,2022,2.9,equal
Mathematics,4,NC,p10,2024,2019,-10.2,lower
Mathematics,4,NC,p10,2024,2022,-0.44,equal
Mathematics,4,NC,p25,2024,2019,-4.9,lower
Mathematics,4,NC,p25,2024,2022,2.89,equal
Mathematics,4,NC,p50,2024,2019,-0.94,equal
Mathematics,4,NC,p50,2024,2022,4.73,higher
Mathematics,4,NC,p75,2024,2019,0.79,equal
Mathematics,4,NC,p75,2024,2022,4.2,equal
Mathematics,4,NC,p90,2024,2019,1.46,equal
Mathematics,4,NC,p90,2024,2022,2.5,equal
Mathematics,4,ND,mean,2024,2003,3.7,higher
Mathematics,4,ND,mean,2024,2005,-1.46,equal
Mathematics,4,ND,mean,2024,2007,-4.14,lower
Mathematics,4,ND,mean,2024,2009,-3.91,lower
Mathematics,4,ND,mean,2024,2011,-3.88,lower
Mathematics,4,ND,mean,2024,2013,-5.15,lower
Mathematics,4,ND,mean,2024,2015,-3.43,lower
Mathematics,4,ND,mean,2024,2017,-2.96,lower
Mathematics,4,ND,mean,2024,2019,-1.65,equal
Mathematics,4,ND,mean,2024,2022,1.2,equal
Mathematics,4,ND,p10,2024,2019,-5.1,equal
Mathematics,4,ND,p10,2024,2022,-0.93,equal
Mathematics,4,ND,p25,2024,2019,-3.25,equal
Mathematics,4,ND,p25,2024,2022,0.46,equal
Mathematics,4,ND,p50,2024,2019,-1.09,equal
Mathematics,4,ND,p50,2024,2022,1.9,equal
Mathematics,4,ND,p75,2024,2019,0.1,equal
Mathematics,4,ND,p75,2024,2022,2.04,equal
Mathematics,4,ND,p90,2024,2019,1.27,equal
Mathematics,4,ND,p90,2024,2022,2.39,equal
Mathematics,4,NE,mean,2024,2003,1.94,equal
Mathematics,4,NE,mean,2024,2005,0.49,equal
Mathematics,4,NE,mean,2024,2007,0.16,equal
Mathematics,4,NE,mean,2024,2009,-0.55,equal
Mathematics,4,NE,mean,2024,2011,-1.61,equal
Mathematics,4,NE,mean,2024,2013,-4.96,lower
Mathematics,4,NE,mean,2024,2015,-5.67,lower
Mathematics,4,NE,mean,2024,2017,-7.39,lower
Mathematics,4,NE,mean,2024,2019,-5.58,lower
Mathematics,4,NE,mean,2024,2022,-3.36,lower
Mathematics,4,NE,p10,2024,2019,-9.84,lower
Mathematics,4,NE,p10,2024,2022,-3.79,equal
Mathematics,4,NE,p25,2024,2019,-7.49,lower
Mathematics,4,NE,p25,2024,2022,-2.68,equal
Mathematics,4,NE,p50,2024,2019,-4.75,lower
Mathematics,4,NE,p50,2024,2022,-2.49,equal
Mathematics,4,NE,p75,2024,2019,-3.89,lower
Mathematics,4,NE,p75,2024,2022,-3.36,equal
Mathematics,4,NE,p90,2024,2019,-3.6,equal
Mathematics,4,NE,p90,2024,2022,-4.33,equal
Mathematics,4,NH,mean,2024,2003,-1.55,equal
Mathematics,4,NH,mean,2024,2005,-4.07,lower
Mathematics,4,NH,mean,2024,2007,-7.01,lower
Mathematics,4,NH,mean,2024,2009,-9.51,lower
Mathematics,4,NH,mean,2024,2011,-10.22,lower
Mathematics,4,NH,mean,2024,2013,-11.44,lower
Mathematics,4,NH,mean,2024,2015,-7.59,lower
Mathematics,4,NH,mean,2024,2017,-3.76,lower
Mathematics,4,NH,mean,2024,2019,-3,lower
Mathematics,4,NH,mean,2024,2022,2.16,equal
Mathematics,4,NH,p10,2024,2019,-6.32,lower
Mathematics,4,NH,p10,2024,2022,2.28,equal
Mathematics,4,NH,p25,2024,2019,-5.57,lower
Mathematics,4,NH,p25,2024,2022,1.26,equal
Mathematics,4,NH,p50,2024,2019,-2.72,equal
Mathematics,4,NH,p50,2024,2022,1.85,equal
Mathematics,4,NH,p75,2024,2019,-1.88,equal
Mathematics,4,NH,p75,2024,2022,2.18,equal
Mathematics,4,NH,p90,2024,2019,0.08,equal
Mathematics,4,NH,p90,2024,2022,3.29,equal
Mathematics,4,NJ,mean,2024,2003,1.36,equal
Mathematics,4,NJ,mean,2024,2005,-3.84,equal
Mathematics,4,NJ,mean,2024,2007,-8.49,lower
Mathematics,4,NJ,mean,2024,2009,-6.39,lower
Mathematics,4,NJ,mean,2024,2011,-7.87,lower
Mathematics,4,NJ,mean,2024,2013,-6.74,lower
Mathematics,4,NJ,mean,2024,2015,-5.25,lower
Mathematics,4,NJ,mean,2024,2017,-7.72,lower
Mathematics,4,NJ,mean,2024,2019,-5.8,lower
Mathematics,4,NJ,mean,2024,2022,0.91,equal
Mathematics,4,NJ,p10,2024,2019,-14.93,lower
Mathematics,4,NJ,p10,2024,2022,-3.54,equal
Mathematics,4,NJ,p25,2024,2019,-9.23,lower
Mathematics,4,NJ,p25,2024,2022,1.12,equal
Mathematics,4,NJ,p50,2024,2019,-3.87,lower
Mathematics,4,NJ,p50,2024,2022,3.79,equal
Mathematics,4,NJ,p75,2024,2019,-2.29,equal
Mathematics,4,NJ,p75,2024,2022,2.91,equal
Mathematics,4,NJ,p90,2024,2019,-0.24,equal
Mathematics,4,NJ,p90,2024,2022,1.11,equal
Mathematics,4,NM,mean,2024,2003,1.33,equal
Mathematics,4,NM,mean,2024,2005,-0.18,equal
Mathematics,4,NM,mean,2024,2007,-4.22,lower
Mathematics,4,NM,mean,2024,2009,-6.18,lower
Mathematics,4,NM,mean,2024,2011,-8.99,lower
Mathematics,4,NM,mean,2024,2013,-8.94,lower
Mathematics,4,NM,mean,2024,2015,-7.32,lower
Mathematics,4,NM,mean,2024,2017,-5.86,lower
Mathematics,4,NM,mean,2024,2019,-7.26,lower
Mathematics,4,NM,mean,2024,2022,2.59,equal
Mathematics,4,NM,p10,2024,2019,-11.26,lower
Mathematics,4,NM,p10,2024,2022,-1.64,equal
Mathematics,4,NM,p25,2024,2019,-10.71,lower
Mathematics,4,NM,p25,2024,2022,0.38,equal
Mathematics,4,NM,p50,2024,2019,-7.2,lower
Mathematics,4,NM,p50,2024,2022,3.44,higher
Mathematics,4,NM,p75,2024,2019,-4.8,lower
Mathematics,4,NM,p75,2024,2022,4.61,higher
Mathematics,4,NM,p90,2024,2019,-3.03,equal
Mathematics,4,NM,p90,2024,2022,4.96,equal
Mathematics,4,NP,mean,2024,2003,3.35,higher
Mathematics,4,NP,mean,2024,2005,0.2,equal
Mathematics,4,NP,mean,2024,2007,-1.76,lower
Mathematics,4,NP,mean,2024,2009,-1.79,lower
Mathematics,4,NP,mean,2024,2011,-2.81,lower
Mathematics,4,NP,mean,2024,2013,-3.88,lower
Mathematics,4,NP,mean,2024,2015,-2.55,lower
Mathematics,4,NP,mean,2024,2017,-1.86,lower
Mathematics,4,NP,mean,2024,2019,-2.7,lower
Mathematics,4,NP,mean,2024,2022,2.45,higher
Mathematics,4,NP,p10,2024,2019,-7.91,lower
Mathematics,4,NP,p10,2024,2022,0.12,equal
Mathematics,4,NP,p25,2024,2019,-5.1,lower
Mathematics,4,NP,p25,2024,2022,2.06,higher
Mathematics,4,NP,p50,2024,2019,-1.69,lower
Mathematics,4,NP,p50,2024,2022,3.42,higher
Mathematics,4,NP,p75,2024,2019,-0.05,equal
Mathematics,4,NP,p75,2024,2022,3.63,higher
Mathematics,4,NP,p90,2024,2019,0.47,equal
Mathematics,4,NP,p90,2024,2022,3.04,higher
Mathematics,4,NV,mean,2024,2003,5.73,higher
Mathematics,4,NV,mean,2024,2005,3.37,higher
Mathematics,4,NV,mean,2024,2007,1.46,equal
Mathematics,4,NV,mean,2024,2009,-1.91,equal
Mathematics,4,NV,mean,2024,2011,-3.79,lower
Mathematics,4,NV,mean,2024,2013,-3.02,equal
Mathematics,4,NV,mean,2024,2015,-0.59,equal
Mathematics,4,NV,mean,2024,2017,1.56,equal
Mathematics,4,NV,mean,2024,2019,-2.39,equal
Mathematics,4,NV,mean,2024,2022,3.89,higher
Mathematics,4,NV,p10,2024,2019,-11.9,lower
Mathematics,4,NV,p10,2024,2022,-1.75,equal
Mathematics,4,NV,p25,2024,2019,-6.24,lower
Mathematics,4,NV,p25,2024,2022,1.88,equal
Mathematics,4,NV,p50,2024,2019,-0.5,equal
Mathematics,4,NV,p50,2024,2022,5.43,higher
Mathematics,4,NV,p75,2024,2019,2.6,equal
Mathematics,4,NV,p75,2024,2022,7.21,higher
Mathematics,4,NV,p90,2024,2019,3.7,equal
Mathematics,4,NV,p90,2024,2022,7.3,higher
Mathematics,4,NY,mean,2024,2003,-1.77,equal
Mathematics,4,NY,mean,2024,2005,-4.01,lower
Mathematics,4,NY,mean,2024,2007,-8.38,lower
Mathematics,4,NY,mean,2024,2009,-6.48,lower
Mathematics,4,NY,mean,2024,2011,-3.36,equal
Mathematics,4,NY,mean,2024,2013,-6.18,lower
Mathematics,4,NY,mean,2024,2015,-2.63,equal
Mathematics,4,NY,mean,2024,2017,-1.38,equal
Mathematics,4,NY,mean,2024,2019,-2.57,equal
Mathematics,4,NY,mean,2024,2022,7.07,higher
Mathematics,4,NY,p10,2024,2019,-8.42,equal
Mathematics,4,NY,p10,2024,2022,6.11,equal
Mathematics,4,NY,p25,2024,2019,-5.03,equal
Mathematics,4,NY,p25,2024,2022,6.96,higher
Mathematics,4,NY,p50,2024,2019,-1.76,equal
Mathematics,4,NY,p50,2024,2022,7.41,higher
Mathematics,4,NY,p75,2024,2019,0.78,equal
Mathematics,4,NY,p75,2024,2022,7.74,higher
Mathematics,4,NY,p90,2024,2019,0.66,equal
Mathematics,4,NY,p90,2024,2022,7.12,higher
Mathematics,4,OH,mean,2024,2003,1.63,equal
Mathematics,4,OH,mean,2024,2005,-2.69,equal
Mathematics,4,OH,mean,2024,2007,-5.12,lower
Mathematics,4,OH,mean,2024,2009,-4.27,lower
Mathematics,4,OH,mean,2024,2011,-4.62,lower
Mathematics,4,OH,mean,2024,2013,-6.13,lower
Mathematics,4,OH,mean,2024,2015,-4.18,lower
Mathematics,4,OH,mean,2024,2017,-1.51,equal
Mathematics,4,OH,mean,2024,2019,-1.72,equal
Mathematics,4,OH,mean,2024,2022,1.66,equal
Mathematics,4,OH,p10,2024,2019,-9.6,lower
Mathematics,4,OH,p10,2024,2022,1.45,equal
Mathematics,4,OH,p25,2024,2019,-4.39,equal
Mathematics,4,OH,p25,2024,2022,1.59,equal
Mathematics,4,OH,p50,2024,2019,0,equal
Mathematics,4,OH,p50,2024,2022,1.67,equal
Mathematics,4,OH,p75,2024,2019,2.6,equal
Mathematics,4,OH,p75,2024,2022,2.32,equal
Mathematics,4,OH,p90,2024,2019,2.45,equal
Mathematics,4,OH,p90,2024,2022,0.84,equal
Mathematics,4,OK,mean,2024,2003,3.46,higher
Mathematics,4,OK,mean,2024,2005,-1.4,equal
Mathematics,4,OK,mean,2024,2007,-4.24,lower
Mathematics,4,OK,mean,2024,2009,-4.22,lower
Mathematics,4,OK,mean,2024,2011,-4.87,lower
Mathematics,4,OK,mean,2024,2013,-6.36,lower
Mathematics,4,OK,mean,2024,2015,-7.2,lower
Mathematics,4,OK,mean,2024,2017,-4.77,lower
Mathematics,4,OK,mean,2024,2019,-4.64,lower
Mathematics,4,OK,mean,2024,2022,3.07,equal
Mathematics,4,OK,p10,2024,2019,-11.41,lower
Mathematics,4,OK,p10,2024,2022,0.08,equal
Mathematics,4,OK,p25,2024,2019,-6.75,lower
Mathematics,4,OK,p25,2024,2022,3.23,equal
Mathematics,4,OK,p50,2024,2019,-4.24,lower
Mathematics,4,OK,p50,2024,2022,3.04,equal
Mathematics,4,OK,p75,2024,2019,-1.6,equal
Mathematics,4,OK,p75,2024,2022,4.19,equal
Mathematics,4,OK,p90,2024,2019,0.68,equal
Mathematics,4,OK,p90,2024,2022,5.45,higher
Mathematics,4,OR,mean,2024,2003,-7.62,lower
Mathematics,4,OR,mean,2024,2005,-9.63,lower
Mathematics,4,OR,mean,2024,2007,-7.35,lower
Mathematics,4,OR,mean,2024,2009,-9.34,lower
Mathematics,4,OR,mean,2024,2011,-8.22,lower
Mathematics,4,OR,mean,2024,2013,-11.41,lower
Mathematics,4,OR,mean,2024,2015,-9.06,lower
Mathematics,4,OR,mean,2024,2017,-4.44,lower
Mathematics,4,OR,mean,2024,2019,-7.66,lower
Mathematics,4,OR,mean,2024,2022,0.5,equal
Mathematics,4,OR,p10,2024,2019,-12.21,lower
Mathematics,4,OR,p10,2024,2022,-4.05,equal
Mathematics,4,OR,p25,2024,2019,-10.09,lower
Mathematics,4,OR,p25,2024,2022,-0.5,equal
Mathematics,4,OR,p50,2024,2019,-6.99,lower
Mathematics,4,OR,p50,2024,2022,2.12,equal
Mathematics,4,OR,p75,2024,2019,-5.63,lower
Mathematics,4,OR,p75,2024,2022,2.35,equal
Mathematics,4,OR,p90,2024,2019,-5.4,lower
Mathematics,4,OR,p90,2024,2022,2,equal
Mathematics,4,PA,mean,2024,2003,2.24,equal
Mathematics,4,PA,mean,2024,2005,-2.39,equal
Mathematics,4,PA,mean,2024,2007,-5.82,lower
Mathematics,4,PA,mean,2024,2009,-5.4,lower
Mathematics,4,PA,mean,2024,2011,-7.47,lower
Mathematics,4,PA,mean,2024,2013,-5.83,lower
Mathematics,4,PA,mean,2024,2015,-5.13,lower
Mathematics,4,PA,mean,2024,2017,-3.49,lower
Mathematics,4,PA,mean,2024,2019,-5.75,lower
Mathematics,4,PA,mean,2024,2022,0.64,equal
Mathematics,4,PA,p10,2024,2019,-7.91,lower
Mathematics,4,PA,p10,2024,2022,-0.26,equal
Mathematics,4,PA,p25,2024,2019,-8.23,lower
Mathematics,4,PA,p25,2024,2022,-1.02,equal
Mathematics,4,PA,p50,2024,2019,-5.73,lower
Mathematics,4,PA,p50,2024,2022,0.49,equal
Mathematics,4,PA,p75,2024,2019,-4.24,equal
Mathematics,4,PA,p75,2024,2022,0.93,equal
Mathematics,4,PA,p90,2024,2019,-3.99,equal
Mathematics,4,PA,p90,2024,2022,2.33,equal
Mathematics,4,RI,mean,2024,2003,6.99,higher
Mathematics,4,RI,mean,2024,2005,3.85,higher
Mathematics,4,RI,mean,2024,2007,1.41,equal
Mathematics,4,RI,mean,2024,2009,-1.48,equal
Mathematics,4,RI,mean,2024,2011,-4.33,lower
Mathematics,4,RI,mean,2024,2013,-4.13,lower
Mathematics,4,RI,mean,2024,2015,-0.71,equal
Mathematics,4,RI,mean,2024,2017,-0.26,equal
Mathematics,4,RI,mean,2024,2019,-2.05,equal
Mathematics,4,RI,mean,2024,2022,3.16,higher
Mathematics,4,RI,p10,2024,2019,-7.84,lower
Mathematics,4,RI,p10,2024,2022,-0.82,equal
Mathematics,4,RI,p25,2024,2019,-5.72,lower
Mathematics,4,RI,p25,2024,2022,2.6,equal
Mathematics,4,RI,p50,2024,2019,-2.67,lower
Mathematics,4,RI,p50,2024,2022,3.34,equal
Mathematics,4,RI,p75,2024,2019,0.89,equal
Mathematics,4,RI,p75,2024,2022,4.86,higher
Mathematics,4,RI,p90,2024,2019,3.91,equal
Mathematics,4,RI,p90,2024,2022,5.72,equal
Mathematics,4,SC,mean,2024,2003,1.85,equal
Mathematics,4,SC,mean,2024,2005,-0.66,equal
Mathematics,4,SC,mean,2024,2007,0.54,equal
Mathematics,4,SC,mean,2024,2009,1.98,equal
Mathematics,4,SC,mean,2024,2011,0.34,equal
Mathematics,4,SC,mean,2024,2013,1.02,equal
Mathematics,4,SC,mean,2024,2015,0.56,equal
Mathematics,4,SC,mean,2024,2017,3.6,higher
Mathematics,4,SC,mean,2024,2019,0.89,equal
Mathematics,4,SC,mean,2024,2022,3.42,higher
Mathematics,4,SC,p10,2024,2019,-3.92,equal
Mathematics,4,SC,p10,2024,2022,0.69,equal
Mathematics,4,SC,p25,2024,2019,-0.64,equal
Mathematics,4,SC,p25,2024,2022,1.73,equal
Mathematics,4,SC,p50,2024,2019,2.5,equal
Mathematics,4,SC,p50,2024,2022,4.27,higher
Mathematics,4,SC,p75,2024,2019,3.39,equal
Mathematics,4,SC,p75,2024,2022,5.55,equal
Mathematics,4,SC,p90,2024,2019,2.62,equal
Mathematics,4,SC,p90,2024,2022,4.61,equal
Mathematics,4,SD,mean,2024,2003,2.61,equal
Mathematics,4,SD,mean,2024,2005,-1.71,equal
Mathematics,4,SD,mean,2024,2007,-1.33,equal
Mathematics,4,SD,mean,2024,2009,-2.22,equal
Mathematics,4,SD,mean,2024,2011,-1.1,equal
Mathematics,4,SD,mean,2024,2013,-1.1,equal
Mathematics,4,SD,mean,2024,2015,0.16,equal
Mathematics,4,SD,mean,2024,2017,-1.71,equal
Mathematics,4,SD,mean,2024,2019,-1.42,equal
Mathematics,4,SD,mean,2024,2022,0.87,equal
Mathematics,4,SD,p10,2024,2019,-6,equal
Mathematics,4,SD,p10,2024,2022,-1.32,equal
Mathematics,4,SD,p25,2024,2019,-3.99,equal
Mathematics,4,SD,p25,2024,2022,0.1,equal
Mathematics,4,SD,p50,2024,2019,-1.01,equal
Mathematics,4,SD,p50,2024,2022,1.38,equal
Mathematics,4,SD,p75,2024,2019,0.41,equal
Mathematics,4,SD,p75,2024,2022,1.5,equal
Mathematics,4,SD,p90,2024,2019,1.67,equal
Mathematics,4,SD,p90,2024,2022,2.33,equal
Mathematics,4,TN,mean,2024,2003,11.86,higher
Mathematics,4,TN,mean,2024,2005,7.93,higher
Mathematics,4,TN,mean,2024,2007,6.86,higher
Mathematics,4,TN,mean,2024,2009,7.79,higher
Mathematics,4,TN,mean,2024,2011,6.72,higher
Mathematics,4,TN,mean,2024,2013,-0.16,equal
Mathematics,4,TN,mean,2024,2015,-1.05,equal
Mathematics,4,TN,mean,2024,2017,2.92,equal
Mathematics,4,TN,mean,2024,2019,-0.08,equal
Mathematics,4,TN,mean,2024,2022,3.26,equal
Mathematics,4,TN,p10,2024,2019,-5.94,equal
Mathematics,4,TN,p10,2024,2022,-1.13,equal
Mathematics,4,TN,p25,2024,2019,-0.48,equal
Mathematics,4,TN,p25,2024,2022,3.54,equal
Mathematics,4,TN,p50,2024,2019,1.62,equal
Mathematics,4,TN,p50,2024,2022,4.79,equal
Mathematics,4,TN,p75,2024,2019,1.49,equal
Mathematics,4,TN,p75,2024,2022,4.3,equal
Mathematics,4,TN,p90,2024,2019,1.1,equal
Mathematics,4,TN,p90,2024,2022,3.14,equal
Mathematics,4,TX,mean,2024,2003,3.21,higher
Mathematics,4,TX,mean,2024,2005,-1.48,equal
Mathematics,4,TX,mean,2024,2007,-1.83,equal
Mathematics,4,TX,mean,2024,2009,0.05,equal
Mathematics,4,TX,mean,2024,2011,-0.59,equal
Mathematics,4,TX,mean,2024,2013,-1.42,equal
Mathematics,4,TX,mean,2024,2015,-3.49,equal
Mathematics,4,TX,mean,2024,2017,-0.43,equal
Mathematics,4,TX,mean,2024,2019,-3.11,equal
Mathematics,4,TX,mean,2024,2022,1.94,equal
Mathematics,4,TX,p10,2024,2019,-9.44,lower
Mathematics,4,TX,p10,2024,2022,-1.08,equal
Mathematics,4,TX,p25,2024,2019,-4.87,lower
Mathematics,4,TX,p25,2024,2022,1.31,equal
Mathematics,4,TX,p50,2024,2019,-1.36,equal
Mathematics,4,TX,p50,2024,2022,3.52,equal
Mathematics,4,TX,p75,2024,2019,-0.47,equal
Mathematics,4,TX,p75,2024,2022,2.8,equal
Mathematics,4,TX,p90,2024,2019,-0.85,equal
Mathematics,4,TX,p90,2024,2022,1.82,equal
Mathematics,4,UT,mean,2024,2003,6.76,higher
Mathematics,4,UT,mean,2024,2005,2.75,equal
Mathematics,4,UT,mean,2024,2007,2.14,equal
Mathematics,4,UT,mean,2024,2009,1.22,equal
Mathematics,4,UT,mean,2024,2011,-0.99,equal
Mathematics,4,UT,mean,2024,2013,-1.28,equal
Mathematics,4,UT,mean,2024,2015,-1.02,equal
Mathematics,4,UT,mean,2024,2017,-0.94,equal
Mathematics,4,UT,mean,2024,2019,-2.25,equal
Mathematics,4,UT,mean,2024,2022,1.93,equal
Mathematics,4,UT,p10,2024,2019,-7.19,equal
Mathematics,4,UT,p10,2024,2022,1.47,equal
Mathematics,4,UT,p25,2024,2019,-3.15,equal
Mathematics,4,UT,p25,2024,2022,1.81,equal
Mathematics,4,UT,p50,2024,2019,-1.14,equal
Mathematics,4,UT,p50,2024,2022,2.57,equal
Mathematics,4,UT,p75,2024,2019,-0.69,equal
Mathematics,4,UT,p75,2024,2022,1.78,equal
Mathematics,4,UT,p90,2024,2019,-0.92,equal
Mathematics,4,UT,p90,2024,2022,0.18,equal
Mathematics,4,VA,mean,2024,2003,-1.33,equal
Mathematics,4,VA,mean,2024,2005,-2.62,equal
Mathematics,4,VA,mean,2024,2007,-5.65,lower
Mathematics,4,VA,mean,2024,2009,-5.2,lower
Mathematics,4,VA,mean,2024,2011,-7.46,lower
Mathematics,4,VA,mean,2024,2013,-8.3,lower
Mathematics,4,VA,mean,2024,2015,-8.74,lower
Mathematics,4,VA,mean,2024,2017,-10.17,lower
Mathematics,4,VA,mean,2024,2019,-9.02,lower
Mathematics,4,VA,mean,2024,2022,1.52,equal
Mathematics,4,VA,p10,2024,2019,-18.2,lower
Mathematics,4,VA,p10,2024,2022,0.13,equal
Mathematics,4,VA,p25,2024,2019,-12.2,lower
Mathematics,4,VA,p25,2024,2022,1.84,equal
Mathematics,4,VA,p50,2024,2019,-7.06,lower
Mathematics,4,VA,p50,2024,2022,2.17,equal
Mathematics,4,VA,p75,2024,2019,-4.06,equal
Mathematics,4,VA,p75,2024,2022,1.42,equal
Mathematics,4,VA,p90,2024,2019,-3.63,equal
Mathematics,4,VA,p90,2024,2022,2.7,equal
Mathematics,4,VT,mean,2024,2003,-7.08,lower
Mathematics,4,VT,mean,2024,2005,-8.68,lower
Mathematics,4,VT,mean,2024,2007,-11.51,lower
Mathematics,4,VT,mean,2024,2009,-12.92,lower
Mathematics,4,VT,mean,2024,2011,-11.79,lower
Mathematics,4,VT,mean,2024,2013,-12.96,lower
Mathematics,4,VT,mean,2024,2015,-8.4,lower
Mathematics,4,VT,mean,2024,2017,-6.05,lower
Mathematics,4,VT,mean,2024,2019,-4.05,lower
Mathematics,4,VT,mean,2024,2022,0.55,equal
Mathematics,4,VT,p10,2024,2019,-7.01,lower
Mathematics,4,VT,p10,2024,2022,0.51,equal
Mathematics,4,VT,p25,2024,2019,-7.01,lower
Mathematics,4,VT,p25,2024,2022,0.97,equal
Mathematics,4,VT,p50,2024,2019,-3.99,lower
Mathematics,4,VT,p50,2024,2022,0.52,equal
Mathematics,4,VT,p75,2024,2019,-1.66,equal
Mathematics,4,VT,p75,2024,2022,1.3,equal
Mathematics,4,VT,p90,2024,2019,-1.18,equal
Mathematics,4,VT,p90,2024,2022,1.28,equal
Mathematics,4,WA,mean,2024,2003,-0.7,equal
Mathematics,4,WA,mean,2024,2005,-4.09,lower
Mathematics,4,WA,mean,2024,2007,-4.95,lower
Mathematics,4,WA,mean,2024,2009,-4.67,lower
Mathematics,4,WA,mean,2024,2011,-5.59,lower
Mathematics,4,WA,mean,2024,2013,-8.7,lower
Mathematics,4,WA,mean,2024,2015,-7.39,lower
Mathematics,4,WA,mean,2024,2017,-4.11,lower
Mathematics,4,WA,mean,2024,2019,-1.92,equal
Mathematics,4,WA,mean,2024,2022,2.66,equal
Mathematics,4,WA,p10,2024,2019,-7.04,lower
Mathematics,4,WA,p10,2024,2022,-0.06,equal
Mathematics,4,WA,p25,2024,2019,-4.86,equal
Mathematics,4,WA,p25,2024,2022,0.83,equal
Mathematics,4,WA,p50,2024,2019,-1.4,equal
Mathematics,4,WA,p50,2024,2022,3.22,equal
Mathematics,4,WA,p75,2024,2019,1.34,equal
Mathematics,4,WA,p75,2024,2022,4.51,higher
Mathematics,4,WA,p90,2024,2019,0.88,equal
Mathematics,4,WA,p90,2024,2022,4.1,higher
Mathematics,4,WI,mean,2024,2003,2.5,equal
Mathematics,4,WI,mean,2024,2005,-1.32,equal
Mathematics,4,WI,mean,2024,2007,-4.93,lower
Mathematics,4,WI,mean,2024,2009,-4.33,lower
Mathematics,4,WI,mean,2024,2011,-5.44,lower
Mathematics,4,WI,mean,2024,2013,-5.46,lower
Mathematics,4,WI,mean,2024,2015,-4.06,lower
Mathematics,4,WI,mean,2024,2017,-1.14,equal
Mathematics,4,WI,mean,2024,2019,-2.42,equal
Mathematics,4,WI,mean,2024,2022,-1.01,equal
Mathematics,4,WI,p10,2024,2019,-3.87,equal
Mathematics,4,WI,p10,2024,2022,-2.11,equal
Mathematics,4,WI,p25,2024,2019,-3.58,equal
Mathematics,4,WI,p25,2024,2022,-2.57,equal
Mathematics,4,WI,p50,2024,2019,-2.44,equal
Mathematics,4,WI,p50,2024,2022,-1.16,equal
Mathematics,4,WI,p75,2024,2019,-1.21,equal
Mathematics,4,WI,p75,2024,2022,0.46,equal
Mathematics,4,WI,p90,2024,2019,-0.39,equal
Mathematics,4,WI,p90,2024,2022,0.11,equal
Mathematics,4,WV,mean,2024,2003,0.75,equal
Mathematics,4,WV,mean,2024,2005,0.67,equal
Mathematics,4,WV,mean,2024,2007,-4.82,lower
Mathematics,4,WV,mean,2024,2009,-1.47,equal
Mathematics,4,WV,mean,2024,2011,-3.14,lower
Mathematics,4,WV,mean,2024,2013,-5.93,lower
Mathematics,4,WV,mean,2024,2015,-3.69,lower
Mathematics,4,WV,mean,2024,2017,-4.54,lower
Mathematics,4,WV,mean,2024,2019,0.02,equal
Mathematics,4,WV,mean,2024,2022,5.55,higher
Mathematics,4,WV,p10,2024,2019,-4.21,equal
Mathematics,4,WV,p10,2024,2022,1.3,equal
Mathematics,4,WV,p25,2024,2019,-2.36,equal
Mathematics,4,WV,p25,2024,2022,3.7,equal
Mathematics,4,WV,p50,2024,2019,-0.22,equal
Mathematics,4,WV,p50,2024,2022,6.5,higher
Mathematics,4,WV,p75,2024,2019,1.34,equal
Mathematics,4,WV,p75,2024,2022,7.04,higher
Mathematics,4,WV,p90,2024,2019,2.96,equal
Mathematics,4,WV,p90,2024,2022,7.1,higher
Mathematics,4,WY,mean,2024,2003,2.31,higher
Mathematics,4,WY,mean,2024,2005,0.44,equal
Mathematics,4,WY,mean,2024,2007,-0.47,equal
Mathematics,4,WY,mean,2024,2009,1.39,equal
Mathematics,4,WY,mean,2024,2011,-0.47,equal
Mathematics,4,WY,mean,2024,2013,-3.12,lower
Mathematics,4,WY,mean,2024,2015,-3.36,lower
Mathematics,4,WY,mean,2024,2017,-4.42,lower
Mathematics,4,WY,mean,2024,2019,-2.44,lower
Mathematics,4,WY,mean,2024,2022,0.25,equal
Mathematics,4,WY,p10,2024,2019,-6.97,lower
Mathematics,4,WY,p10,2024,2022,-1.19,equal
Mathematics,4,WY,p25,2024,2019,-3.73,equal
Mathematics,4,WY,p25,2024,2022,0.51,equal
Mathematics,4,WY,p50,2024,2019,-1.6,equal
Mathematics,4,WY,p50,2024,2022,1.12,equal
Mathematics,4,WY,p75,2024,2019,-0.91,equal
Mathematics,4,WY,p75,2024,2022,0.9,equal
Mathematics,4,WY,p90,2024,2019,-0.18,equal
Mathematics,4,WY,p90,2024,2022,0.47,equal
Mathematics,8,AK,mean,2024,2003,-15.06,lower
Mathematics,8,AK,mean,2024,2005,-15,lower
Mathematics,8,AK,mean,2024,2007,-18.59,lower
Mathematics,8,AK,mean,2024,2009,-19.09,lower
Mathematics,8,AK,mean,2024,2011,-19.31,lower
Mathematics,8,AK,mean,2024,2013,-17.6,lower
Mathematics,8,AK,mean,2024,2015,-16.53,lower
Mathematics,8,AK,mean,2024,2017,-13.05,lower
Mathematics,8,AK,mean,2024,2019,-10.38,lower
Mathematics,8,AK,mean,2024,2022,-5.96,lower
Mathematics,8,AK,p10,2024,2019,-13.02,lower
Mathematics,8,AK,p10,2024,2022,-12.24,lower
Mathematics,8,AK,p25,2024,2019,-12.87,lower
Mathematics,8,AK,p25,2024,2022,-9.58,lower
Mathematics,8,AK,p50,2024,2019,-10.02,lower
Mathematics,8,AK,p50,2024,2022,-4.68,equal
Mathematics,8,AK,p75,2024,2019,-9.15,lower
Mathematics,8,AK,p75,2024,2022,-2.18,equal
Mathematics,8,AK,p90,2024,2019,-7.63,lower
Mathematics,8,AK,p90,2024,2022,-0.72,equal
Mathematics,8,AL,mean,2024,2003,-0.17,equal
Mathematics,8,AL,mean,2024,2005,-0.44,equal
Mathematics,8,AL,mean,2024,2007,-4.23,equal
Mathematics,8,AL,mean,2024,2009,-6.75,lower
Mathematics,8,AL,mean,2024,2011,-7.33,lower
Mathematics,8,AL,mean,2024,2013,-7.42,lower
Mathematics,8,AL,mean,2024,2015,-4.79,lower
Mathematics,8,AL,mean,2024,2017,-6.54,lower
Mathematics,8,AL,mean,2024,2019,-6.93,lower
Mathematics,8,AL,mean,2024,2022,-2.59,equal
Mathematics,8,AL,p10,2024,2019,-10.38,lower
Mathematics,8,AL,p10,2024,2022,-3.57,equal
Mathematics,8,AL,p25,2024,2019,-9.74,lower
Mathematics,8,AL,p25,2024,2022,-3.24,equal
Mathematics,8,AL,p50,2024,2019,-7.01,lower
Mathematics,8,AL,p50,2024,2022,-2.94,equal
Mathematics,8,AL,p75,2024,2019,-4.47,equal
Mathematics,8,AL,p75,2024,2022,-1.24,equal
Mathematics,8,AL,p90,2024,2019,-2.87,equal
Mathematics,8,AL,p90,2024,2022,-0.6,equal
Mathematics,8,AR,mean,2024,2003,0.42,equal
Mathematics,8,AR,mean,2024,2005,-5.44,lower
Mathematics,8,AR,mean,2024,2007,-7.71,lower
Mathematics,8,AR,mean,2024,2009,-9.8,lower
Mathematics,8,AR,mean,2024,2011,-12.89,lower
Mathematics,8,AR,mean,2024,2013,-11.72,lower
Mathematics,8,AR,mean,2024,2015,-8.87,lower
Mathematics,8,AR,mean,2024,2017,-7.57,lower
Mathematics,8,AR,mean,2024,2019,-8.17,lower
Mathematics,8,AR,mean,2024,2022,-0.69,equal
Mathematics,8,AR,p10,2024,2019,-7.22,lower
Mathematics,8,AR,p10,2024,2022,-5.14,equal
Mathematics,8,AR,p25,2024,2019,-8.58,lower
Mathematics,8,AR,p25,2024,2022,-2.87,equal
Mathematics,8,AR,p50,2024,2019,-8.98,lower
Mathematics,8,AR,p50,2024,2022,-0.32,equal
Mathematics,8,AR,p75,2024,2019,-9.65,lower
Mathematics,8,AR,p75,2024,2022,0.37,equal
Mathematics,8,AR,p90,2024,2019,-7.14,lower
Mathematics,8,AR,p90,2024,2022,2.9,equal
Mathematics,8,AZ,mean,2024,2003,-1.52,equal
Mathematics,8,AZ,mean,2024,2005,-4.65,lower
Mathematics,8,AZ,mean,2024,2007,-5.89,lower
Mathematics,8,AZ,mean,2024,2009,-7.68,lower
Mathematics,8,AZ,mean,2024,2011,-9.38,lower
Mathematics,8,AZ,mean,2024,2013,-10.07,lower
Mathematics,8,AZ,mean,2024,2015,-13.26,lower
Mathematics,8,AZ,mean,2024,2017,-12.59,lower
Mathematics,8,AZ,mean,2024,2019,-10.28,lower
Mathematics,8,AZ,mean,2024,2022,-1.05,equal
Mathematics,8,AZ,p10,2024,2019,-18.06,lower
Mathematics,8,AZ,p10,2024,2022,-8.41,lower
Mathematics,8,AZ,p25,2024,2019,-15.24,lower
Mathematics,8,AZ,p25,2024,2022,-4.63,equal
Mathematics,8,AZ,p50,2024,2019,-10.09,lower
Mathematics,8,AZ,p50,2024,2022,-0.47,equal
Mathematics,8,AZ,p75,2024,2019,-5.87,equal
Mathematics,8,AZ,p75,2024,2022,2.74,equal
Mathematics,8,AZ,p90,2024,2019,-3.02,equal
Mathematics,8,AZ,p90,2024,2022,5.9,equal
Mathematics,8,CA,mean,2024,2003,1.73,equal
Mathematics,8,CA,mean,2024,2005,0.22,equal
Mathematics,8,CA,mean,2024,2007,-1.6,equal
Mathematics,8,CA,mean,2024,2009,-1.67,equal
Mathematics,8,CA,mean,2024,2011,-3.99,equal
Mathematics,8,CA,mean,2024,2013,-7.12,lower
Mathematics,8,CA,mean,2024,2015,-6.54,lower
Mathematics,8,CA,mean,2024,2017,-7.86,lower
Mathematics,8,CA,mean,2024,2019,-6.83,lower
Mathematics,8,CA,mean,2024,2022,-1.03,equal
Mathematics,8,CA,p10,2024,2019,-12.14,lower
Mathematics,8,CA,p10,2024,2022,-7.15,lower
Mathematics,8,CA,p25,2024,2019,-8.93,lower
Mathematics,8,CA,p25,2024,2022,-3.74,equal
Mathematics,8,CA,p50,2024,2019,-6.51,lower
Mathematics,8,CA,p50,2024,2022,-1,equal
Mathematics,8,CA,p75,2024,2019,-4.63,equal
Mathematics,8,CA,p75,2024,2022,3.28,equal
Mathematics,8,CA,p90,2024,2019,-2.95,equal
Mathematics,8,CA,p90,2024,2022,3.64,equal
Mathematics,8,CO,mean,2024,2003,-5.29,lower
Mathematics,8,CO,mean,2024,2005,-2.72,equal
Mathematics,8,CO,mean,2024,2007,-8.09,lower
Mathematics,8,CO,mean,2024,2009,-9.27,lower
Mathematics,8,CO,mean,2024,2011,-13.63,lower
Mathematics,8,CO,mean,2024,2013,-11.57,lower
Mathematics,8,CO,mean,2024,2015,-7.43,lower
Mathematics,8,CO,mean,2024,2017,-8.14,lower
Mathematics,8,CO,mean,2024,2019,-6.56,lower
Mathematics,8,CO,mean,2024,2022,3,equal
Mathematics,8,CO,p10,2024,2019,-10.66,lower
Mathematics,8,CO,p10,2024,2022,-1.34,equal
Mathematics,8,CO,p25,2024,2019,-9.61,lower
Mathematics,8,CO,p25,2024,2022,0.51,equal
Mathematics,8,CO,p50,2024,2019,-6.7,lower
Mathematics,8,CO,p50,2024,2022,3.83,equal
Mathematics,8,CO,p75,2024,2019,-3.47,equal
Mathematics,8,CO,p75,2024,2022,6.17,equal
Mathematics,8,CO,p90,2024,2019,-2.04,equal
Mathematics,8,CO,p90,2024,2022,7.12,equal
Mathematics,8,CT,mean,2024,2003,-7.06,lower
Mathematics,8,CT,mean,2024,2005,-4.39,equal
Mathematics,8,CT,mean,2024,2007,-5.8,lower
Mathematics,8,CT,mean,2024,2009,-11.93,lower
Mathematics,8,CT,mean,2024,2011,-10.33,lower
Mathematics,8,CT,mean,2024,2013,-8.57,lower
Mathematics,8,CT,mean,2024,2015,-7.28,lower
Mathematics,8,CT,mean,2024,2017,-7.47,lower
Mathematics,8,CT,mean,2024,2019,-9.48,lower
Mathematics,8,CT,mean,2024,2022,0.19,equal
Mathematics,8,CT,p10,2024,2019,-10.56,equal
Mathematics,8,CT,p10,2024,2022,-3.47,equal
Mathematics,8,CT,p25,2024,2019,-11.74,lower
Mathematics,8,CT,p25,2024,2022,-1.81,equal
Mathematics,8,CT,p50,2024,2019,-9.49,lower
Mathematics,8,CT,p50,2024,2022,1.33,equal
Mathematics,8,CT,p75,2024,2019,-8.11,lower
Mathematics,8,CT,p75,2024,2022,2.36,equal
Mathematics,8,CT,p90,2024,2019,-7.31,equal
Mathematics,8,CT,p90,2024,2022,2.36,equal
Mathematics,8,DC,mean,2024,2003,18.48,higher
Mathematics,8,DC,mean,2024,2005,16.32,higher
Mathematics,8,DC,mean,2024,2007,13.34,higher
Mathematics,8,DC,mean,2024,2009,7.94,higher
Mathematics,8,DC,mean,2024,2011,1.07,equal
Mathematics,8,DC,mean,2024,2013,-3.72,lower
Mathematics,8,DC,mean,2024,2015,-1.52,equal
Mathematics,8,DC,mean,2024,2017,-4.24,lower
Mathematics,8,DC,mean,2024,2019,-7.64,lower
Mathematics,8,DC,mean,2024,2022,2.01,equal
Mathematics,8,DC,p10,2024,2019,-8.95,equal
Mathematics,8,DC,p10,2024,2022,-2.47,equal
Mathematics,8,DC,p25,2024,2019,-9.97,lower
Mathematics,8,DC,p25,2024,2022,-1.42,equal
Mathematics,8,DC,p50,2024,2019,-10.14,lower
Mathematics,8,DC,p50,2024,2022,-0.48,equal
Mathematics,8,DC,p75,2024,2019,-6.22,lower
Mathematics,8,DC,p75,2024,2022,4.71,higher
Mathematics,8,DC,p90,2024,2019,-1.47,equal
Mathematics,8,DC,p90,2024,2022,12.5,higher
Mathematics,8,DE,mean,2024,2003,-14.1,lower
Mathematics,8,DE,mean,2024,2005,-17.9,lower
Mathematics,8,DE,mean,2024,2007,-19.93,lower
Mathematics,8,DE,mean,2024,2009,-20.77,lower
Mathematics,8,DE,mean,2024,2011,-19.71,lower
Mathematics,8,DE,mean,2024,2013,-19.28,lower
Mathematics,8,DE,mean,2024,2015,-16.75,lower
Mathematics,8,DE,mean,2024,2017,-14.97,lower
Mathematics,8,DE,mean,2024,2019,-13.65,lower
Mathematics,8,DE,mean,2024,2022,-1.19,equal
Mathematics,8,DE,p10,2024,2019,-14.64,lower
Mathematics,8,DE,p10,2024,2022,-5.27,lower
Mathematics,8,DE,p25,2024,2019,-15.7,lower
Mathematics,8,DE,p25,2024,2022,-4.16,equal
Mathematics,8,DE,p50,2024,2019,-14.47,lower
Mathematics,8,DE,p50,2024,2022,-0.23,equal
Mathematics,8,DE,p75,2024,2019,-12.68,lower
Mathematics,8,DE,p75,2024,2022,1.84,equal
Mathematics,8,DE,p90,2024,2019,-11.4,lower
Mathematics,8,DE,p90,2024,2022,1.84,equal
Mathematics,8,DS,mean,2024,2003,6.65,higher
Mathematics,8,DS,mean,2024,2005,7.51,higher
Mathematics,8,DS,mean,2024,2007,6.35,higher
Mathematics,8,DS,mean,2024,2009,4.26,higher
Mathematics,8,DS,mean,2024,2011,3.56,higher
Mathematics,8,DS,mean,2024,2013,0.99,equal
Mathematics,8,DS,mean,2024,2015,0.88,equal
Mathematics,8,DS,mean,2024,2017,-1.43,equal
Mathematics,8,DS,mean,2024,2019,-0.72,equal
Mathematics,8,DS,mean,2024,2022,-0.2,equal
Mathematics,8,DS,p10,2024,2019,-1.99,equal
Mathematics,8,DS,p10,2024,2022,-0.88,equal
Mathematics,8,DS,p25,2024,2019,-1.34,equal
Mathematics,8,DS,p25,2024,2022,-1.05,equal
Mathematics,8,DS,p50,2024,2019,-1.08,equal
Mathematics,8,DS,p50,2024,2022,-0.67,equal
Mathematics,8,DS,p75,2024,2019,0.49,equal
Mathematics,8,DS,p75,2024,2022,1.18,equal
Mathematics,8,DS,p90,2024,2019,1.01,equal
Mathematics,8,DS,p90,2024,2022,0.77,equal
Mathematics,8,FL,mean,2024,2003,-4.13,lower
Mathematics,8,FL,mean,2024,2005,-6.81,lower
Mathematics,8,FL,mean,2024,2007,-10.14,lower
Mathematics,8,FL,mean,2024,2009,-12.09,lower
Mathematics,8,FL,mean,2024,2011,-10.59,lower
Mathematics,8,FL,mean,2024,2013,-13.61,lower
Mathematics,8,FL,mean,2024,2015,-8.08,lower
Mathematics,8,FL,mean,2024,2017,-11.88,lower
Mathematics,8,FL,mean,2024,2019,-11.28,lower
Mathematics,8,FL,mean,2024,2022,-3.96,lower
Mathematics,8,FL,p10,2024,2019,-10.51,lower
Mathematics,8,FL,p10,2024,2022,-7.04,lower
Mathematics,8,FL,p25,2024,2019,-10.94,lower
Mathematics,8,FL,p25,2024,2022,-4.6,lower
Mathematics,8,FL,p50,2024,2019,-11.53,lower
Mathematics,8,FL,p50,2024,2022,-3.15,equal
Mathematics,8,FL,p75,2024,2019,-12.16,lower
Mathematics,8,FL,p75,2024,2022,-2.29,equal
Mathematics,8,FL,p90,2024,2019,-11.06,lower
Mathematics,8,FL,p90,2024,2022,-3.21,equal
Mathematics,8,GA,mean,2024,2003,-1.02,equal
Mathematics,8,GA,mean,2024,2005,-3.54,equal
Mathematics,8,GA,mean,2024,2007,-6.12,lower
Mathematics,8,GA,mean,2024,2009,-8.91,lower
Mathematics,8,GA,mean,2024,2011,-9.83,lower
Mathematics,8,GA,mean,2024,2013,-10.52,lower
Mathematics,8,GA,mean,2024,2015,-10.06,lower
Mathematics,8,GA,mean,2024,2017,-12.38,lower
Mathematics,8,GA,mean,2024,2019,-10.84,lower
Mathematics,8,GA,mean,2024,2022,-2.63,equal
Mathematics,8,GA,p10,2024,2019,-15.15,lower
Mathematics,8,GA,p10,2024,2022,-7.1,lower
Mathematics,8,GA,p25,2024,2019,-12.01,lower
Mathematics,8,GA,p25,2024,2022,-3.6,equal
Mathematics,8,GA,p50,2024,2019,-10.2,lower
Mathematics,8,GA,p50,2024,2022,-1.75,equal
Mathematics,8,GA,p75,2024,2019,-9.44,lower
Mathematics,8,GA,p75,2024,2022,-0.05,equal
Mathematics,8,GA,p90,2024,2019,-8.02,lower
Mathematics,8,GA,p90,2024,2022,0.58,equal
Mathematics,8,HI,mean,2024,2003,4.31,higher
Mathematics,8,HI,mean,2024,2005,4.41,higher
Mathematics,8,HI,mean,2024,2007,1.27,equal
Mathematics,8,HI,mean,2024,2009,-3.72,lower
Mathematics,8,HI,mean,2024,2011,-7.8,lower
Mathematics,8,HI,mean,2024,2013,-11.37,lower
Mathematics,8,HI,mean,2024,2015,-9.3,lower
Mathematics,8,HI,mean,2024,2017,-7.3,lower
Mathematics,8,HI,mean,2024,2019,-5.29,lower
Mathematics,8,HI,mean,2024,2022,-0.06,equal
Mathematics,8,HI,p10,2024,2019,-4.21,equal
Mathematics,8,HI,p10,2024,2022,-1.29,equal
Mathematics,8,HI,p25,2024,2019,-7.64,lower
Mathematics,8,HI,p25,2024,2022,-1.44,equal
Mathematics,8,HI,p50,2024,2019,-6.32,lower
Mathematics,8,HI,p50,2024,2022,0.24,equal
Mathematics,8,HI,p75,2024,2019,-5.58,lower
Mathematics,8,HI,p75,2024,2022,1.16,equal
Mathematics,8,HI,p90,2024,2019,-2.63,equal
Mathematics,8,HI,p90,2024,2022,1.94,equal
Mathematics,8,IA,mean,2024,2003,-9.13,lower
Mathematics,8,IA,mean,2024,2005,-8.99,lower
Mathematics,8,IA,mean,2024,2007,-10.4,lower
Mathematics,8,IA,mean,2024,2009,-9.35,lower
Mathematics,8,IA,mean,2024,2011,-10.1,lower
Mathematics,8,IA,mean,2024,2013,-10.25,lower
Mathematics,8,IA,mean,2024,2015,-11.59,lower
Mathematics,8,IA,mean,2024,2017,-11.42,lower
Mathematics,8,IA,mean,2024,2019,-6.85,lower
Mathematics,8,IA,mean,2024,2022,-2.31,equal
Mathematics,8,IA,p10,2024,2019,-9.95,lower
Mathematics,8,IA,p10,2024,2022,-5.04,equal
Mathematics,8,IA,p25,2024,2019,-8.15,lower
Mathematics,8,IA,p25,2024,2022,-3.41,equal
Mathematics,8,IA,p50,2024,2019,-6.58,lower
Mathematics,8,IA,p50,2024,2022,-1.06,equal
Mathematics,8,IA,p75,2024,2019,-5.23,lower
Mathematics,8,IA,p75,2024,2022,-0.85,equal
Mathematics,8,IA,p90,2024,2019,-4.73,equal
Mathematics,8,IA,p90,2024,2022,-1.56,equal
Mathematics,8,ID,mean,2024,2003,-1.83,equal
Mathematics,8,ID,mean,2024,2005,-2.86,equal
Mathematics,8,ID,mean,2024,2007,-5.4,lower
Mathematics,8,ID,mean,2024,2009,-9.2,lower
Mathematics,8,ID,mean,2024,2011,-8.57,lower
Mathematics,8,ID,mean,2024,2013,-8.31,lower
Mathematics,8,ID,mean,2024,2015,-5.64,lower
Mathematics,8,ID,mean,2024,2017,-6.27,lower
Mathematics,8,ID,mean,2024,2019,-7.84,lower
Mathematics,8,ID,mean,2024,2022,-3.67,lower
Mathematics,8,ID,p10,2024,2019,-10.27,lower
Mathematics,8,ID,p10,2024,2022,-7.43,lower
Mathematics,8,ID,p25,2024,2019,-8.42,lower
Mathematics,8,ID,p25,2024,2022,-5.72,lower
Mathematics,8,ID,p50,2024,2019,-6.99,lower
Mathematics,8,ID,p50,2024,2022,-2.92,equal
Mathematics,8,ID,p75,2024,2019,-6.33,lower
Mathematics,8,ID,p75,2024,2022,-1.07,equal
Mathematics,8,ID,p90,2024,2019,-6.84,lower
Mathematics,8,ID,p90,2024,2022,0.21,equal
Mathematics,8,IL,mean,2024,2003,0.26,equal
Mathematics,8,IL,mean,2024,2005,-0.26,equal
Mathematics,8,IL,mean,2024,2007,-3.08,equal
Mathematics,8,IL,mean,2024,2009,-5.02,lower
Mathematics,8,IL,mean,2024,2011,-5.81,lower
Mathematics,8,IL,mean,2024,2013,-7.48,lower
Mathematics,8,IL,mean,2024,2015,-4.55,lower
Mathematics,8,IL,mean,2024,2017,-4.2,lower
Mathematics,8,IL,mean,2024,2019,-5.15,lower
Mathematics,8,IL,mean,2024,2022,2.22,equal
Mathematics,8,IL,p10,2024,2019,-11.5,lower
Mathematics,8,IL,p10,2024,2022,-6.39,equal
Mathematics,8,IL,p25,2024,2019,-10.56,lower
Mathematics,8,IL,p25,2024,2022,-2.63,equal
Mathematics,8,IL,p50,2024,2019,-4.92,equal
Mathematics,8,IL,p50,2024,2022,3.76,equal
Mathematics,8,IL,p75,2024,2019,-0.84,equal
Mathematics,8,IL,p75,2024,2022,7.51,higher
Mathematics,8,IL,p90,2024,2019,2.07,equal
Mathematics,8,IL,p90,2024,2022,8.77,higher
Mathematics,8,IN,mean,2024,2003,-3.04,equal
Mathematics,8,IN,mean,2024,2005,-3.53,lower
Mathematics,8,IN,mean,2024,2007,-6.82,lower
Mathematics,8,IN,mean,2024,2009,-8.62,lower
Mathematics,8,IN,mean,2024,2011,-6.82,lower
Mathematics,8,IN,mean,2024,2013,-9.58,lower
Mathematics,8,IN,mean,2024,2015,-8.99,lower
Mathematics,8,IN,mean,2024,2017,-9.52,lower
Mathematics,8,IN,mean,2024,2019,-7.46,lower
Mathematics,8,IN,mean,2024,2022,-0.46,equal
Mathematics,8,IN,p10,2024,2019,-9.26,equal
Mathematics,8,IN,p10,2024,2022,-1.93,equal
Mathematics,8,IN,p25,2024,2019,-8.18,lower
Mathematics,8,IN,p25,2024,2022,-0.44,equal
Mathematics,8,IN,p50,2024,2019,-7.62,lower
Mathematics,8,IN,p50,2024,2022,0.35,equal
Mathematics,8,IN,p75,2024,2019,-6.68,lower
Mathematics,8,IN,p75,2024,2022,0.63,equal
Mathematics,8,IN,p90,2024,2019,-5.96,lower
Mathematics,8,IN,p90,2024,2022,-0.41,equal
Mathematics,8,KS,mean,2024,2003,-10.05,lower
Mathematics,8,KS,mean,2024,2005,-9.89,lower
Mathematics,8,KS,mean,2024,2007,-15.9,lower
Mathematics,8,KS,mean,2024,2009,-14.46,lower
Mathematics,8,KS,mean,2024,2011,-15.48,lower
Mathematics,8,KS,mean,2024,2013,-15.38,lower
Mathematics,8,KS,mean,2024,2015,-9.73,lower
Mathematics,8,KS,mean,2024,2017,-11.15,lower
Mathematics,8,KS,mean,2024,2019,-8.07,lower
Mathematics,8,KS,mean,2024,2022,2.17,equal
Mathematics,8,KS,p10,2024,2019,-11.21,lower
Mathematics,8,KS,p10,2024,2022,-0.92,equal
Mathematics,8,KS,p25,2024,2019,-9.29,lower
Mathematics,8,KS,p25,2024,2022,0.32,equal
Mathematics,8,KS,p50,2024,2019,-7.3,lower
Mathematics,8,KS,p50,2024,2022,2.88,equal
Mathematics,8,KS,p75,2024,2019,-7.48,lower
Mathematics,8,KS,p75,2024,2022,3.66,higher
Mathematics,8,KS,p90,2024,2019,-7.42,lower
Mathematics,8,KS,p90,2024,2022,5.03,equal
Mathematics,8,KY,mean,2024,2003,-3.47,lower
Mathematics,8,KY,mean,2024,2005,-3.17,equal
Mathematics,8,KY,mean,2024,2007,-7.89,lower
Mathematics,8,KY,mean,2024,2009,-8.47,lower
Mathematics,8,KY,mean,2024,2011,-10.8,lower
Mathematics,8,KY,mean,2024,2013,-9.83,lower
Mathematics,8,KY,mean,2024,2015,-7.13,lower
Mathematics,8,KY,mean,2024,2017,-6.9,lower
Mathematics,8,KY,mean,2024,2019,-7.29,lower
Mathematics,8,KY,mean,2024,2022,1.4,equal
Mathematics,8,KY,p10,2024,2019,-9.97,equal
Mathematics,8,KY,p10,2024,2022,-2.74,equal
Mathematics,8,KY,p25,2024,2019,-10.46,lower
Mathematics,8,KY,p25,2024,2022,-0.86,equal
Mathematics,8,KY,p50,2024,2019,-8.67,lower
Mathematics,8,KY,p50,2024,2022,1.02,equal
Mathematics,8,KY,p75,2024,2019,-5.4,equal
Mathematics,8,KY,p75,2024,2022,3.39,equal
Mathematics,8,KY,p90,2024,2019,-2.79,equal
Mathematics,8,KY,p90,2024,2022,5.94,equal
Mathematics,8,LA,mean,2024,2003,0.45,equal
Mathematics,8,LA,mean,2024,2005,-0.97,equal
Mathematics,8,LA,mean,2024,2007,-5.6,lower
Mathematics,8,LA,mean,2024,2009,-5.6,lower
Mathematics,8,LA,mean,2024,2011,-6.06,lower
Mathematics,8,LA,mean,2024,2013,-5.98,lower
Mathematics,8,LA,mean,2024,2015,-1.65,equal
Mathematics,8,LA,mean,2024,2017,0.28,equal
Mathematics,8,LA,mean,2024,2019,-4.86,lower
Mathematics,8,LA,mean,2024,2022,1.19,equal
Mathematics,8,LA,p10,2024,2019,-6.23,lower
Mathematics,8,LA,p10,2024,2022,0.39,equal
Mathematics,8,LA,p25,2024,2019,-6.84,lower
Mathematics,8,LA,p25,2024,2022,0.34,equal
Mathematics,8,LA,p50,2024,2019,-6.59,lower
Mathematics,8,LA,p50,2024,2022,0.38,equal
Mathematics,8,LA,p75,2024,2019,-3.07,equal
Mathematics,8,LA,p75,2024,2022,2.54,equal
Mathematics,8,LA,p90,2024,2019,-0.32,equal
Mathematics,8,LA,p90,2024,2022,3.45,equal
Mathematics,8,MA,mean,2024,2003,-3.06,equal
Mathematics,8,MA,mean,2024,2005,-8.05,lower
Mathematics,8,MA,mean,2024,2007,-14.46,lower
Mathematics,8,MA,mean,2024,2009,-15.39,lower
Mathematics,8,MA,mean,2024,2011,-15.05,lower
Mathematics,8,MA,mean,2024,2013,-17.1,lower
Mathematics,8,MA,mean,2024,2015,-13.44,lower
Mathematics,8,MA,mean,2024,2017,-13.58,lower
Mathematics,8,MA,mean,2024,2019,-11.01,lower
Mathematics,8,MA,mean,2024,2022,-0.12,equal
Mathematics,8,MA,p10,2024,2019,-13.15,lower
Mathematics,8,MA,p10,2024,2022,-5.6,lower
Mathematics,8,MA,p25,2024,2019,-14.22,lower
Mathematics,8,MA,p25,2024,2022,-3.49,equal
Mathematics,8,MA,p50,2024,2019,-11.73,lower
Mathematics,8,MA,p50,2024,2022,0.99,equal
Mathematics,8,MA,p75,2024,2019,-9.58,lower
Mathematics,8,MA,p75,2024,2022,2.85,equal
Mathematics,8,MA,p90,2024,2019,-7.76,lower
Mathematics,8,MA,p90,2024,2022,4.13,equal
Mathematics,8,MD,mean,2024,2003,-9.5,lower
Mathematics,8,MD,mean,2024,2005,-9.72,lower
Mathematics,8,MD,mean,2024,2007,-17.52,lower
Mathematics,8,MD,mean,2024,2009,-20.13,lower
Mathematics,8,MD,mean,2024,2011,-19.78,lower
Mathematics,8,MD,mean,2024,2013,-18.43,lower
Mathematics,8,MD,mean,2024,2015,-14.94,lower
Mathematics,8,MD,mean,2024,2017,-12.7,lower
Mathematics,8,MD,mean,2024,2019,-11.93,lower
Mathematics,8,MD,mean,2024,2022,-0.49,equal
Mathematics,8,MD,p10,2024,2019,-13.62,lower
Mathematics,8,MD,p10,2024,2022,-1.91,equal
Mathematics,8,MD,p25,2024,2019,-12.91,lower
Mathematics,8,MD,p25,2024,2022,-1.01,equal
Mathematics,8,MD,p50,2024,2019,-12.48,lower
Mathematics,8,MD,p50,2024,2022,-0.05,equal
Mathematics,8,MD,p75,2024,2019,-11.02,lower
Mathematics,8,MD,p75,2024,2022,-0.07,equal
Mathematics,8,MD,p90,2024,2019,-9.25,equal
Mathematics,8,MD,p90,2024,2022,0.8,equal
Mathematics,8,ME,mean,2024,2003,-9.28,lower
Mathematics,8,ME,mean,2024,2005,-8.44,lower
Mathematics,8,ME,mean,2024,2007,-13.85,lower
Mathematics,8,ME,mean,2024,2009,-13.74,lower
Mathematics,8,ME,mean,2024,2011,-16.11,lower
Mathematics,8,ME,mean,2024,2013,-16.11,lower
Mathematics,8,ME,mean,2024,2015,-12.25,lower
Mathematics,8,ME,mean,2024,2017,-11.38,lower
Mathematics,8,ME,mean,2024,2019,-9.75,lower
Mathematics,8,ME,mean,2024,2022,0.08,equal
Mathematics,8,ME,p10,2024,2019,-9.72,lower
Mathematics,8,ME,p10,2024,2022,-1.41,equal
Mathematics,8,ME,p25,2024,2019,-9.91,lower
Mathematics,8,ME,p25,2024,2022,1.05,equal
Mathematics,8,ME,p50,2024,2019,-10.89,lower
Mathematics,8,ME,p50,2024,2022,0.05,equal
Mathematics,8,ME,p75,2024,2019,-10.32,lower
Mathematics,8,ME,p75,2024,2022,0.15,equal
Mathematics,8,ME,p90,2024,2019,-8.33,lower
Mathematics,8,ME,p90,2024,2022,0.74,equal
Mathematics,8,MI,mean,2024,2003,-6.46,lower
Mathematics,8,MI,mean,2024,2005,-7.37,lower
Mathematics,8,MI,mean,2024,2007,-6.85,lower
Mathematics,8,MI,mean,2024,2009,-8.29,lower
Mathematics,8,MI,mean,2024,2011,-10.2,lower
Mathematics,8,MI,mean,2024,2013,-10.15,lower
Mathematics,8,MI,mean,2024,2015,-8.19,lower
Mathematics,8,MI,mean,2024,2017,-9.53,lower
Mathematics,8,MI,mean,2024,2019,-10.3,lower
Mathematics,8,MI,mean,2024,2022,-2.57,equal
Mathematics,8,MI,p10,2024,2019,-13.17,lower
Mathematics,8,MI,p10,2024,2022,-4.1,equal
Mathematics,8,MI,p25,2024,2019,-12.2,lower
Mathematics,8,MI,p25,2024,2022,-2.98,equal
Mathematics,8,MI,p50,2024,2019,-10.95,lower
Mathematics,8,MI,p50,2024,2022,-3.17,equal
Mathematics,8,MI,p75,2024,2019,-8.24,lower
Mathematics,8,MI,p75,2024,2022,-1.8,equal
Mathematics,8,MI,p90,2024,2019,-7.3,equal
Mathematics,8,MI,p90,2024,2022,0.71,equal
Mathematics,8,MN,mean,2024,2003,-8.59,lower
Mathematics,8,MN,mean,2024,2005,-7.99,lower
Mathematics,8,MN,mean,2024,2007,-9.76,lower
Mathematics,8,MN,mean,2024,2009,-12.36,lower
Mathematics,8,MN,mean,2024,2011,-12.86,lower
Mathematics,8,MN,mean,2024,2013,-12.51,lower
Mathematics,8,MN,mean,2024,2015,-12.06,lower
Mathematics,8,MN,mean,2024,2017,-11.87,lower
Mathematics,8,MN,mean,2024,2019,-8.7,lower
Mathematics,8,MN,mean,2024,2022,2.02,equal
Mathematics,8,MN,p10,2024,2019,-7.68,lower
Mathematics,8,MN,p10,2024,2022,-0.47,equal
Mathematics,8,MN,p25,2024,2019,-8.35,lower
Mathematics,8,MN,p25,2024,2022,1.98,equal
Mathematics,8,MN,p50,2024,2019,-9.52,lower
Mathematics,8,MN,p50,2024,2022,2.18,equal
Mathematics,8,MN,p75,2024,2019,-10.95,lower
Mathematics,8,MN,p75,2024,2022,2.17,equal
Mathematics,8,MN,p90,2024,2019,-9.42,lower
Mathematics,8,MN,p90,2024,2022,2.54,equal
Mathematics,8,MO,mean,2024,2003,-8.4,lower
Mathematics,8,MO,mean,2024,2005,-6.09,lower
Mathematics,8,MO,mean,2024,2007,-10.26,lower
Mathematics,8,MO,mean,2024,2009,-15.44,lower
Mathematics,8,MO,mean,2024,2011,-11.58,lower
Mathematics,8,MO,mean,2024,2013,-12.63,lower
Mathematics,8,MO,mean,2024,2015,-10.46,lower
Mathematics,8,MO,mean,2024,2017,-10.23,lower
Mathematics,8,MO,mean,2024,2019,-10.4,lower
Mathematics,8,MO,mean,2024,2022,-1.79,equal
Mathematics,8,MO,p10,2024,2019,-13.15,lower
Mathematics,8,MO,p10,2024,2022,-3.78,equal
Mathematics,8,MO,p25,2024,2019,-11.7,lower
Mathematics,8,MO,p25,2024,2022,-2.91,equal
Mathematics,8,MO,p50,2024,2019,-10.02,lower
Mathematics,8,MO,p50,2024,2022,-0.81,equal
Mathematics,8,MO,p75,2024,2019,-9.33,lower
Mathematics,8,MO,p75,2024,2022,-0.92,equal
Mathematics,8,MO,p90,2024,2019,-7.46,lower
Mathematics,8,MO,p90,2024,2022,-0.06,equal
Mathematics,8,MS,mean,2024,2003,8.15,higher
Mathematics,8,MS,mean,2024,2005,6.6,higher
Mathematics,8,MS,mean,2024,2007,4.17,higher
Mathematics,8,MS,mean,2024,2009,4.06,higher
Mathematics,8,MS,mean,2024,2011,-0.18,equal
Mathematics,8,MS,mean,2024,2013,-2.1,equal
Mathematics,8,MS,mean,2024,2015,-1.52,equal
Mathematics,8,MS,mean,2024,2017,-1.85,equal
Mathematics,8,MS,mean,2024,2019,-4.67,lower
Mathematics,8,MS,mean,2024,2022,3.49,equal
Mathematics,8,MS,p10,2024,2019,-7.82,lower
Mathematics,8,MS,p10,2024,2022,0.46,equal
Mathematics,8,MS,p25,2024,2019,-6.4,lower
Mathematics,8,MS,p25,2024,2022,1.52,equal
Mathematics,8,MS,p50,2024,2019,-4.17,equal
Mathematics,8,MS,p50,2024,2022,3.18,equal
Mathematics,8,MS,p75,2024,2019,-3.58,equal
Mathematics,8,MS,p75,2024,2022,4.37,equal
Mathematics,8,MS,p90,2024,2019,-1.57,equal
Mathematics,8,MS,p90,2024,2022,7.87,higher
Mathematics,8,MT,mean,2024,2003,-6.85,lower
Mathematics,8,MT,mean,2024,2005,-7.35,lower
Mathematics,8,MT,mean,2024,2007,-7.99,lower
Mathematics,8,MT,mean,2024,2009,-12.46,lower
Mathematics,8,MT,mean,2024,2011,-13.83,lower
Mathematics,8,MT,mean,2024,2013,-10.15,lower
Mathematics,8,MT,mean,2024,2015,-8.38,lower
Mathematics,8,MT,mean,2024,2017,-6.52,lower
Mathematics,8,MT,mean,2024,2019,-4.88,lower
Mathematics,8,MT,mean,2024,2022,1.65,equal
Mathematics,8,MT,p10,2024,2019,-8.59,equal
Mathematics,8,MT,p10,2024,2022,-4.66,equal
Mathematics,8,MT,p25,2024,2019,-5.79,lower
Mathematics,8,MT,p25,2024,2022,-0.39,equal
Mathematics,8,MT,p50,2024,2019,-4.03,lower
Mathematics,8,MT,p50,2024,2022,1.93,equal
Mathematics,8,MT,p75,2024,2019,-3.28,equal
Mathematics,8,MT,p75,2024,2022,4.44,equal
Mathematics,8,MT,p90,2024,2019,-3.47,equal
Mathematics,8,MT,p90,2024,2022,6.05,higher
Mathematics,8,NC,mean,2024,2003,-5.42,lower
Mathematics,8,NC,mean,2024,2005,-6,lower
Mathematics,8,NC,mean,2024,2007,-8.06,lower
Mathematics,8,NC,mean,2024,2009,-8.51,lower
Mathematics,8,NC,mean,2024,2011,-10.45,lower
Mathematics,8,NC,mean,2024,2013,-9.82,lower
Mathematics,8,NC,mean,2024,2015,-5.51,lower
Mathematics,8,NC,mean,2024,2017,-6.1,lower
Mathematics,8,NC,mean,2024,2019,-7.84,lower
Mathematics,8,NC,mean,2024,2022,2.12,equal
Mathematics,8,NC,p10,2024,2019,-13.83,lower
Mathematics,8,NC,p10,2024,2022,-8.01,equal
Mathematics,8,NC,p25,2024,2019,-11.16,lower
Mathematics,8,NC,p25,2024,2022,-2.45,equal
Mathematics,8,NC,p50,2024,2019,-8.29,lower
Mathematics,8,NC,p50,2024,2022,3.24,equal
Mathematics,8,NC,p75,2024,2019,-4.88,equal
Mathematics,8,NC,p75,2024,2022,7.67,higher
Mathematics,8,NC,p90,2024,2019,-3.83,equal
Mathematics,8,NC,p90,2024,2022,9.15,higher
Mathematics,8,ND,mean,2024,2003,-7.38,lower
Mathematics,8,ND,mean,2024,2005,-7.2,lower
Mathematics,8,ND,mean,2024,2007,-11.8,lower
Mathematics,8,ND,mean,2024,2009,-13.08,lower
Mathematics,8,ND,mean,2024,2011,-12.23,lower
Mathematics,8,ND,mean,2024,2013,-10.75,lower
Mathematics,8,ND,mean,2024,2015,-8.48,lower
Mathematics,8,ND,mean,2024,2017,-8.41,lower
Mathematics,8,ND,mean,2024,2019,-5.8,lower
Mathematics,8,ND,mean,2024,2022,1.37,equal
Mathematics,8,ND,p10,2024,2019,-2.85,equal
Mathematics,8,ND,p10,2024,2022,1.62,equal
Mathematics,8,ND,p25,2024,2019,-4.58,equal
Mathematics,8,ND,p25,2024,2022,2.96,equal
Mathematics,8,ND,p50,2024,2019,-7.01,lower
Mathematics,8,ND,p50,2024,2022,1.53,equal
Mathematics,8,ND,p75,2024,2019,-6.9,lower
Mathematics,8,ND,p75,2024,2022,1.35,equal
Mathematics,8,ND,p90,2024,2019,-7,lower
Mathematics,8,ND,p90,2024,2022,1.59,equal
Mathematics,8,NE,mean,2024,2003,-2.31,equal
Mathematics,8,NE,mean,2024,2005,-4.08,lower
Mathematics,8,NE,mean,2024,2007,-3.77,lower
Mathematics,8,NE,mean,2024,2009,-4.38,lower
Mathematics,8,NE,mean,2024,2011,-3.31,lower
Mathematics,8,NE,mean,2024,2013,-5.18,lower
Mathematics,8,NE,mean,2024,2015,-6.62,lower
Mathematics,8,NE,mean,2024,2017,-8.52,lower
Mathematics,8,NE,mean,2024,2019,-5.13,lower
Mathematics,8,NE,mean,2024,2022,0.5,equal
Mathematics,8,NE,p10,2024,2019,-9.1,lower
Mathematics,8,NE,p10,2024,2022,-2.18,equal
Mathematics,8,NE,p25,2024,2019,-6.87,lower
Mathematics,8,NE,p25,2024,2022,-0.28,equal
Mathematics,8,NE,p50,2024,2019,-5.04,lower
Mathematics,8,NE,p50,2024,2022,1.73,equal
Mathematics,8,NE,p75,2024,2019,-3.34,equal
Mathematics,8,NE,p75,2024,2022,1.8,equal
Mathematics,8,NE,p90,2024,2019,-2.42,equal
Mathematics,8,NE,p90,2024,2022,1.37,equal
Mathematics,8,NH,mean,2024,2003,-6.45,lower
Mathematics,8,NH,mean,2024,2005,-5.51,lower
Mathematics,8,NH,mean,2024,2007,-7.81,lower
Mathematics,8,NH,mean,2024,2009,-12.58,lower
Mathematics,8,NH,mean,2024,2011,-12.36,lower
Mathematics,8,NH,mean,2024,2013,-15.92,lower
Mathematics,8,NH,mean,2024,2015,-14.67,lower
Mathematics,8,NH,mean,2024,2017,-13.55,lower
Mathematics,8,NH,mean,2024,2019,-7.48,lower
Mathematics,8,NH,mean,2024,2022,1.16,equal
Mathematics,8,NH,p10,2024,2019,-11.03,lower
Mathematics,8,NH,p10,2024,2022,-2.13,equal
Mathematics,8,NH,p25,2024,2019,-9.09,lower
Mathematics,8,NH,p25,2024,2022,-1.34,equal
Mathematics,8,NH,p50,2024,2019,-6.68,lower
Mathematics,8,NH,p50,2024,2022,1.92,equal
Mathematics,8,NH,p75,2024,2019,-6.04,lower
Mathematics,8,NH,p75,2024,2022,2.99,equal
Mathematics,8,NH,p90,2024,2019,-5.15,equal
Mathematics,8,NH,p90,2024,2022,3.57,equal
Mathematics,8,NJ,mean,2024,2003,0.28,equal
Mathematics,8,NJ,mean,2024,2005,-2.22,equal
Mathematics,8,NJ,mean,2024,2007,-6.9,lower
Mathematics,8,NJ,mean,2024,2009,-10.97,lower
Mathematics,8,NJ,mean,2024,2011,-12.45,lower
Mathematics,8,NJ,mean,2024,2013,-14.37,lower
Mathematics,8,NJ,mean,2024,2015,-11.68,lower
Mathematics,8,NJ,mean,2024,2017,-10.01,lower
Mathematics,8,NJ,mean,2024,2019,-10.14,lower
Mathematics,8,NJ,mean,2024,2022,0.8,equal
Mathematics,8,NJ,p10,2024,2019,-13.29,lower
Mathematics,8,NJ,p10,2024,2022,-5.04,equal
Mathematics,8,NJ,p25,2024,2019,-14.54,lower
Mathematics,8,NJ,p25,2024,2022,-3.2,equal
Mathematics,8,NJ,p50,2024,2019,-10.58,lower
Mathematics,8,NJ,p50,2024,2022,1.12,equal
Mathematics,8,NJ,p75,2024,2019,-6.93,lower
Mathematics,8,NJ,p75,2024,2022,5.35,equal
Mathematics,8,NJ,p90,2024,2019,-6.94,equal
Mathematics,8,NJ,p90,2024,2022,6.21,equal
Mathematics,8,NM,mean,2024,2003,-7.06,lower
Mathematics,8,NM,mean,2024,2005,-7.06,lower
Mathematics,8,NM,mean,2024,2007,-11.33,lower
Mathematics,8,NM,mean,2024,2009,-13.49,lower
Mathematics,8,NM,mean,2024,2011,-18.24,lower
Mathematics,8,NM,mean,2024,2013,-16.55,lower
Mathematics,8,NM,mean,2024,2015,-14.69,lower
Mathematics,8,NM,mean,2024,2017,-13.16,lower
Mathematics,8,NM,mean,2024,2019,-12.55,lower
Mathematics,8,NM,mean,2024,2022,-2.77,equal
Mathematics,8,NM,p10,2024,2019,-13.91,lower
Mathematics,8,NM,p10,2024,2022,-6.75,lower
Mathematics,8,NM,p25,2024,2019,-13.86,lower
Mathematics,8,NM,p25,2024,2022,-5.46,lower
Mathematics,8,NM,p50,2024,2019,-13.68,lower
Mathematics,8,NM,p50,2024,2022,-3.58,lower
Mathematics,8,NM,p75,2024,2019,-12.52,lower
Mathematics,8,NM,p75,2024,2022,-0.69,equal
Mathematics,8,NM,p90,2024,2019,-8.44,equal
Mathematics,8,NM,p90,2024,2022,3.73,equal
Mathematics,8,NP,mean,2024,2003,-3.88,lower
Mathematics,8,NP,mean,2024,2005,-5.29,lower
Mathematics,8,NP,mean,2024,2007,-7.94,lower
Mathematics,8,NP,mean,2024,2009,-9.44,lower
Mathematics,8,NP,mean,2024,2011,-10.49,lower
Mathematics,8,NP,mean,2024,2013,-11.38,lower
Mathematics,8,NP,mean,2024,2015,-9.05,lower
Mathematics,8,NP,mean,2024,2017,-9.72,lower
Mathematics,8,NP,mean,2024,2019,-8.75,lower
Mathematics,8,NP,mean,2024,2022,-0.9,equal
Mathematics,8,NP,p10,2024,2019,-11.96,lower
Mathematics,8,NP,p10,2024,2022,-5.36,lower
Mathematics,8,NP,p25,2024,2019,-10.87,lower
Mathematics,8,NP,p25,2024,2022,-3.13,lower
Mathematics,8,NP,p50,2024,2019,-9.09,lower
Mathematics,8,NP,p50,2024,2022,-0.71,equal
Mathematics,8,NP,p75,2024,2019,-6.91,lower
Mathematics,8,NP,p75,2024,2022,1.9,higher
Mathematics,8,NP,p90,2024,2019,-5.52,lower
Mathematics,8,NP,p90,2024,2022,2.97,higher
Mathematics,8,NV,mean,2024,2003,-2.87,equal
Mathematics,8,NV,mean,2024,2005,-4.73,lower
Mathematics,8,NV,mean,2024,2007,-5.63,lower
Mathematics,8,NV,mean,2024,2009,-8.97,lower
Mathematics,8,NV,mean,2024,2011,-12.94,lower
Mathematics,8,NV,mean,2024,2013,-13.11,lower
Mathematics,8,NV,mean,2024,2015,-9.99,lower
Mathematics,8,NV,mean,2024,2017,-10.19,lower
Mathematics,8,NV,mean,2024,2019,-8.61,lower
Mathematics,8,NV,mean,2024,2022,-4.04,lower
Mathematics,8,NV,p10,2024,2019,-8.86,lower
Mathematics,8,NV,p10,2024,2022,-7.08,lower
Mathematics,8,NV,p25,2024,2019,-9.93,lower
Mathematics,8,NV,p25,2024,2022,-6.18,lower
Mathematics,8,NV,p50,2024,2019,-10.04,lower
Mathematics,8,NV,p50,2024,2022,-4.38,lower
Mathematics,8,NV,p75,2024,2019,-7.99,lower
Mathematics,8,NV,p75,2024,2022,-1.87,equal
Mathematics,8,NV,p90,2024,2019,-6.35,lower
Mathematics,8,NV,p90,2024,2022,-0.18,equal
Mathematics,8,NY,mean,2024,2003,-8.9,lower
Mathematics,8,NY,mean,2024,2005,-8.86,lower
Mathematics,8,NY,mean,2024,2007,-9.29,lower
Mathematics,8,NY,mean,2024,2009,-11.73,lower
Mathematics,8,NY,mean,2024,2011,-9.6,lower
Mathematics,8,NY,mean,2024,2013,-10.96,lower
Mathematics,8,NY,mean,2024,2015,-9.24,lower
Mathematics,8,NY,mean,2024,2017,-10.84,lower
Mathematics,8,NY,mean,2024,2019,-9.56,lower
Mathematics,8,NY,mean,2024,2022,-3.42,equal
Mathematics,8,NY,p10,2024,2019,-10.46,lower
Mathematics,8,NY,p10,2024,2022,-5.31,equal
Mathematics,8,NY,p25,2024,2019,-10.04,lower
Mathematics,8,NY,p25,2024,2022,-4.06,equal
Mathematics,8,NY,p50,2024,2019,-9.39,lower
Mathematics,8,NY,p50,2024,2022,-2.37,equal
Mathematics,8,NY,p75,2024,2019,-9.28,lower
Mathematics,8,NY,p75,2024,2022,-2.72,equal
Mathematics,8,NY,p90,2024,2019,-8.06,lower
Mathematics,8,NY,p90,2024,2022,-2.96,equal
Mathematics,8,OH,mean,2024,2003,-2.79,equal
Mathematics,8,OH,mean,2024,2005,-4.44,lower
Mathematics,8,OH,mean,2024,2007,-6.04,lower
Mathematics,8,OH,mean,2024,2009,-6.77,lower
Mathematics,8,OH,mean,2024,2011,-9.79,lower
Mathematics,8,OH,mean,2024,2013,-10.72,lower
Mathematics,8,OH,mean,2024,2015,-6.25,lower
Mathematics,8,OH,mean,2024,2017,-8.9,lower
Mathematics,8,OH,mean,2024,2019,-6.9,lower
Mathematics,8,OH,mean,2024,2022,2.76,equal
Mathematics,8,OH,p10,2024,2019,-9.42,lower
Mathematics,8,OH,p10,2024,2022,0.27,equal
Mathematics,8,OH,p25,2024,2019,-9.54,lower
Mathematics,8,OH,p25,2024,2022,1.27,equal
Mathematics,8,OH,p50,2024,2019,-7.57,lower
Mathematics,8,OH,p50,2024,2022,1.93,equal
Mathematics,8,OH,p75,2024,2019,-5.28,lower
Mathematics,8,OH,p75,2024,2022,4.07,equal
Mathematics,8,OH,p90,2024,2019,-3.16,equal
Mathematics,8,OH,p90,2024,2022,6.69,equal
Mathematics,8,OK,mean,2024,2003,-7.45,lower
Mathematics,8,OK,mean,2024,2005,-6.91,lower
Mathematics,8,OK,mean,2024,2007,-10.08,lower
Mathematics,8,OK,mean,2024,2009,-11.26,lower
Mathematics,8,OK,mean,2024,2011,-14.73,lower
Mathematics,8,OK,mean,2024,2013,-11.05,lower
Mathematics,8,OK,mean,2024,2015,-10.13,lower
Mathematics,8,OK,mean,2024,2017,-10.23,lower
Mathematics,8,OK,mean,2024,2019,-12.01,lower
Mathematics,8,OK,mean,2024,2022,0.55,equal
Mathematics,8,OK,p10,2024,2019,-15.25,lower
Mathematics,8,OK,p10,2024,2022,-1.72,equal
Mathematics,8,OK,p25,2024,2019,-13.92,lower
Mathematics,8,OK,p25,2024,2022,-1.22,equal
Mathematics,8,OK,p50,2024,2019,-11.44,lower
Mathematics,8,OK,p50,2024,2022,1.11,equal
Mathematics,8,OK,p75,2024,2019,-10.7,lower
Mathematics,8,OK,p75,2024,2022,1.74,equal
Mathematics,8,OK,p90,2024,2019,-8.92,lower
Mathematics,8,OK,p90,2024,2022,2.92,equal
Mathematics,8,OR,mean,2024,2003,-12.95,lower
Mathematics,8,OR,mean,2024,2005,-14.3,lower
Mathematics,8,OR,mean,2024,2007,-15.89,lower
Mathematics,8,OR,mean,2024,2009,-17.1,lower
Mathematics,8,OR,mean,2024,2011,-14.58,lower
Mathematics,8,OR,mean,2024,2013,-15.58,lower
Mathematics,8,OR,mean,2024,2015,-14.87,lower
Mathematics,8,OR,mean,2024,2017,-14.23,lower
Mathematics,8,OR,mean,2024,2019,-11.56,lower
Mathematics,8,OR,mean,2024,2022,-2.34,equal
Mathematics,8,OR,p10,2024,2019,-14.23,lower
Mathematics,8,OR,p10,2024,2022,-10.44,lower
Mathematics,8,OR,p25,2024,2019,-14.1,lower
Mathematics,8,OR,p25,2024,2022,-5.87,equal
Mathematics,8,OR,p50,2024,2019,-11.43,lower
Mathematics,8,OR,p50,2024,2022,-1.35,equal
Mathematics,8,OR,p75,2024,2019,-9.8,lower
Mathematics,8,OR,p75,2024,2022,2.11,equal
Mathematics,8,OR,p90,2024,2019,-9.19,lower
Mathematics,8,OR,p90,2024,2022,3.94,equal
Mathematics,8,PA,mean,2024,2003,-2.29,equal
Mathematics,8,PA,mean,2024,2005,-4.47,lower
Mathematics,8,PA,mean,2024,2007,-9.92,lower
Mathematics,8,PA,mean,2024,2009,-12.06,lower
Mathematics,8,PA,mean,2024,2011,-9.86,lower
Mathematics,8,PA,mean,2024,2013,-13.38,lower
Mathematics,8,PA,mean,2024,2015,-7.42,lower
Mathematics,8,PA,mean,2024,2017,-10.15,lower
Mathematics,8,PA,mean,2024,2019,-8.78,lower
Mathematics,8,PA,mean,2024,2022,1.97,equal
Mathematics,8,PA,p10,2024,2019,-12.05,lower
Mathematics,8,PA,p10,2024,2022,-6.17,equal
Mathematics,8,PA,p25,2024,2019,-9.95,lower
Mathematics,8,PA,p25,2024,2022,-0.78,equal
Mathematics,8,PA,p50,2024,2019,-8.87,lower
Mathematics,8,PA,p50,2024,2022,2.97,equal
Mathematics,8,PA,p75,2024,2019,-7.49,lower
Mathematics,8,PA,p75,2024,2022,5.52,higher
Mathematics,8,PA,p90,2024,2019,-5.04,equal
Mathematics,8,PA,p90,2024,2022,9.12,higher
Mathematics,8,RI,mean,2024,2003,-2.17,equal
Mathematics,8,RI,mean,2024,2005,-2.52,lower
Mathematics,8,RI,mean,2024,2007,-5.56,lower
Mathematics,8,RI,mean,2024,2009,-8.1,lower
Mathematics,8,RI,mean,2024,2011,-13.05,lower
Mathematics,8,RI,mean,2024,2013,-14.27,lower
Mathematics,8,RI,mean,2024,2015,-11.62,lower
Mathematics,8,RI,mean,2024,2017,-7.35,lower
Mathematics,8,RI,mean,2024,2019,-5.85,lower
Mathematics,8,RI,mean,2024,2022,-0.47,equal
Mathematics,8,RI,p10,2024,2019,-9.59,lower
Mathematics,8,RI,p10,2024,2022,-7.64,lower
Mathematics,8,RI,p25,2024,2019,-9.7,lower
Mathematics,8,RI,p25,2024,2022,-4.5,equal
Mathematics,8,RI,p50,2024,2019,-6.98,lower
Mathematics,8,RI,p50,2024,2022,-0.07,equal
Mathematics,8,RI,p75,2024,2019,-4.06,lower
Mathematics,8,RI,p75,2024,2022,3.23,equal
Mathematics,8,RI,p90,2024,2019,-0.29,equal
Mathematics,8,RI,p90,2024,2022,6.18,higher
Mathematics,8,SC,mean,2024,2003,-9.29,lower
Mathematics,8,SC,mean,2024,2005,-13.23,lower
Mathematics,8,SC,mean,2024,2007,-13.5,lower
Mathematics,8,SC,mean,2024,2009,-12.37,lower
Mathematics,8,SC,mean,2024,2011,-12.99,lower
Mathematics,8,SC,mean,2024,2013,-11.82,lower
Mathematics,8,SC,mean,2024,2015,-7.82,lower
Mathematics,8,SC,mean,2024,2017,-6.67,lower
Mathematics,8,SC,mean,2024,2019,-8.34,lower
Mathematics,8,SC,mean,2024,2022,-1.01,equal
Mathematics,8,SC,p10,2024,2019,-11.06,lower
Mathematics,8,SC,p10,2024,2022,-5.33,equal
Mathematics,8,SC,p25,2024,2019,-10.89,lower
Mathematics,8,SC,p25,2024,2022,-3.95,equal
Mathematics,8,SC,p50,2024,2019,-8.73,lower
Mathematics,8,SC,p50,2024,2022,-1.13,equal
Mathematics,8,SC,p75,2024,2019,-6.48,lower
Mathematics,8,SC,p75,2024,2022,2.26,equal
Mathematics,8,SC,p90,2024,2019,-6.3,lower
Mathematics,8,SC,p90,2024,2022,2.38,equal
Mathematics,8,SD,mean,2024,2003,-3.78,lower
Mathematics,8,SD,mean,2024,2005,-6.2,lower
Mathematics,8,SD,mean,2024,2007,-7.36,lower
Mathematics,8,SD,mean,2024,2009,-9.52,lower
Mathematics,8,SD,mean,2024,2011,-9.51,lower
Mathematics,8,SD,mean,2024,2013,-6.17,lower
Mathematics,8,SD,mean,2024,2015,-3.54,lower
Mathematics,8,SD,mean,2024,2017,-5.28,lower
Mathematics,8,SD,mean,2024,2019,-5.99,lower
Mathematics,8,SD,mean,2024,2022,-0.34,equal
Mathematics,8,SD,p10,2024,2019,-5.86,equal
Mathematics,8,SD,p10,2024,2022,-3.45,equal
Mathematics,8,SD,p25,2024,2019,-6.34,lower
Mathematics,8,SD,p25,2024,2022,-0.84,equal
Mathematics,8,SD,p50,2024,2019,-6.23,lower
Mathematics,8,SD,p50,2024,2022,0.21,equal
Mathematics,8,SD,p75,2024,2019,-5.95,lower
Mathematics,8,SD,p75,2024,2022,0.73,equal
Mathematics,8,SD,p90,2024,2019,-6.03,lower
Mathematics,8,SD,p90,2024,2022,2.15,equal
Mathematics,8,TN,mean,2024,2003,7.81,higher
Mathematics,8,TN,mean,2024,2005,5.46,higher
Mathematics,8,TN,mean,2024,2007,2,equal
Mathematics,8,TN,mean,2024,2009,1.22,equal
Mathematics,8,TN,mean,2024,2011,1.94,equal
Mathematics,8,TN,mean,2024,2013,-1.74,equal
Mathematics,8,TN,mean,2024,2015,-2.22,equal
Mathematics,8,TN,mean,2024,2017,-2.79,equal
Mathematics,8,TN,mean,2024,2019,-4.1,equal
Mathematics,8,TN,mean,2024,2022,4.01,equal
Mathematics,8,TN,p10,2024,2019,-9.8,lower
Mathematics,8,TN,p10,2024,2022,-0.55,equal
Mathematics,8,TN,p25,2024,2019,-7.53,lower
Mathematics,8,TN,p25,2024,2022,0.16,equal
Mathematics,8,TN,p50,2024,2019,-4.09,equal
Mathematics,8,TN,p50,2024,2022,3.33,equal
Mathematics,8,TN,p75,2024,2019,-0.5,equal
Mathematics,8,TN,p75,2024,2022,7.1,higher
Mathematics,8,TN,p90,2024,2019,0.68,equal
Mathematics,8,TN,p90,2024,2022,9.24,higher
Mathematics,8,TX,mean,2024,2003,-7.66,lower
Mathematics,8,TX,mean,2024,2005,-11.71,lower
Mathematics,8,TX,mean,2024,2007,-16.48,lower
Mathematics,8,TX,mean,2024,2009,-17.29,lower
Mathematics,8,TX,mean,2024,2011,-20.95,lower
Mathematics,8,TX,mean,2024,2013,-18.81,lower
Mathematics,8,TX,mean,2024,2015,-14.4,lower
Mathematics,8,TX,mean,2024,2017,-12.93,lower
Mathematics,8,TX,mean,2024,2019,-10.26,lower
Mathematics,8,TX,mean,2024,2022,-3.28,equal
Mathematics,8,TX,p10,2024,2019,-14.88,lower
Mathematics,8,TX,p10,2024,2022,-7.36,lower
Mathematics,8,TX,p25,2024,2019,-13.2,lower
Mathematics,8,TX,p25,2024,2022,-5.84,lower
Mathematics,8,TX,p50,2024,2019,-10.76,lower
Mathematics,8,TX,p50,2024,2022,-3.91,equal
Mathematics,8,TX,p75,2024,2019,-7.14,lower
Mathematics,8,TX,p75,2024,2022,-0.47,equal
Mathematics,8,TX,p90,2024,2019,-5.14,equal
Mathematics,8,TX,p90,2024,2022,1.23,equal
Mathematics,8,UT,mean,2024,2003,1.14,equal
Mathematics,8,UT,mean,2024,2005,2.63,equal
Mathematics,8,UT,mean,2024,2007,0.7,equal
Mathematics,8,UT,mean,2024,2009,-2.28,equal
Mathematics,8,UT,mean,2024,2011,-1.52,equal
Mathematics,8,UT,mean,2024,2013,-2.54,equal
Mathematics,8,UT,mean,2024,2015,-4.33,lower
Mathematics,8,UT,mean,2024,2017,-5.03,lower
Mathematics,8,UT,mean,2024,2019,-3.14,lower
Mathematics,8,UT,mean,2024,2022,-0.42,equal
Mathematics,8,UT,p10,2024,2019,-2.73,equal
Mathematics,8,UT,p10,2024,2022,-1.96,equal
Mathematics,8,UT,p25,2024,2019,-3.73,equal
Mathematics,8,UT,p25,2024,2022,-1.34,equal
Mathematics,8,UT,p50,2024,2019,-2.22,equal
Mathematics,8,UT,p50,2024,2022,0.26,equal
Mathematics,8,UT,p75,2024,2019,-3.43,equal
Mathematics,8,UT,p75,2024,2022,0.66,equal
Mathematics,8,UT,p90,2024,2019,-5.25,equal
Mathematics,8,UT,p90,2024,2022,-0.28,equal
Mathematics,8,VA,mean,2024,2003,-6.69,lower
Mathematics,8,VA,mean,2024,2005,-9.38,lower
Mathematics,8,VA,mean,2024,2007,-12.64,lower
Mathematics,8,VA,mean,2024,2009,-11.08,lower
Mathematics,8,VA,mean,2024,2011,-14.27,lower
Mathematics,8,VA,mean,2024,2013,-13.15,lower
Mathematics,8,VA,mean,2024,2015,-12.72,lower
Mathematics,8,VA,mean,2024,2017,-15.09,lower
Mathematics,8,VA,mean,2024,2019,-12.07,lower
Mathematics,8,VA,mean,2024,2022,-4.18,equal
Mathematics,8,VA,p10,2024,2019,-18.16,lower
Mathematics,8,VA,p10,2024,2022,-8.03,lower
Mathematics,8,VA,p25,2024,2019,-14.56,lower
Mathematics,8,VA,p25,2024,2022,-4.16,equal
Mathematics,8,VA,p50,2024,2019,-11.75,lower
Mathematics,8,VA,p50,2024,2022,-2.52,equal
Mathematics,8,VA,p75,2024,2019,-9.62,lower
Mathematics,8,VA,p75,2024,2022,-3.55,equal
Mathematics,8,VA,p90,2024,2019,-7.19,equal
Mathematics,8,VA,p90,2024,2022,-3.02,equal
Mathematics,8,VT,mean,2024,2003,-10.03,lower
Mathematics,8,VT,mean,2024,2005,-11.74,lower
Mathematics,8,VT,mean,2024,2007,-15.39,lower
Mathematics,8,VT,mean,2024,2009,-17.25,lower
Mathematics,8,VT,mean,2024,2011,-18.26,lower
Mathematics,8,VT,mean,2024,2013,-19.85,lower
Mathematics,8,VT,mean,2024,2015,-14.74,lower
Mathematics,8,VT,mean,2024,2017,-12.01,lower
Mathematics,8,VT,mean,2024,2019,-10.99,lower
Mathematics,8,VT,mean,2024,2022,-0.85,equal
Mathematics,8,VT,p10,2024,2019,-11.39,lower
Mathematics,8,VT,p10,2024,2022,-4.5,equal
Mathematics,8,VT,p25,2024,2019,-12.72,lower
Mathematics,8,VT,p25,2024,2022,-3.91,equal
Mathematics,8,VT,p50,2024,2019,-10.97,lower
Mathematics,8,VT,p50,2024,2022,-0.17,equal
Mathematics,8,VT,p75,2024,2019,-10.17,lower
Mathematics,8,VT,p75,2024,2022,2.07,equal
Mathematics,8,VT,p90,2024,2019,-9.38,lower
Mathematics,8,VT,p90,2024,2022,3.08,equal
Mathematics,8,WA,mean,2024,2003,-7.49,lower
Mathematics,8,WA,mean,2024,2005,-11.39,lower
Mathematics,8,WA,mean,2024,2007,-11.2,lower
Mathematics,8,WA,mean,2024,2009,-15.06,lower
Mathematics,8,WA,mean,2024,2011,-14.44,lower
Mathematics,8,WA,mean,2024,2013,-16.29,lower
Mathematics,8,WA,mean,2024,2015,-12.85,lower
Mathematics,8,WA,mean,2024,2017,-15.47,lower
Mathematics,8,WA,mean,2024,2019,-12.14,lower
Mathematics,8,WA,mean,2024,2022,-2.42,equal
Mathematics,8,WA,p10,2024,2019,-13.78,lower
Mathematics,8,WA,p10,2024,2022,-9.16,equal
Mathematics,8,WA,p25,2024,2019,-14.69,lower
Mathematics,8,WA,p25,2024,2022,-6.64,lower
Mathematics,8,WA,p50,2024,2019,-15.46,lower
Mathematics,8,WA,p50,2024,2022,-3.7,equal
Mathematics,8,WA,p75,2024,2019,-10.95,lower
Mathematics,8,WA,p75,2024,2022,2.83,equal
Mathematics,8,WA,p90,2024,2019,-6.29,equal
Mathematics,8,WA,p90,2024,2022,5.07,equal
Mathematics,8,WI,mean,2024,2003,-1.27,equal
Mathematics,8,WI,mean,2024,2005,-1.89,equal
Mathematics,8,WI,mean,2024,2007,-2.97,equal
Mathematics,8,WI,mean,2024,2009,-5.49,lower
Mathematics,8,WI,mean,2024,2011,-6.02,lower
Mathematics,8,WI,mean,2024,2013,-6.1,lower
Mathematics,8,WI,mean,2024,2015,-6.43,lower
Mathematics,8,WI,mean,2024,2017,-5.49,lower
Mathematics,8,WI,mean,2024,2019,-6.01,lower
Mathematics,8,WI,mean,2024,2022,1.51,equal
Mathematics,8,WI,p10,2024,2019,-9.13,lower
Mathematics,8,WI,p10,2024,2022,-1.86,equal
Mathematics,8,WI,p25,2024,2019,-7.96,lower
Mathematics,8,WI,p25,2024,2022,-0.95,equal
Mathematics,8,WI,p50,2024,2019,-5.97,equal
Mathematics,8,WI,p50,2024,2022,2.28,equal
Mathematics,8,WI,p75,2024,2019,-4.44,lower
Mathematics,8,WI,p75,2024,2022,3.69,higher
Mathematics,8,WI,p90,2024,2019,-4.62,equal
Mathematics,8,WI,p90,2024,2022,3.71,equal
Mathematics,8,WV,mean,2024,2003,-10,lower
Mathematics,8,WV,mean,2024,2005,-8.33,lower
Mathematics,8,WV,mean,2024,2007,-9.32,lower
Mathematics,8,WV,mean,2024,2009,-9.65,lower
Mathematics,8,WV,mean,2024,2011,-12.49,lower
Mathematics,8,WV,mean,2024,2013,-13.66,lower
Mathematics,8,WV,mean,2024,2015,-10.68,lower
Mathematics,8,WV,mean,2024,2017,-12.65,lower
Mathematics,8,WV,mean,2024,2019,-11.58,lower
Mathematics,8,WV,mean,2024,2022,0.38,equal
Mathematics,8,WV,p10,2024,2019,-14.99,lower
Mathematics,8,WV,p10,2024,2022,-3.4,equal
Mathematics,8,WV,p25,2024,2019,-14.83,lower
Mathematics,8,WV,p25,2024,2022,-2.33,equal
Mathematics,8,WV,p50,2024,2019,-12.36,lower
Mathematics,8,WV,p50,2024,2022,0.34,equal
Mathematics,8,WV,p75,2024,2019,-9.25,lower
Mathematics,8,WV,p75,2024,2022,3.34,equal
Mathematics,8,WV,p90,2024,2019,-6.91,lower
Mathematics,8,WV,p90,2024,2022,4.86,higher
Mathematics,8,WY,mean,2024,2003,-5.19,lower
Mathematics,8,WY,mean,2024,2005,-3.79,lower
Mathematics,8,WY,mean,2024,2007,-8.67,lower
Mathematics,8,WY,mean,2024,2009,-7.79,lower
Mathematics,8,WY,mean,2024,2011,-9.45,lower
Mathematics,8,WY,mean,2024,2013,-9.8,lower
Mathematics,8,WY,mean,2024,2015,-8.35,lower
Mathematics,8,WY,mean,2024,2017,-10.45,lower
Mathematics,8,WY,mean,2024,2019,-8,lower
Mathematics,8,WY,mean,2024,2022,-2.61,equal
Mathematics,8,WY,p10,2024,2019,-11.34,lower
Mathematics,8,WY,p10,2024,2022,-6.18,equal
Mathematics,8,WY,p25,2024,2019,-9.95,lower
Mathematics,8,WY,p25,2024,2022,-4.21,equal
Mathematics,8,WY,p50,2024,2019,-7.12,lower
Mathematics,8,WY,p50,2024,2022,-1.96,equal
Mathematics,8,WY,p75,2024,2019,-6.4,lower
Mathematics,8,WY,p75,2024,2022,-1.4,equal
Mathematics,8,WY,p90,2024,2019,-5.63,lower
Mathematics,8,WY,p90,2024,2022,-0.24,equal
Reading,4,AK,mean,2024,2003,-9.95,lower
Reading,4,AK,mean,2024,2005,-9.47,lower
Reading,4,AK,mean,2024,2007,-12.88,lower
Reading,4,AK,mean,2024,2009,-9.53,lower
Reading,4,AK,mean,2024,2011,-6.33,lower
Reading,4,AK,mean,2024,2013,-7.75,lower
Reading,4,AK,mean,2024,2015,-11.2,lower
Reading,4,AK,mean,2024,2017,-5.44,lower
Reading,4,AK,mean,2024,2019,-2.78,equal
Reading,4,AK,mean,2024,2022,-2.24,equal
Reading,4,AK,p10,2024,2019,2.39,equal
Reading,4,AK,p10,2024,2022,0.45,equal
Reading,4,AK,p25,2024,2019,-4.39,equal
Reading,4,AK,p25,2024,2022,-2.94,equal
Reading,4,AK,p50,2024,2019,-6.78,lower
Reading,4,AK,p50,2024,2022,-4.4,equal
Reading,4,AK,p75,2024,2019,-3.96,equal
Reading,4,AK,p75,2024,2022,-3.25,equal
Reading,4,AK,p90,2024,2019,-1.8,equal
Reading,4,AK,p90,2024,2022,-1.08,equal
Reading,4,AL,mean,2024,2003,6.13,higher
Reading,4,AL,mean,2024,2005,5.46,higher
Reading,4,AL,mean,2024,2007,-3.18,equal
Reading,4,AL,mean,2024,2009,-3.06,equal
Reading,4,AL,mean,2024,2011,-7.06,lower
Reading,4,AL,mean,2024,2013,-5.37,lower
Reading,4,AL,mean,2024,2015,-3.84,equal
Reading,4,AL,mean,2024,2017,-3.21,equal
Reading,4,AL,mean,2024,2019,1.48,equal
Reading,4,AL,mean,2024,2022,-0.09,equal
Reading,4,AL,p10,2024,2019,2.15,equal
Reading,4,AL,p10,2024,2022,-1.25,equal
Reading,4,AL,p25,2024,2019,0.5,equal
Reading,4,AL,p25,2024,2022,-1.28,equal
Reading,4,AL,p50,2024,2019,-0.55,equal
Reading,4,AL,p50,2024,2022,-1.48,equal
Reading,4,AL,p75,2024,2019,0.06,equal
Reading,4,AL,p75,2024,2022,-0.07,equal
Reading,4,AL,p90,2024,2019,2.64,equal
Reading,4,AL,p90,2024,2022,2.12,equal
Reading,4,AR,mean,2024,2003,-3.91,equal
Reading,4,AR,mean,2024,2005,-7.37,lower
Reading,4,AR,mean,2024,2007,-7.32,lower
Reading,4,AR,mean,2024,2009,-6.45,lower
Reading,4,AR,mean,2024,2011,-6.81,lower
Reading,4,AR,mean,2024,2013,-8.82,lower
Reading,4,AR,mean,2024,2015,-8.37,lower
Reading,4,AR,mean,2024,2017,-6.4,lower
Reading,4,AR,mean,2024,2019,-5.35,lower
Reading,4,AR,mean,2024,2022,-2.25,equal
Reading,4,AR,p10,2024,2019,-10.09,lower
Reading,4,AR,p10,2024,2022,-4.23,equal
Reading,4,AR,p25,2024,2019,-9.99,lower
Reading,4,AR,p25,2024,2022,-3.4,equal
Reading,4,AR,p50,2024,2019,-5.46,equal
Reading,4,AR,p50,2024,2022,-2.07,equal
Reading,4,AR,p75,2024,2019,-2.76,equal
Reading,4,AR,p75,2024,2022,-1.49,equal
Reading,4,AR,p90,2024,2019,-0.69,equal
Reading,4,AR,p90,2024,2022,-0.87,equal
Reading,4,AZ,mean,2024,2003,-0.78,equal
Reading,4,AZ,mean,2024,2005,0.95,equal
Reading,4,AZ,mean,2024,2007,-1.43,equal
Reading,4,AZ,mean,2024,2009,-1.89,equal
Reading,4,AZ,mean,2024,2011,-4.3,equal
Reading,4,AZ,mean,2024,2013,-5.04,lower
Reading,4,AZ,mean,2024,2015,-7.22,lower
Reading,4,AZ,mean,2024,2017,-7.37,lower
Reading,4,AZ,mean,2024,2019,-7.75,lower
Reading,4,AZ,mean,2024,2022,-7.38,lower
Reading,4,AZ,p10,2024,2019,-14.98,lower
Reading,4,AZ,p10,2024,2022,-13.92,lower
Reading,4,AZ,p25,2024,2019,-12.27,lower
Reading,4,AZ,p25,2024,2022,-10.84,lower
Reading,4,AZ,p50,2024,2019,-8.19,lower
Reading,4,AZ,p50,2024,2022,-7.99,lower
Reading,4,AZ,p75,2024,2019,-4.39,equal
Reading,4,AZ,p75,2024,2022,-4.01,equal
Reading,4,AZ,p90,2024,2019,-0.9,equal
Reading,4,AZ,p90,2024,2022,-0.56,equal
Reading,4,CA,mean,2024,2003,6.11,higher
Reading,4,CA,mean,2024,2005,5.23,higher
Reading,4,CA,mean,2024,2007,3.22,equal
Reading,4,CA,mean,2024,2009,1.98,equal
Reading,4,CA,mean,2024,2011,0.38,equal
Reading,4,CA,mean,2024,2013,-0.8,equal
Reading,4,CA,mean,2024,2015,-0.94,equal
Reading,4,CA,mean,2024,2017,-3.68,equal
Reading,4,CA,mean,2024,2019,-4.74,lower
Reading,4,CA,mean,2024,2022,-2.65,equal
Reading,4,CA,p10,2024,2019,-5.76,equal
Reading,4,CA,p10,2024,2022,-1.76,equal
Reading,4,CA,p25,2024,2019,-7.94,lower
Reading,4,CA,p25,2024,2022,-2.72,equal
Reading,4,CA,p50,2024,2019,-5.83,lower
Reading,4,CA,p50,2024,2022,-2.85,equal
Reading,4,CA,p75,2024,2019,-3.17,equal
Reading,4,CA,p75,2024,2022,-2.48,equal
Reading,4,CA,p90,2024,2019,-1.93,equal
Reading,4,CA,p90,2024,2022,-3.2,equal
Reading,4,CO,mean,2024,2003,-2.74,equal
Reading,4,CO,mean,2024,2005,-2.74,equal
Reading,4,CO,mean,2024,2007,-2.81,equal
Reading,4,CO,mean,2024,2009,-4.78,lower
Reading,4,CO,mean,2024,2011,-2.51,equal
Reading,4,CO,mean,2024,2013,-5.74,lower
Reading,4,CO,mean,2024,2015,-3.1,equal
Reading,4,CO,mean,2024,2017,-3.77,equal
Reading,4,CO,mean,2024,2019,-3.94,lower
Reading,4,CO,mean,2024,2022,-1.93,equal
Reading,4,CO,p10,2024,2019,-6.62,lower
Reading,4,CO,p10,2024,2022,-2.82,equal
Reading,4,CO,p25,2024,2019,-7.35,lower
Reading,4,CO,p25,2024,2022,-2.77,equal
Reading,4,CO,p50,2024,2019,-5.14,lower
Reading,4,CO,p50,2024,2022,-2.85,equal
Reading,4,CO,p75,2024,2019,-1.89,equal
Reading,4,CO,p75,2024,2022,-0.83,equal
Reading,4,CO,p90,2024,2019,0.4,equal
Reading,4,CO,p90,2024,2022,-0.04,equal
Reading,4,CT,mean,2024,2003,-9.18,lower
Reading,4,CT,mean,2024,2005,-6.59,lower
Reading,4,CT,mean,2024,2007,-8.04,lower
Reading,4,CT,mean,2024,2009,-9.81,lower
Reading,4,CT,mean,2024,2011,-8.27,lower
Reading,4,CT,mean,2024,2013,-10.42,lower
Reading,4,CT,mean,2024,2015,-9.79,lower
Reading,4,CT,mean,2024,2017,-9.2,lower
Reading,4,CT,mean,2024,2019,-5.19,lower
Reading,4,CT,mean,2024,2022,0.01,equal
Reading,4,CT,p10,2024,2019,-10.99,lower
Reading,4,CT,p10,2024,2022,-3.87,equal
Reading,4,CT,p25,2024,2019,-9.95,lower
Reading,4,CT,p25,2024,2022,-2.34,equal
Reading,4,CT,p50,2024,2019,-6.06,lower
Reading,4,CT,p50,2024,2022,0.32,equal
Reading,4,CT,p75,2024,2019,-1.79,equal
Reading,4,CT,p75,2024,2022,2.09,equal
Reading,4,CT,p90,2024,2019,0.47,equal
Reading,4,CT,p90,2024,2022,2.92,equal
Reading,4,DC,mean,2024,2003,20.8,higher
Reading,4,DC,mean,2024,2005,18.39,higher
Reading,4,DC,mean,2024,2007,12.09,higher
Reading,4,DC,mean,2024,2009,7.19,higher
Reading,4,DC,mean,2024,2011,8.55,higher
Reading,4,DC,mean,2024,2013,3.56,higher
Reading,4,DC,mean,2024,2015,-3.13,equal
Reading,4,DC,mean,2024,2017,-4.2,lower
Reading,4,DC,mean,2024,2019,-5.1,lower
Reading,4,DC,mean,2024,2022,2.43,equal
Reading,4,DC,p10,2024,2019,-14.15,lower
Reading,4,DC,p10,2024,2022,0.14,equal
Reading,4,DC,p25,2024,2019,-10.64,lower
Reading,4,DC,p25,2024,2022,1.69,equal
Reading,4,DC,p50,2024,2019,-5.18,equal
Reading,4,DC,p50,2024,2022,3.01,equal
Reading,4,DC,p75,2024,2019,0.27,equal
Reading,4,DC,p75,2024,2022,4.04,equal
Reading,4,DC,p90,2024,2019,3.3,equal
Reading,4,DC,p90,2024,2022,1.93,equal
Reading,4,DE,mean,2024,2003,-14.4,lower
Reading,4,DE,mean,2024,2005,-16.31,lower
Reading,4,DE,mean,2024,2007,-15.54,lower
Reading,4,DE,mean,2024,2009,-15.98,lower
Reading,4,DE,mean,2024,2011,-15.6,lower
Reading,4,DE,mean,2024,2013,-16.24,lower
Reading,4,DE,mean,2024,2015,-14.17,lower
Reading,4,DE,mean,2024,2017,-11.95,lower
Reading,4,DE,mean,2024,2019,-8.16,lower
Reading,4,DE,mean,2024,2022,1.23,equal
Reading,4,DE,p10,2024,2019,-13.2,lower
Reading,4,DE,p10,2024,2022,-0.56,equal
Reading,4,DE,p25,2024,2019,-10.02,lower
Reading,4,DE,p25,2024,2022,1.3,equal
Reading,4,DE,p50,2024,2019,-7.44,lower
Reading,4,DE,p50,2024,2022,2.67,equal
Reading,4,DE,p75,2024,2019,-6.32,lower
Reading,4,DE,p75,2024,2022,1.19,equal
Reading,4,DE,p90,2024,2019,-5.52,lower
Reading,4,DE,p90,2024,2022,0.82,equal
Reading,4,DS,mean,2024,2003,9.95,higher
Reading,4,DS,mean,2024,2005,8.08,higher
Reading,4,DS,mean,2024,2007,5.03,higher
Reading,4,DS,mean,2024,2009,5.89,higher
Reading,4,DS,mean,2024,2011,4.72,higher
Reading,4,DS,mean,2024,2013,2.09,higher
Reading,4,DS,mean,2024,2015,0.45,equal
Reading,4,DS,mean,2024,2017,-0.26,equal
Reading,4,DS,mean,2024,2019,-0.69,equal
Reading,4,DS,mean,2024,2022,-0.91,equal
Reading,4,DS,p10,2024,2019,-7.01,lower
Reading,4,DS,p10,2024,2022,0.23,equal
Reading,4,DS,p25,2024,2019,-4.8,lower
Reading,4,DS,p25,2024,2022,-1.51,equal
Reading,4,DS,p50,2024,2019,-0.83,equal
Reading,4,DS,p50,2024,2022,-1.5,equal
Reading,4,DS,p75,2024,2019,2.6,equal
Reading,4,DS,p75,2024,2022,-0.81,equal
Reading,4,DS,p90,2024,2019,5.16,higher
Reading,4,DS,p90,2024,2022,-0.36,equal
Reading,4,FL,mean,2024,2003,0.21,equal
Reading,4,FL,mean,2024,2005,-1.24,equal
Reading,4,FL,mean,2024,2007,-5.31,lower
Reading,4,FL,mean,2024,2009,-7.45,lower
Reading,4,FL,mean,2024,2011,-6.3,lower
Reading,4,FL,mean,2024,2013,-9.24,lower
Reading,4,FL,mean,2024,2015,-8.97,lower
Reading,4,FL,mean,2024,2017,-10.05,lower
Reading,4,FL,mean,2024,2019,-6.49,lower
Reading,4,FL,mean,2024,2022,-6.52,lower
Reading,4,FL,p10,2024,2019,-13.43,lower
Reading,4,FL,p10,2024,2022,-11.56,lower
Reading,4,FL,p25,2024,2019,-9.78,lower
Reading,4,FL,p25,2024,2022,-9.8,lower
Reading,4,FL,p50,2024,2019,-6.31,lower
Reading,4,FL,p50,2024,2022,-7.18,lower
Reading,4,FL,p75,2024,2019,-2.71,equal
Reading,4,FL,p75,2024,2022,-3.66,lower
Reading,4,FL,p90,2024,2019,-0.39,equal
Reading,4,FL,p90,2024,2022,-0.46,equal
Reading,4,GA,mean,2024,2003,0.76,equal
Reading,4,GA,mean,2024,2005,-0.07,equal
Reading,4,GA,mean,2024,2007,-4.53,lower
Reading,4,GA,mean,2024,2009,-3.49,equal
Reading,4,GA,mean,2024,2011,-6.45,lower
Reading,4,GA,mean,2024,2013,-7.48,lower
Reading,4,GA,mean,2024,2015,-7.65,lower
Reading,4,GA,mean,2024,2017,-5.32,lower
Reading,4,GA,mean,2024,2019,-3.62,equal
Reading,4,GA,mean,2024,2022,-1.52,equal
Reading,4,GA,p10,2024,2019,-8.01,lower
Reading,4,GA,p10,2024,2022,-3.36,equal
Reading,4,GA,p25,2024,2019,-5.93,equal
Reading,4,GA,p25,2024,2022,-2.17,equal
Reading,4,GA,p50,2024,2019,-2.98,equal
Reading,4,GA,p50,2024,2022,-1.23,equal
Reading,4,GA,p75,2024,2019,-1.7,equal
Reading,4,GA,p75,2024,2022,-0.81,equal
Reading,4,GA,p90,2024,2019,-0.97,equal
Reading,4,GA,p90,2024,2022,-0.44,equal
Reading,4,HI,mean,2024,2003,7.53,higher
Reading,4,HI,mean,2024,2005,6.21,higher
Reading,4,HI,mean,2024,2007,2.3,equal
Reading,4,HI,mean,2024,2009,5.18,higher
Reading,4,HI,mean,2024,2011,2.18,equal
Reading,4,HI,mean,2024,2013,0.95,equal
Reading,4,HI,mean,2024,2015,0.67,equal
Reading,4,HI,mean,2024,2017,-0.57,equal
Reading,4,HI,mean,2024,2019,-1.74,equal
Reading,4,HI,mean,2024,2022,-3.02,equal
Reading,4,HI,p10,2024,2019,-2.82,equal
Reading,4,HI,p10,2024,2022,-1.83,equal
Reading,4,HI,p25,2024,2019,-1.82,equal
Reading,4,HI,p25,2024,2022,-2.6,equal
Reading,4,HI,p50,2024,2019,-2.25,equal
Reading,4,HI,p50,2024,2022,-3.46,equal
Reading,4,HI,p75,2024,2019,-1.3,equal
Reading,4,HI,p75,2024,2022,-3.48,equal
Reading,4,HI,p90,2024,2019,-0.14,equal
Reading,4,HI,p90,2024,2022,-3.49,equal
Reading,4,IA,mean,2024,2003,-8.64,lower
Reading,4,IA,mean,2024,2005,-6.18,lower
Reading,4,IA,mean,2024,2007,-10.27,lower
Reading,4,IA,mean,2024,2009,-6.8,lower
Reading,4,IA,mean,2024,2011,-6.08,lower
Reading,4,IA,mean,2024,2013,-9.19,lower
Reading,4,IA,mean,2024,2015,-9,lower
Reading,4,IA,mean,2024,2017,-7.12,lower
Reading,4,IA,mean,2024,2019,-5.88,lower
Reading,4,IA,mean,2024,2022,-3.39,equal
Reading,4,IA,p10,2024,2019,-8,equal
Reading,4,IA,p10,2024,2022,-3.9,equal
Reading,4,IA,p25,2024,2019,-8.48,lower
Reading,4,IA,p25,2024,2022,-3.9,equal
Reading,4,IA,p50,2024,2019,-7.09,lower
Reading,4,IA,p50,2024,2022,-4.41,equal
Reading,4,IA,p75,2024,2019,-4.81,lower
Reading,4,IA,p75,2024,2022,-3.08,equal
Reading,4,IA,p90,2024,2019,-3.29,equal
Reading,4,IA,p90,2024,2022,-1.63,equal
Reading,4,ID,mean,2024,2003,-2.6,equal
Reading,4,ID,mean,2024,2005,-6.2,lower
Reading,4,ID,mean,2024,2007,-7.75,lower
Reading,4,ID,mean,2024,2009,-5.37,lower
Reading,4,ID,mean,2024,2011,-5.17,lower
Reading,4,ID,mean,2024,2013,-3.65,lower
Reading,4,ID,mean,2024,2015,-6.03,lower
Reading,4,ID,mean,2024,2017,-7.13,lower
Reading,4,ID,mean,2024,2019,-6.85,lower
Reading,4,ID,mean,2024,2022,0.77,equal
Reading,4,ID,p10,2024,2019,-11.67,lower
Reading,4,ID,p10,2024,2022,2.03,equal
Reading,4,ID,p25,2024,2019,-11.13,lower
Reading,4,ID,p25,2024,2022,0.16,equal
Reading,4,ID,p50,2024,2019,-6.4,lower
Reading,4,ID,p50,2024,2022,0.71,equal
Reading,4,ID,p75,2024,2019,-4.24,lower
Reading,4,ID,p75,2024,2022,-0.1,equal
Reading,4,ID,p90,2024,2019,-3.13,equal
Reading,4,ID,p90,2024,2022,-0.14,equal
Reading,4,IL,mean,2024,2003,-2.05,equal
Reading,4,IL,mean,2024,2005,-2.24,equal
Reading,4,IL,mean,2024,2007,-5.14,lower
Reading,4,IL,mean,2024,2009,-4.92,lower
Reading,4,IL,mean,2024,2011,-5.11,lower
Reading,4,IL,mean,2024,2013,-4.29,equal
Reading,4,IL,mean,2024,2015,-7.77,lower
Reading,4,IL,mean,2024,2017,-6.12,lower
Reading,4,IL,mean,2024,2019,-3.92,equal
Reading,4,IL,mean,2024,2022,-3.53,equal
Reading,4,IL,p10,2024,2019,-7.32,equal
Reading,4,IL,p10,2024,2022,-5.81,equal
Reading,4,IL,p25,2024,2019,-7.7,lower
Reading,4,IL,p25,2024,2022,-5.02,equal
Reading,4,IL,p50,2024,2019,-4.96,equal
Reading,4,IL,p50,2024,2022,-2.93,equal
Reading,4,IL,p75,2024,2019,-2.71,equal
Reading,4,IL,p75,2024,2022,-3.2,equal
Reading,4,IL,p90,2024,2019,0.77,equal
Reading,4,IL,p90,2024,2022,-1.39,equal
Reading,4,IN,mean,2024,2003,-0.27,equal
Reading,4,IN,mean,2024,2005,2.07,equal
Reading,4,IN,mean,2024,2007,-1.53,equal
Reading,4,IN,mean,2024,2009,-2.52,equal
Reading,4,IN,mean,2024,2011,-0.59,equal
Reading,4,IN,mean,2024,2013,-5.19,lower
Reading,4,IN,mean,2024,2015,-7.14,lower
Reading,4,IN,mean,2024,2017,-6.28,lower
Reading,4,IN,mean,2024,2019,-1.67,equal
Reading,4,IN,mean,2024,2022,2.77,equal
Reading,4,IN,p10,2024,2019,-3.41,equal
Reading,4,IN,p10,2024,2022,3.98,equal
Reading,4,IN,p25,2024,2019,-2.78,equal
Reading,4,IN,p25,2024,2022,4.18,equal
Reading,4,IN,p50,2024,2019,-2.66,equal
Reading,4,IN,p50,2024,2022,1.79,equal
Reading,4,IN,p75,2024,2019,-1.37,equal
Reading,4,IN,p75,2024,2022,2.03,equal
Reading,4,IN,p90,2024,2019,0.44,equal
Reading,4,IN,p90,2024,2022,2.66,equal
Reading,4,KS,mean,2024,2003,-7.02,lower
Reading,4,KS,mean,2024,2005,-7.35,lower
Reading,4,KS,mean,2024,2007,-11.54,lower
Reading,4,KS,mean,2024,2009,-10.8,lower
Reading,4,KS,mean,2024,2011,-10.44,lower
Reading,4,KS,mean,2024,2013,-10.27,lower
Reading,4,KS,mean,2024,2015,-7.97,lower
Reading,4,KS,mean,2024,2017,-10.15,lower
Reading,4,KS,mean,2024,2019,-6.01,lower
Reading,4,KS,mean,2024,2022,-1.56,equal
Reading,4,KS,p10,2024,2019,-9.32,lower
Reading,4,KS,p10,2024,2022,-1.85,equal
Reading,4,KS,p25,2024,2019,-8.6,lower
Reading,4,KS,p25,2024,2022,0.03,equal
Reading,4,KS,p50,2024,2019,-5.8,lower
Reading,4,KS,p50,2024,2022,-0.62,equal
Reading,4,KS,p75,2024,2019,-4.97,lower
Reading,4,KS,p75,2024,2022,-2.31,equal
Reading,4,KS,p90,2024,2019,-3.93,equal
Reading,4,KS,p90,2024,2022,-3.01,equal
Reading,4,KY,mean,2024,2003,-1.01,equal
Reading,4,KY,mean,2024,2005,-1.9,equal
Reading,4,KY,mean,2024,2007,-4.4,lower
Reading,4,KY,mean,2024,2009,-7.57,lower
Reading,4,KY,mean,2024,2011,-7.1,lower
Reading,4,KY,mean,2024,2013,-6.4,lower
Reading,4,KY,mean,2024,2015,-10.02,lower
Reading,4,KY,mean,2024,2017,-6.05,lower
Reading,4,KY,mean,2024,2019,-2.9,equal
Reading,4,KY,mean,2024,2022,1.43,equal
Reading,4,KY,p10,2024,2019,-7.07,lower
Reading,4,KY,p10,2024,2022,-0.63,equal
Reading,4,KY,p25,2024,2019,-6.3,equal
Reading,4,KY,p25,2024,2022,0.19,equal
Reading,4,KY,p50,2024,2019,-3.58,equal
Reading,4,KY,p50,2024,2022,0.85,equal
Reading,4,KY,p75,2024,2019,-1.08,equal
Reading,4,KY,p75,2024,2022,2.03,equal
Reading,4,KY,p90,2024,2019,1.87,equal
Reading,4,KY,p90,2024,2022,4.25,equal
Reading,4,LA,mean,2024,2003,11.25,higher
Reading,4,LA,mean,2024,2005,6.81,higher
Reading,4,LA,mean,2024,2007,8.57,higher
Reading,4,LA,mean,2024,2009,8.49,higher
Reading,4,LA,mean,2024,2011,5.57,higher
Reading,4,LA,mean,2024,2013,5.52,higher
Reading,4,LA,mean,2024,2015,-0.22,equal
Reading,4,LA,mean,2024,2017,4.38,higher
Reading,4,LA,mean,2024,2019,6.1,higher
Reading,4,LA,mean,2024,2022,3.64,equal
Reading,4,LA,p10,2024,2019,4.39,equal
Reading,4,LA,p10,2024,2022,3.97,equal
Reading,4,LA,p25,2024,2019,5.36,equal
Reading,4,LA,p25,2024,2022,2.97,equal
Reading,4,LA,p50,2024,2019,6.41,higher
Reading,4,LA,p50,2024,2022,3.28,equal
Reading,4,LA,p75,2024,2019,6.51,higher
Reading,4,LA,p75,2024,2022,3.69,equal
Reading,4,LA,p90,2024,2019,7.54,higher
Reading,4,LA,p90,2024,2022,4.94,higher
Reading,4,MA,mean,2024,2003,-2.83,equal
Reading,4,MA,mean,2024,2005,-6.5,lower
Reading,4,MA,mean,2024,2007,-10.97,lower
Reading,4,MA,mean,2024,2009,-8.97,lower
Reading,4,MA,mean,2024,2011,-12,lower
Reading,4,MA,mean,2024,2013,-7.59,lower
Reading,4,MA,mean,2024,2015,-10.5,lower
Reading,4,MA,mean,2024,2017,-10.92,lower
Reading,4,MA,mean,2024,2019,-6.31,lower
Reading,4,MA,mean,2024,2022,-2.03,equal
Reading,4,MA,p10,2024,2019,-14.31,lower
Reading,4,MA,p10,2024,2022,-2.77,equal
Reading,4,MA,p25,2024,2019,-10.54,lower
Reading,4,MA,p25,2024,2022,-2.61,equal
Reading,4,MA,p50,2024,2019,-5.62,lower
Reading,4,MA,p50,2024,2022,-2.81,equal
Reading,4,MA,p75,2024,2019,-2.21,equal
Reading,4,MA,p75,2024,2022,-1.34,equal
Reading,4,MA,p90,2024,2019,1.01,equal
Reading,4,MA,p90,2024,2022,0.04,equal
Reading,4,MD,mean,2024,2003,-3.03,equal
Reading,4,MD,mean,2024,2005,-4.39,lower
Reading,4,MD,mean,2024,2007,-9.14,lower
Reading,4,MD,mean,2024,2009,-10.4,lower
Reading,4,MD,mean,2024,2011,-15.14,lower
Reading,4,MD,mean,2024,2013,-16.41,lower
Reading,4,MD,mean,2024,2015,-7.3,lower
Reading,4,MD,mean,2024,2017,-9.41,lower
Reading,4,MD,mean,2024,2019,-4.2,lower
Reading,4,MD,mean,2024,2022,3.16,equal
Reading,4,MD,p10,2024,2019,-10.18,lower
Reading,4,MD,p10,2024,2022,2.07,equal
Reading,4,MD,p25,2024,2019,-8.84,lower
Reading,4,MD,p25,2024,2022,2.01,equal
Reading,4,MD,p50,2024,2019,-4.06,equal
Reading,4,MD,p50,2024,2022,3.38,equal
Reading,4,MD,p75,2024,2019,-0.52,equal
Reading,4,MD,p75,2024,2022,3.45,equal
Reading,4,MD,p90,2024,2019,1.64,equal
Reading,4,MD,p90,2024,2022,4.66,equal
Reading,4,ME,mean,2024,2003,-14.26,lower
Reading,4,ME,mean,2024,2005,-14.98,lower
Reading,4,ME,mean,2024,2007,-15.95,lower
Reading,4,ME,mean,2024,2009,-14.19,lower
Reading,4,ME,mean,2024,2011,-12.44,lower
Reading,4,ME,mean,2024,2013,-15.23,lower
Reading,4,ME,mean,2024,2015,-14.13,lower
Reading,4,ME,mean,2024,2017,-11.79,lower
Reading,4,ME,mean,2024,2019,-11.64,lower
Reading,4,ME,mean,2024,2022,-3.21,equal
Reading,4,ME,p10,2024,2019,-16.51,lower
Reading,4,ME,p10,2024,2022,-1.87,equal
Reading,4,ME,p25,2024,2019,-14.69,lower
Reading,4,ME,p25,2024,2022,-3.31,equal
Reading,4,ME,p50,2024,2019,-11.57,lower
Reading,4,ME,p50,2024,2022,-4.59,equal
Reading,4,ME,p75,2024,2019,-9.17,lower
Reading,4,ME,p75,2024,2022,-2.92,equal
Reading,4,ME,p90,2024,2019,-8.02,lower
Reading,4,ME,p90,2024,2022,-2.36,equal
Reading,4,MI,mean,2024,2003,-9.65,lower
Reading,4,MI,mean,2024,2005,-9.12,lower
Reading,4,MI,mean,2024,2007,-10.98,lower
Reading,4,MI,mean,2024,2009,-9.09,lower
Reading,4,MI,mean,2024,2011,-9.72,lower
Reading,4,MI,mean,2024,2013,-8.22,lower
Reading,4,MI,mean,2024,2015,-7.17,lower
Reading,4,MI,mean,2024,2017,-8.61,lower
Reading,4,MI,mean,2024,2019,-9.13,lower
Reading,4,MI,mean,2024,2022,-2.7,equal
Reading,4,MI,p10,2024,2019,-13.07,lower
Reading,4,MI,p10,2024,2022,-0.05,equal
Reading,4,MI,p25,2024,2019,-11.95,lower
Reading,4,MI,p25,2024,2022,-2.42,equal
Reading,4,MI,p50,2024,2019,-9.11,lower
Reading,4,MI,p50,2024,2022,-3.81,equal
Reading,4,MI,p75,2024,2019,-6.78,lower
Reading,4,MI,p75,2024,2022,-3.92,equal
Reading,4,MI,p90,2024,2019,-5.53,lower
Reading,4,MI,p90,2024,2022,-3.44,equal
Reading,4,MN,mean,2024,2003,-8.17,lower
Reading,4,MN,mean,2024,2005,-10.79,lower
Reading,4,MN,mean,2024,2007,-10.48,lower
Reading,4,MN,mean,2024,2009,-8.9,lower
Reading,4,MN,mean,2024,2011,-7.87,lower
Reading,4,MN,mean,2024,2013,-12.59,lower
Reading,4,MN,mean,2024,2015,-8.91,lower
Reading,4,MN,mean,2024,2017,-10.1,lower
Reading,4,MN,mean,2024,2019,-7.95,lower
Reading,4,MN,mean,2024,2022,-1.03,equal
Reading,4,MN,p10,2024,2019,-10.16,equal
Reading,4,MN,p10,2024,2022,-1.3,equal
Reading,4,MN,p25,2024,2019,-10.16,lower
Reading,4,MN,p25,2024,2022,0.4,equal
Reading,4,MN,p50,2024,2019,-8.34,lower
Reading,4,MN,p50,2024,2022,-1.01,equal
Reading,4,MN,p75,2024,2019,-6.13,lower
Reading,4,MN,p75,2024,2022,-1.82,equal
Reading,4,MN,p90,2024,2019,-5.65,lower
Reading,4,MN,p90,2024,2022,-1.69,equal
Reading,4,MO,mean,2024,2003,-10.36,lower
Reading,4,MO,mean,2024,2005,-9.27,lower
Reading,4,MO,mean,2024,2007,-8.88,lower
Reading,4,MO,mean,2024,2009,-11.94,lower
Reading,4,MO,mean,2024,2011,-8.45,lower
Reading,4,MO,mean,2024,2013,-10.43,lower
Reading,4,MO,mean,2024,2015,-10.83,lower
Reading,4,MO,mean,2024,2017,-10.78,lower
Reading,4,MO,mean,2024,2019,-6.1,lower
Reading,4,MO,mean,2024,2022,-1.45,equal
Reading,4,MO,p10,2024,2019,-7.57,equal
Reading,4,MO,p10,2024,2022,1.17,equal
Reading,4,MO,p25,2024,2019,-6.83,lower
Reading,4,MO,p25,2024,2022,-0.41,equal
Reading,4,MO,p50,2024,2019,-7.02,lower
Reading,4,MO,p50,2024,2022,-2.53,equal
Reading,4,MO,p75,2024,2019,-6.51,lower
Reading,4,MO,p75,2024,2022,-3.15,equal
Reading,4,MO,p90,2024,2019,-3.91,lower
Reading,4,MO,p90,2024,2022,-2.3,equal
Reading,4,MS,mean,2024,2003,13.04,higher
Reading,4,MS,mean,2024,2005,14.11,higher
Reading,4,MS,mean,2024,2007,10.69,higher
Reading,4,MS,mean,2024,2009,7.99,higher
Reading,4,MS,mean,2024,2011,9.31,higher
Reading,4,MS,mean,2024,2013,9.98,higher
Reading,4,MS,mean,2024,2015,4.39,higher
Reading,4,MS,mean,2024,2017,3.3,equal
Reading,4,MS,mean,2024,2019,-0.84,equal
Reading,4,MS,mean,2024,2022,1.34,equal
Reading,4,MS,p10,2024,2019,-3.95,equal
Reading,4,MS,p10,2024,2022,2.65,equal
Reading,4,MS,p25,2024,2019,-1.6,equal
Reading,4,MS,p25,2024,2022,2.03,equal
Reading,4,MS,p50,2024,2019,-0.27,equal
Reading,4,MS,p50,2024,2022,0.39,equal
Reading,4,MS,p75,2024,2019,0.75,equal
Reading,4,MS,p75,2024,2022,1.55,equal
Reading,4,MS,p90,2024,2019,1.28,equal
Reading,4,MS,p90,2024,2022,1.7,equal
Reading,4,MT,mean,2024,2003,-5.54,lower
Reading,4,MT,mean,2024,2005,-7.34,lower
Reading,4,MT,mean,2024,2007,-9.46,lower
Reading,4,MT,mean,2024,2009,-7.44,lower
Reading,4,MT,mean,2024,2011,-7.94,lower
Reading,4,MT,mean,2024,2013,-5.77,lower
Reading,4,MT,mean,2024,2015,-7.55,lower
Reading,4,MT,mean,2024,2017,-5.12,lower
Reading,4,MT,mean,2024,2019,-4.47,lower
Reading,4,MT,mean,2024,2022,-1.52,equal
Reading,4,MT,p10,2024,2019,-4.41,equal
Reading,4,MT,p10,2024,2022,-0.98,equal
Reading,4,MT,p25,2024,2019,-7.35,lower
Reading,4,MT,p25,2024,2022,-2.21,equal
Reading,4,MT,p50,2024,2019,-6.56,lower
Reading,4,MT,p50,2024,2022,-3.48,equal
Reading,4,MT,p75,2024,2019,-2.99,equal
Reading,4,MT,p75,2024,2022,-1.08,equal
Reading,4,MT,p90,2024,2019,-1.44,equal
Reading,4,MT,p90,2024,2022,-0.08,equal
Reading,4,NC,mean,2024,2003,-7.87,lower
Reading,4,NC,mean,2024,2005,-3.78,equal
Reading,4,NC,mean,2024,2007,-4.58,lower
Reading,4,NC,mean,2024,2009,-5.94,lower
Reading,4,NC,mean,2024,2011,-8.01,lower
Reading,4,NC,mean,2024,2013,-8.88,lower
Reading,4,NC,mean,2024,2015,-12.46,lower
Reading,4,NC,mean,2024,2017,-10.58,lower
Reading,4,NC,mean,2024,2019,-7.93,lower
Reading,4,NC,mean,2024,2022,-2.78,equal
Reading,4,NC,p10,2024,2019,-15.9,lower
Reading,4,NC,p10,2024,2022,-4.64,equal
Reading,4,NC,p25,2024,2019,-12.36,lower
Reading,4,NC,p25,2024,2022,-4.2,equal
Reading,4,NC,p50,2024,2019,-7.96,lower
Reading,4,NC,p50,2024,2022,-3.03,equal
Reading,4,NC,p75,2024,2019,-4.36,lower
Reading,4,NC,p75,2024,2022,-1.8,equal
Reading,4,NC,p90,2024,2019,-1.05,equal
Reading,4,NC,p90,2024,2022,0.22,equal
Reading,4,ND,mean,2024,2003,-6.13,lower
Reading,4,ND,mean,2024,2005,-9.3,lower
Reading,4,ND,mean,2024,2007,-10.82,lower
Reading,4,ND,mean,2024,2009,-10.46,lower
Reading,4,ND,mean,2024,2011,-10.07,lower
Reading,4,ND,mean,2024,2013,-8.58,lower
Reading,4,ND,mean,2024,2015,-9.18,lower
Reading,4,ND,mean,2024,2017,-6.01,lower
Reading,4,ND,mean,2024,2019,-5.67,lower
Reading,4,ND,mean,2024,2022,-2.03,equal
Reading,4,ND,p10,2024,2019,-6.06,equal
Reading,4,ND,p10,2024,2022,-0.72,equal
Reading,4,ND,p25,2024,2019,-7.22,lower
Reading,4,ND,p25,2024,2022,-2.03,equal
Reading,4,ND,p50,2024,2019,-6.02,lower
Reading,4,ND,p50,2024,2022,-3.03,equal
Reading,4,ND,p75,2024,2019,-4.45,lower
Reading,4,ND,p75,2024,2022,-2.02,equal
Reading,4,ND,p90,2024,2019,-4.09,equal
Reading,4,ND,p90,2024,2022,-1.76,equal
Reading,4,NE,mean,2024,2003,-8.91,lower
Reading,4,NE,mean,2024,2005,-9.67,lower
Reading,4,NE,mean,2024,2007,-11.2,lower
Reading,4,NE,mean,2024,2009,-10.82,lower
Reading,4,NE,mean,2024,2011,-11.61,lower
Reading,4,NE,mean,2024,2013,-11.55,lower
Reading,4,NE,mean,2024,2015,-14.93,lower
Reading,4,NE,mean,2024,2017,-12.39,lower
Reading,4,NE,mean,2024,2019,-10.66,lower
Reading,4,NE,mean,2024,2022,-6.91,lower
Reading,4,NE,p10,2024,2019,-16.35,lower
Reading,4,NE,p10,2024,2022,-8.27,lower
Reading,4,NE,p25,2024,2019,-14.94,lower
Reading,4,NE,p25,2024,2022,-8.95,lower
Reading,4,NE,p50,2024,2019,-10.46,lower
Reading,4,NE,p50,2024,2022,-7.43,lower
Reading,4,NE,p75,2024,2019,-7.54,lower
Reading,4,NE,p75,2024,2022,-5.46,lower
Reading,4,NE,p90,2024,2019,-5.5,lower
Reading,4,NE,p90,2024,2022,-4.66,equal
Reading,4,NH,mean,2024,2003,-6.3,lower
Reading,4,NH,mean,2024,2005,-5.95,lower
Reading,4,NH,mean,2024,2007,-7.53,lower
Reading,4,NH,mean,2024,2009,-7.66,lower
Reading,4,NH,mean,2024,2011,-8.91,lower
Reading,4,NH,mean,2024,2013,-10.51,lower
Reading,4,NH,mean,2024,2015,-10.46,lower
Reading,4,NH,mean,2024,2017,-7.42,lower
Reading,4,NH,mean,2024,2019,-2.78,equal
Reading,4,NH,mean,2024,2022,-1.05,equal
Reading,4,NH,p10,2024,2019,-5.25,equal
Reading,4,NH,p10,2024,2022,-1.67,equal
Reading,4,NH,p25,2024,2019,-5.13,equal
Reading,4,NH,p25,2024,2022,-0.56,equal
Reading,4,NH,p50,2024,2019,-2.71,equal
Reading,4,NH,p50,2024,2022,-0.74,equal
Reading,4,NH,p75,2024,2019,-1.35,equal
Reading,4,NH,p75,2024,2022,-0.91,equal
Reading,4,NH,p90,2024,2019,0.07,equal
Reading,4,NH,p90,2024,2022,-0.49,equal
Reading,4,NJ,mean,2024,2003,-3.44,equal
Reading,4,NJ,mean,2024,2005,-1.66,equal
Reading,4,NJ,mean,2024,2007,-9.01,lower
Reading,4,NJ,mean,2024,2009,-7.76,lower
Reading,4,NJ,mean,2024,2011,-9.6,lower
Reading,4,NJ,mean,2024,2013,-7.08,lower
Reading,4,NJ,mean,2024,2015,-7.85,lower
Reading,4,NJ,mean,2024,2017,-11.31,lower
Reading,4,NJ,mean,2024,2019,-5.55,equal
Reading,4,NJ,mean,2024,2022,-1.09,equal
Reading,4,NJ,p10,2024,2019,-16.48,lower
Reading,4,NJ,p10,2024,2022,-8.66,equal
Reading,4,NJ,p25,2024,2019,-8.28,lower
Reading,4,NJ,p25,2024,2022,-1.86,equal
Reading,4,NJ,p50,2024,2019,-4.45,equal
Reading,4,NJ,p50,2024,2022,-0.14,equal
Reading,4,NJ,p75,2024,2019,-0.87,equal
Reading,4,NJ,p75,2024,2022,1.55,equal
Reading,4,NJ,p90,2024,2019,2.8,equal
Reading,4,NJ,p90,2024,2022,4.84,equal
Reading,4,NM,mean,2024,2003,-2.55,equal
Reading,4,NM,mean,2024,2005,-6.15,lower
Reading,4,NM,mean,2024,2007,-10.99,lower
Reading,4,NM,mean,2024,2009,-7.01,lower
Reading,4,NM,mean,2024,2011,-7.38,lower
Reading,4,NM,mean,2024,2013,-5.12,lower
Reading,4,NM,mean,2024,2015,-6.6,lower
Reading,4,NM,mean,2024,2017,-7.07,lower
Reading,4,NM,mean,2024,2019,-6.93,lower
Reading,4,NM,mean,2024,2022,-1.44,equal
Reading,4,NM,p10,2024,2019,-11.3,lower
Reading,4,NM,p10,2024,2022,-2.76,equal
Reading,4,NM,p25,2024,2019,-10.35,lower
Reading,4,NM,p25,2024,2022,-1.64,equal
Reading,4,NM,p50,2024,2019,-6.6,lower
Reading,4,NM,p50,2024,2022,-0.94,equal
Reading,4,NM,p75,2024,2019,-4.13,equal
Reading,4,NM,p75,2024,2022,-0.76,equal
Reading,4,NM,p90,2024,2019,-3.07,equal
Reading,4,NM,p90,2024,2022,-1.19,equal
Reading,4,NP,mean,2024,2003,-2.18,lower
Reading,4,NP,mean,2024,2005,-3.03,lower
Reading,4,NP,mean,2024,2007,-5.38,lower
Reading,4,NP,mean,2024,2009,-5.32,lower
Reading,4,NP,mean,2024,2011,-5.75,lower
Reading,4,NP,mean,2024,2013,-6.4,lower
Reading,4,NP,mean,2024,2015,-7.08,lower
Reading,4,NP,mean,2024,2017,-6.54,lower
Reading,4,NP,mean,2024,2019,-5.17,lower
Reading,4,NP,mean,2024,2022,-1.84,lower
Reading,4,NP,p10,2024,2019,-9.69,lower
Reading,4,NP,p10,2024,2022,-3.22,lower
Reading,4,NP,p25,2024,2019,-8.16,lower
Reading,4,NP,p25,2024,2022,-2.43,lower
Reading,4,NP,p50,2024,2019,-5.46,lower
Reading,4,NP,p50,2024,2022,-2.04,lower
Reading,4,NP,p75,2024,2019,-2.93,lower
Reading,4,NP,p75,2024,2022,-1.26,lower
Reading,4,NP,p90,2024,2019,-0.91,equal
Reading,4,NP,p90,2024,2022,-0.37,equal
Reading,4,NV,mean,2024,2003,6.18,higher
Reading,4,NV,mean,2024,2005,5.95,higher
Reading,4,NV,mean,2024,2007,2.32,equal
Reading,4,NV,mean,2024,2009,2,equal
Reading,4,NV,mean,2024,2011,0.56,equal
Reading,4,NV,mean,2024,2013,-0.62,equal
Reading,4,NV,mean,2024,2015,-1.29,equal
Reading,4,NV,mean,2024,2017,-1.71,equal
Reading,4,NV,mean,2024,2019,-4.48,lower
Reading,4,NV,mean,2024,2022,1.61,equal
Reading,4,NV,p10,2024,2019,-10.76,lower
Reading,4,NV,p10,2024,2022,-1.18,equal
Reading,4,NV,p25,2024,2019,-8.6,lower
Reading,4,NV,p25,2024,2022,0.96,equal
Reading,4,NV,p50,2024,2019,-3.92,equal
Reading,4,NV,p50,2024,2022,2.61,equal
Reading,4,NV,p75,2024,2019,-0.64,equal
Reading,4,NV,p75,2024,2022,3.08,equal
Reading,4,NV,p90,2024,2019,0.89,equal
Reading,4,NV,p90,2024,2022,3.34,equal
Reading,4,NY,mean,2024,2003,-7.56,lower
Reading,4,NY,mean,2024,2005,-8.07,lower
Reading,4,NY,mean,2024,2007,-9.12,lower
Reading,4,NY,mean,2024,2009,-9.74,lower
Reading,4,NY,mean,2024,2011,-7.86,lower
Reading,4,NY,mean,2024,2013,-9.18,lower
Reading,4,NY,mean,2024,2015,-8.02,lower
Reading,4,NY,mean,2024,2017,-7.25,lower
Reading,4,NY,mean,2024,2019,-4.97,lower
Reading,4,NY,mean,2024,2022,1.06,equal
Reading,4,NY,p10,2024,2019,-10.22,lower
Reading,4,NY,p10,2024,2022,-0.08,equal
Reading,4,NY,p25,2024,2019,-8.41,lower
Reading,4,NY,p25,2024,2022,0.86,equal
Reading,4,NY,p50,2024,2019,-5.79,lower
Reading,4,NY,p50,2024,2022,0.98,equal
Reading,4,NY,p75,2024,2019,-2.04,equal
Reading,4,NY,p75,2024,2022,1.61,equal
Reading,4,NY,p90,2024,2019,1.62,equal
Reading,4,NY,p90,2024,2022,1.53,equal
Reading,4,OH,mean,2024,2003,-5.87,lower
Reading,4,OH,mean,2024,2005,-6.54,lower
Reading,4,OH,mean,2024,2007,-9.67,lower
Reading,4,OH,mean,2024,2009,-8.54,lower
Reading,4,OH,mean,2024,2011,-7.83,lower
Reading,4,OH,mean,2024,2013,-7.89,lower
Reading,4,OH,mean,2024,2015,-8.94,lower
Reading,4,OH,mean,2024,2017,-9.27,lower
Reading,4,OH,mean,2024,2019,-5.97,lower
Reading,4,OH,mean,2024,2022,-2.57,equal
Reading,4,OH,p10,2024,2019,-13.21,lower
Reading,4,OH,p10,2024,2022,-3.05,equal
Reading,4,OH,p25,2024,2019,-9.48,lower
Reading,4,OH,p25,2024,2022,-3.63,equal
Reading,4,OH,p50,2024,2019,-5.63,lower
Reading,4,OH,p50,2024,2022,-3.52,equal
Reading,4,OH,p75,2024,2019,-2.19,equal
Reading,4,OH,p75,2024,2022,-1.7,equal
Reading,4,OH,p90,2024,2019,-0.68,equal
Reading,4,OH,p90,2024,2022,-2.36,equal
Reading,4,OK,mean,2024,2003,-6.31,lower
Reading,4,OK,mean,2024,2005,-6.6,lower
Reading,4,OK,mean,2024,2007,-9.69,lower
Reading,4,OK,mean,2024,2009,-9.93,lower
Reading,4,OK,mean,2024,2011,-8.21,lower
Reading,4,OK,mean,2024,2013,-9.72,lower
Reading,4,OK,mean,2024,2015,-14.57,lower
Reading,4,OK,mean,2024,2017,-9.32,lower
Reading,4,OK,mean,2024,2019,-9.09,lower
Reading,4,OK,mean,2024,2022,-0.84,equal
Reading,4,OK,p10,2024,2019,-16.45,lower
Reading,4,OK,p10,2024,2022,-1.05,equal
Reading,4,OK,p25,2024,2019,-12.85,lower
Reading,4,OK,p25,2024,2022,-0.29,equal
Reading,4,OK,p50,2024,2019,-8.61,lower
Reading,4,OK,p50,2024,2022,-1.65,equal
Reading,4,OK,p75,2024,2019,-5.56,lower
Reading,4,OK,p75,2024,2022,-1.38,equal
Reading,4,OK,p90,2024,2019,-4.16,equal
Reading,4,OK,p90,2024,2022,-0.4,equal
Reading,4,OR,mean,2024,2003,-10.64,lower
Reading,4,OR,mean,2024,2005,-9.93,lower
Reading,4,OR,mean,2024,2007,-8.04,lower
Reading,4,OR,mean,2024,2009,-11.17,lower
Reading,4,OR,mean,2024,2011,-9.47,lower
Reading,4,OR,mean,2024,2013,-12.16,lower
Reading,4,OR,mean,2024,2015,-13.25,lower
Reading,4,OR,mean,2024,2017,-10.56,lower
Reading,4,OR,mean,2024,2019,-10.74,lower
Reading,4,OR,mean,2024,2022,-3.34,equal
Reading,4,OR,p10,2024,2019,-14.68,lower
Reading,4,OR,p10,2024,2022,-5.71,equal
Reading,4,OR,p25,2024,2019,-17.25,lower
Reading,4,OR,p25,2024,2022,-5.67,lower
Reading,4,OR,p50,2024,2019,-12.69,lower
Reading,4,OR,p50,2024,2022,-4.34,equal
Reading,4,OR,p75,2024,2019,-6.79,lower
Reading,4,OR,p75,2024,2022,-1.14,equal
Reading,4,OR,p90,2024,2019,-4.19,equal
Reading,4,OR,p90,2024,2022,0.26,equal
Reading,4,PA,mean,2024,2003,-2.94,equal
Reading,4,PA,mean,2024,2005,-7.01,lower
Reading,4,PA,mean,2024,2007,-10.59,lower
Reading,4,PA,mean,2024,2009,-7.92,lower
Reading,4,PA,mean,2024,2011,-11.47,lower
Reading,4,PA,mean,2024,2013,-10.64,lower
Reading,4,PA,mean,2024,2015,-10.91,lower
Reading,4,PA,mean,2024,2017,-9.16,lower
Reading,4,PA,mean,2024,2019,-7.45,lower
Reading,4,PA,mean,2024,2022,-3.13,equal
Reading,4,PA,p10,2024,2019,-11.22,lower
Reading,4,PA,p10,2024,2022,-7.39,equal
Reading,4,PA,p25,2024,2019,-9.29,lower
Reading,4,PA,p25,2024,2022,-4.4,equal
Reading,4,PA,p50,2024,2019,-6.73,lower
Reading,4,PA,p50,2024,2022,-1.53,equal
Reading,4,PA,p75,2024,2019,-6.17,lower
Reading,4,PA,p75,2024,2022,-1.14,equal
Reading,4,PA,p90,2024,2019,-5.79,lower
Reading,4,PA,p90,2024,2022,-2.19,equal
Reading,4,RI,mean,2024,2003,-0.19,equal
Reading,4,RI,mean,2024,2005,-0.14,equal
Reading,4,RI,mean,2024,2007,-2.46,equal
Reading,4,RI,mean,2024,2009,-6.4,lower
Reading,4,RI,mean,2024,2011,-6.18,lower
Reading,4,RI,mean,2024,2013,-6.5,lower
Reading,4,RI,mean,2024,2015,-9.19,lower
Reading,4,RI,mean,2024,2017,-7.05,lower
Reading,4,RI,mean,2024,2019,-3.89,lower
Reading,4,RI,mean,2024,2022,-0.96,equal
Reading,4,RI,p10,2024,2019,-8.19,equal
Reading,4,RI,p10,2024,2022,-1.8,equal
Reading,4,RI,p25,2024,2019,-7.69,lower
Reading,4,RI,p25,2024,2022,-1.21,equal
Reading,4,RI,p50,2024,2019,-4.24,lower
Reading,4,RI,p50,2024,2022,-1.81,equal
Reading,4,RI,p75,2024,2019,-1.7,equal
Reading,4,RI,p75,2024,2022,-0.52,equal
Reading,4,RI,p90,2024,2019,0.65,equal
Reading,4,RI,p90,2024,2022,0.83,equal
Reading,4,SC,mean,2024,2003,0.1,equal
Reading,4,SC,mean,2024,2005,1.71,equal
Reading,4,SC,mean,2024,2007,1.07,equal
Reading,4,SC,mean,2024,2009,-1.03,equal
Reading,4,SC,mean,2024,2011,0.01,equal
Reading,4,SC,mean,2024,2013,1.26,equal
Reading,4,SC,mean,2024,2015,-3.06,equal
Reading,4,SC,mean,2024,2017,1.78,equal
Reading,4,SC,mean,2024,2019,-1.07,equal
Reading,4,SC,mean,2024,2022,-1.48,equal
Reading,4,SC,p10,2024,2019,-5.46,equal
Reading,4,SC,p10,2024,2022,-4.31,equal
Reading,4,SC,p25,2024,2019,-3.75,equal
Reading,4,SC,p25,2024,2022,-3.36,equal
Reading,4,SC,p50,2024,2019,-0.11,equal
Reading,4,SC,p50,2024,2022,-0.59,equal
Reading,4,SC,p75,2024,2019,1.32,equal
Reading,4,SC,p75,2024,2022,0.42,equal
Reading,4,SC,p90,2024,2019,1.46,equal
Reading,4,SC,p90,2024,2022,1.07,equal
Reading,4,SD,mean,2024,2003,-8.22,lower
Reading,4,SD,mean,2024,2005,-8.34,lower
Reading,4,SD,mean,2024,2007,-9.34,lower
Reading,4,SD,mean,2024,2009,-8.11,lower
Reading,4,SD,mean,2024,2011,-5.76,lower
Reading,4,SD,mean,2024,2013,-3.88,lower
Reading,4,SD,mean,2024,2015,-6.41,lower
Reading,4,SD,mean,2024,2017,-7.7,lower
Reading,4,SD,mean,2024,2019,-7.95,lower
Reading,4,SD,mean,2024,2022,-4.01,lower
Reading,4,SD,p10,2024,2019,-11.45,lower
Reading,4,SD,p10,2024,2022,-3.55,equal
Reading,4,SD,p25,2024,2019,-10.34,lower
Reading,4,SD,p25,2024,2022,-4.64,equal
Reading,4,SD,p50,2024,2019,-8.59,lower
Reading,4,SD,p50,2024,2022,-4.92,lower
Reading,4,SD,p75,2024,2019,-6.59,lower
Reading,4,SD,p75,2024,2022,-3.77,lower
Reading,4,SD,p90,2024,2019,-4.51,lower
Reading,4,SD,p90,2024,2022,-2.81,equal
Reading,4,TN,mean,2024,2003,3.11,equal
Reading,4,TN,mean,2024,2005,0.84,equal
Reading,4,TN,mean,2024,2007,-0.69,equal
Reading,4,TN,mean,2024,2009,-1.68,equal
Reading,4,TN,mean,2024,2011,0.42,equal
Reading,4,TN,mean,2024,2013,-4.68,lower
Reading,4,TN,mean,2024,2015,-3.55,equal
Reading,4,TN,mean,2024,2017,-3.89,lower
Reading,4,TN,mean,2024,2019,-4,lower
Reading,4,TN,mean,2024,2022,1.06,equal
Reading,4,TN,p10,2024,2019,-9.28,equal
Reading,4,TN,p10,2024,2022,-4.1,equal
Reading,4,TN,p25,2024,2019,-7.19,equal
Reading,4,TN,p25,2024,2022,1.64,equal
Reading,4,TN,p50,2024,2019,-3.76,lower
Reading,4,TN,p50,2024,2022,2.54,equal
Reading,4,TN,p75,2024,2019,-1.77,equal
Reading,4,TN,p75,2024,2022,1.66,equal
Reading,4,TN,p90,2024,2019,0.63,equal
Reading,4,TN,p90,2024,2022,3.44,equal
Reading,4,TX,mean,2024,2003,-2.89,equal
Reading,4,TX,mean,2024,2005,-6.81,lower
Reading,4,TX,mean,2024,2007,-7.68,lower
Reading,4,TX,mean,2024,2009,-6.94,lower
Reading,4,TX,mean,2024,2011,-6.4,lower
Reading,4,TX,mean,2024,2013,-4.99,lower
Reading,4,TX,mean,2024,2015,-6.02,lower
Reading,4,TX,mean,2024,2017,-2.96,equal
Reading,4,TX,mean,2024,2019,-4.12,lower
Reading,4,TX,mean,2024,2022,-2.28,equal
Reading,4,TX,p10,2024,2019,-8.59,lower
Reading,4,TX,p10,2024,2022,-4.53,equal
Reading,4,TX,p25,2024,2019,-5.53,lower
Reading,4,TX,p25,2024,2022,-1.8,equal
Reading,4,TX,p50,2024,2019,-4.04,equal
Reading,4,TX,p50,2024,2022,-1.54,equal
Reading,4,TX,p75,2024,2019,-2.27,equal
Reading,4,TX,p75,2024,2022,-2.4,equal
Reading,4,TX,p90,2024,2019,-0.74,equal
Reading,4,TX,p90,2024,2022,-1.01,equal
Reading,4,UT,mean,2024,2003,0.05,equal
Reading,4,UT,mean,2024,2005,-1.99,equal
Reading,4,UT,mean,2024,2007,-1.94,equal
Reading,4,UT,mean,2024,2009,0.12,equal
Reading,4,UT,mean,2024,2011,-1.09,equal
Reading,4,UT,mean,2024,2013,-3.44,equal
Reading,4,UT,mean,2024,2015,-6.82,lower
Reading,4,UT,mean,2024,2017,-5.84,lower
Reading,4,UT,mean,2024,2019,-5.82,lower
Reading,4,UT,mean,2024,2022,-1.76,equal
Reading,4,UT,p10,2024,2019,-12.44,lower
Reading,4,UT,p10,2024,2022,-3.8,equal
Reading,4,UT,p25,2024,2019,-10.23,lower
Reading,4,UT,p25,2024,2022,-3.21,equal
Reading,4,UT,p50,2024,2019,-4.89,lower
Reading,4,UT,p50,2024,2022,-1.01,equal
Reading,4,UT,p75,2024,2019,-1.65,equal
Reading,4,UT,p75,2024,2022,-0.4,equal
Reading,4,UT,p90,2024,2019,-0.07,equal
Reading,4,UT,p90,2024,2022,0.28,equal
Reading,4,VA,mean,2024,2003,-9.23,lower
Reading,4,VA,mean,2024,2005,-11.71,lower
Reading,4,VA,mean,2024,2007,-13.03,lower
Reading,4,VA,mean,2024,2009,-12.42,lower
Reading,4,VA,mean,2024,2011,-12.27,lower
Reading,4,VA,mean,2024,2013,-14.45,lower
Reading,4,VA,mean,2024,2015,-14.87,lower
Reading,4,VA,mean,2024,2017,-13.49,lower
Reading,4,VA,mean,2024,2019,-9.54,lower
Reading,4,VA,mean,2024,2022,0.07,equal
Reading,4,VA,p10,2024,2019,-17.5,lower
Reading,4,VA,p10,2024,2022,3.53,equal
Reading,4,VA,p25,2024,2019,-13.32,lower
Reading,4,VA,p25,2024,2022,0.28,equal
Reading,4,VA,p50,2024,2019,-10.29,lower
Reading,4,VA,p50,2024,2022,-1.92,equal
Reading,4,VA,p75,2024,2019,-4.94,equal
Reading,4,VA,p75,2024,2022,-0.4,equal
Reading,4,VA,p90,2024,2019,-1.86,equal
Reading,4,VA,p90,2024,2022,0.38,equal
Reading,4,VT,mean,2024,2003,-13.44,lower
Reading,4,VT,mean,2024,2005,-14.2,lower
Reading,4,VT,mean,2024,2007,-15.56,lower
Reading,4,VT,mean,2024,2009,-16.05,lower
Reading,4,VT,mean,2024,2011,-14.09,lower
Reading,4,VT,mean,2024,2013,-15.3,lower
Reading,4,VT,mean,2024,2015,-17.41,lower
Reading,4,VT,mean,2024,2017,-13.76,lower
Reading,4,VT,mean,2024,2019,-9.14,lower
Reading,4,VT,mean,2024,2022,-4.3,lower
Reading,4,VT,p10,2024,2019,-13.54,lower
Reading,4,VT,p10,2024,2022,-5.22,equal
Reading,4,VT,p25,2024,2019,-15.23,lower
Reading,4,VT,p25,2024,2022,-6.24,lower
Reading,4,VT,p50,2024,2019,-9.09,lower
Reading,4,VT,p50,2024,2022,-3.75,equal
Reading,4,VT,p75,2024,2019,-5.26,lower
Reading,4,VT,p75,2024,2022,-3.54,equal
Reading,4,VT,p90,2024,2019,-3.24,equal
Reading,4,VT,p90,2024,2022,-3.2,equal
Reading,4,WA,mean,2024,2003,-5.38,lower
Reading,4,WA,mean,2024,2005,-7.77,lower
Reading,4,WA,mean,2024,2007,-8.28,lower
Reading,4,WA,mean,2024,2009,-5.61,lower
Reading,4,WA,mean,2024,2011,-4.81,lower
Reading,4,WA,mean,2024,2013,-9.33,lower
Reading,4,WA,mean,2024,2015,-10.18,lower
Reading,4,WA,mean,2024,2017,-7.41,lower
Reading,4,WA,mean,2024,2019,-3.98,lower
Reading,4,WA,mean,2024,2022,-0.98,equal
Reading,4,WA,p10,2024,2019,-8.38,lower
Reading,4,WA,p10,2024,2022,-1.47,equal
Reading,4,WA,p25,2024,2019,-6.66,lower
Reading,4,WA,p25,2024,2022,-0.95,equal
Reading,4,WA,p50,2024,2019,-4.05,equal
Reading,4,WA,p50,2024,2022,-1.36,equal
Reading,4,WA,p75,2024,2019,-2.25,equal
Reading,4,WA,p75,2024,2022,-2,equal
Reading,4,WA,p90,2024,2019,-0.46,equal
Reading,4,WA,p90,2024,2022,-0.43,equal
Reading,4,WI,mean,2024,2003,-5.52,lower
Reading,4,WI,mean,2024,2005,-5.85,lower
Reading,4,WI,mean,2024,2007,-8,lower
Reading,4,WI,mean,2024,2009,-4.82,lower
Reading,4,WI,mean,2024,2011,-5.92,lower
Reading,4,WI,mean,2024,2013,-5.5,lower
Reading,4,WI,mean,2024,2015,-8.04,lower
Reading,4,WI,mean,2024,2017,-4.3,lower
Reading,4,WI,mean,2024,2019,-4.39,lower
Reading,4,WI,mean,2024,2022,-2.06,equal
Reading,4,WI,p10,2024,2019,-7.08,equal
Reading,4,WI,p10,2024,2022,-4.33,equal
Reading,4,WI,p25,2024,2019,-5.27,equal
Reading,4,WI,p25,2024,2022,-2.67,equal
Reading,4,WI,p50,2024,2019,-5,lower
Reading,4,WI,p50,2024,2022,-2.41,equal
Reading,4,WI,p75,2024,2019,-3.29,equal
Reading,4,WI,p75,2024,2022,-0.92,equal
Reading,4,WI,p90,2024,2019,-2.11,equal
Reading,4,WI,p90,2024,2022,-0.41,equal
Reading,4,WV,mean,2024,2003,-13.31,lower
Reading,4,WV,mean,2024,2005,-8.9,lower
Reading,4,WV,mean,2024,2007,-9.26,lower
Reading,4,WV,mean,2024,2009,-8.65,lower
Reading,4,WV,mean,2024,2011,-8.52,lower
Reading,4,WV,mean,2024,2013,-8.79,lower
Reading,4,WV,mean,2024,2015,-10.38,lower
Reading,4,WV,mean,2024,2017,-11.45,lower
Reading,4,WV,mean,2024,2019,-7.31,lower
Reading,4,WV,mean,2024,2022,0.56,equal
Reading,4,WV,p10,2024,2019,-10.38,lower
Reading,4,WV,p10,2024,2022,-1.82,equal
Reading,4,WV,p25,2024,2019,-10.02,lower
Reading,4,WV,p25,2024,2022,-1.41,equal
Reading,4,WV,p50,2024,2019,-8.15,lower
Reading,4,WV,p50,2024,2022,0.48,equal
Reading,4,WV,p75,2024,2019,-5.45,lower
Reading,4,WV,p75,2024,2022,2.46,equal
Reading,4,WV,p90,2024,2019,-4.68,equal
Reading,4,WV,p90,2024,2022,2.61,equal
Reading,4,WY,mean,2024,2003,-0.13,equal
Reading,4,WY,mean,2024,2005,-1.32,equal
Reading,4,WY,mean,2024,2007,-3.35,lower
Reading,4,WY,mean,2024,2009,-0.71,equal
Reading,4,WY,mean,2024,2011,-2.12,equal
Reading,4,WY,mean,2024,2013,-3.91,lower
Reading,4,WY,mean,2024,2015,-6.22,lower
Reading,4,WY,mean,2024,2017,-4.89,lower
Reading,4,WY,mean,2024,2019,-4.75,lower
Reading,4,WY,mean,2024,2022,-2.85,equal
Reading,4,WY,p10,2024,2019,-7.8,equal
Reading,4,WY,p10,2024,2022,-3.26,equal
Reading,4,WY,p25,2024,2019,-6.65,lower
Reading,4,WY,p25,2024,2022,-3.66,equal
Reading,4,WY,p50,2024,2019,-5.13,lower
Reading,4,WY,p50,2024,2022,-2.86,equal
Reading,4,WY,p75,2024,2019,-2.58,equal
Reading,4,WY,p75,2024,2022,-1.86,equal
Reading,4,WY,p90,2024,2019,-1.57,equal
Reading,4,WY,p90,2024,2022,-2.03,equal
Reading,8,AK,mean,2024,2003,-9.96,lower
Reading,8,AK,mean,2024,2005,-12.27,lower
Reading,8,AK,mean,2024,2007,-12.35,lower
Reading,8,AK,mean,2024,2009,-13,lower
Reading,8,AK,mean,2024,2011,-14.84,lower
Reading,8,AK,mean,2024,2013,-14.81,lower
Reading,8,AK,mean,2024,2015,-13.87,lower
Reading,8,AK,mean,2024,2017,-11.22,lower
Reading,8,AK,mean,2024,2019,-5.94,lower
Reading,8,AK,mean,2024,2022,-6.1,lower
Reading,8,AK,p10,2024,2019,-13.01,lower
Reading,8,AK,p10,2024,2022,-7.79,equal
Reading,8,AK,p25,2024,2019,-9.71,lower
Reading,8,AK,p25,2024,2022,-7.74,equal
Reading,8,AK,p50,2024,2019,-5.05,lower
Reading,8,AK,p50,2024,2022,-5.94,lower
Reading,8,AK,p75,2024,2019,-2.18,equal
Reading,8,AK,p75,2024,2022,-5.02,lower
Reading,8,AK,p90,2024,2019,-1.16,equal
Reading,8,AK,p90,2024,2022,-4.95,equal
Reading,8,AL,mean,2024,2003,-3.57,equal
Reading,8,AL,mean,2024,2005,-2.38,equal
Reading,8,AL,mean,2024,2007,-2.34,equal
Reading,8,AL,mean,2024,2009,-5.3,lower
Reading,8,AL,mean,2024,2011,-8.82,lower
Reading,8,AL,mean,2024,2013,-7.83,lower
Reading,8,AL,mean,2024,2015,-9.15,lower
Reading,8,AL,mean,2024,2017,-8.09,lower
Reading,8,AL,mean,2024,2019,-3.8,equal
Reading,8,AL,mean,2024,2022,-1.3,equal
Reading,8,AL,p10,2024,2019,-5.96,equal
Reading,8,AL,p10,2024,2022,-2.18,equal
Reading,8,AL,p25,2024,2019,-5.56,equal
Reading,8,AL,p25,2024,2022,-2,equal
Reading,8,AL,p50,2024,2019,-3.93,equal
Reading,8,AL,p50,2024,2022,-1.25,equal
Reading,8,AL,p75,2024,2019,-2.66,equal
Reading,8,AL,p75,2024,2022,-0.92,equal
Reading,8,AL,p90,2024,2019,-1.87,equal
Reading,8,AL,p90,2024,2022,-0.76,equal
Reading,8,AR,mean,2024,2003,-3.22,equal
Reading,8,AR,mean,2024,2005,-2.92,equal
Reading,8,AR,mean,2024,2007,-3.19,equal
Reading,8,AR,mean,2024,2009,-3.27,equal
Reading,8,AR,mean,2024,2011,-4.37,lower
Reading,8,AR,mean,2024,2013,-7.19,lower
Reading,8,AR,mean,2024,2015,-3.99,lower
Reading,8,AR,mean,2024,2017,-5.18,lower
Reading,8,AR,mean,2024,2019,-4.01,lower
Reading,8,AR,mean,2024,2022,-0.27,equal
Reading,8,AR,p10,2024,2019,-2.02,equal
Reading,8,AR,p10,2024,2022,0.35,equal
Reading,8,AR,p25,2024,2019,-3.57,equal
Reading,8,AR,p25,2024,2022,1.28,equal
Reading,8,AR,p50,2024,2019,-3.97,lower
Reading,8,AR,p50,2024,2022,-0.29,equal
Reading,8,AR,p75,2024,2019,-4.55,lower
Reading,8,AR,p75,2024,2022,-0.49,equal
Reading,8,AR,p90,2024,2019,-5.4,lower
Reading,8,AR,p90,2024,2022,-0.82,equal
Reading,8,AZ,mean,2024,2003,-0.98,equal
Reading,8,AZ,mean,2024,2005,-0.44,equal
Reading,8,AZ,mean,2024,2007,-0.49,equal
Reading,8,AZ,mean,2024,2009,-3.25,equal
Reading,8,AZ,mean,2024,2011,-5.8,lower
Reading,8,AZ,mean,2024,2013,-6.11,lower
Reading,8,AZ,mean,2024,2015,-8.43,lower
Reading,8,AZ,mean,2024,2017,-8.61,lower
Reading,8,AZ,mean,2024,2019,-5.14,lower
Reading,8,AZ,mean,2024,2022,-4.19,lower
Reading,8,AZ,p10,2024,2019,-8.97,equal
Reading,8,AZ,p10,2024,2022,-6.61,equal
Reading,8,AZ,p25,2024,2019,-6.81,equal
Reading,8,AZ,p25,2024,2022,-4.68,equal
Reading,8,AZ,p50,2024,2019,-3.36,equal
Reading,8,AZ,p50,2024,2022,-2.57,equal
Reading,8,AZ,p75,2024,2019,-3.02,equal
Reading,8,AZ,p75,2024,2022,-2.93,equal
Reading,8,AZ,p90,2024,2019,-3.08,equal
Reading,8,AZ,p90,2024,2022,-3.06,equal
Reading,8,CA,mean,2024,2003,3.36,equal
Reading,8,CA,mean,2024,2005,3.94,higher
Reading,8,CA,mean,2024,2007,3.08,equal
Reading,8,CA,mean,2024,2009,1.74,equal
Reading,8,CA,mean,2024,2011,-0.56,equal
Reading,8,CA,mean,2024,2013,-7.13,lower
Reading,8,CA,mean,2024,2015,-4.61,lower
Reading,8,CA,mean,2024,2017,-8.15,lower
Reading,8,CA,mean,2024,2019,-4.46,equal
Reading,8,CA,mean,2024,2022,-4.41,equal
Reading,8,CA,p10,2024,2019,-8.18,equal
Reading,8,CA,p10,2024,2022,-9.23,lower
Reading,8,CA,p25,2024,2019,-6.85,lower
Reading,8,CA,p25,2024,2022,-6.1,equal
Reading,8,CA,p50,2024,2019,-4.29,equal
Reading,8,CA,p50,2024,2022,-4.2,equal
Reading,8,CA,p75,2024,2019,-1.56,equal
Reading,8,CA,p75,2024,2022,-1.54,equal
Reading,8,CA,p90,2024,2019,-0.22,equal
Reading,8,CA,p90,2024,2022,-0.04,equal
Reading,8,CO,mean,2024,2003,-3.06,equal
Reading,8,CO,mean,2024,2005,-0.22,equal
Reading,8,CO,mean,2024,2007,-1.87,equal
Reading,8,CO,mean,2024,2009,-0.98,equal
Reading,8,CO,mean,2024,2011,-6.1,lower
Reading,8,CO,mean,2024,2013,-6.47,lower
Reading,8,CO,mean,2024,2015,-3.54,equal
Reading,8,CO,mean,2024,2017,-5.8,lower
Reading,8,CO,mean,2024,2019,-2.77,equal
Reading,8,CO,mean,2024,2022,1.08,equal
Reading,8,CO,p10,2024,2019,-4.39,equal
Reading,8,CO,p10,2024,2022,4.83,equal
Reading,8,CO,p25,2024,2019,-4.21,equal
Reading,8,CO,p25,2024,2022,1.31,equal
Reading,8,CO,p50,2024,2019,-3.08,equal
Reading,8,CO,p50,2024,2022,0.52,equal
Reading,8,CO,p75,2024,2019,-2.07,equal
Reading,8,CO,p75,2024,2022,0.5,equal
Reading,8,CO,p90,2024,2019,-1.35,equal
Reading,8,CO,p90,2024,2022,-0.47,equal
Reading,8,CT,mean,2024,2003,-4.12,lower
Reading,8,CT,mean,2024,2005,-0.92,equal
Reading,8,CT,mean,2024,2007,-3.96,equal
Reading,8,CT,mean,2024,2009,-8.71,lower
Reading,8,CT,mean,2024,2011,-11.58,lower
Reading,8,CT,mean,2024,2013,-11.36,lower
Reading,8,CT,mean,2024,2015,-9.95,lower
Reading,8,CT,mean,2024,2017,-9.44,lower
Reading,8,CT,mean,2024,2019,-6.62,lower
Reading,8,CT,mean,2024,2022,-0.71,equal
Reading,8,CT,p10,2024,2019,-12.85,lower
Reading,8,CT,p10,2024,2022,-4.88,equal
Reading,8,CT,p25,2024,2019,-10.29,lower
Reading,8,CT,p25,2024,2022,-3,equal
Reading,8,CT,p50,2024,2019,-6.85,lower
Reading,8,CT,p50,2024,2022,-0.38,equal
Reading,8,CT,p75,2024,2019,-3.68,lower
Reading,8,CT,p75,2024,2022,1.71,equal
Reading,8,CT,p90,2024,2019,-0.79,equal
Reading,8,CT,p90,2024,2022,2.89,equal
Reading,8,DC,mean,2024,2003,12.6,higher
Reading,8,DC,mean,2024,2005,13.09,higher
Reading,8,DC,mean,2024,2007,10.5,higher
Reading,8,DC,mean,2024,2009,8.81,higher
Reading,8,DC,mean,2024,2011,9.24,higher
Reading,8,DC,mean,2024,2013,3.56,higher
Reading,8,DC,mean,2024,2015,3.64,higher
Reading,8,DC,mean,2024,2017,4.51,higher
Reading,8,DC,mean,2024,2019,1.48,equal
Reading,8,DC,mean,2024,2022,1.59,equal
Reading,8,DC,p10,2024,2019,-0.2,equal
Reading,8,DC,p10,2024,2022,-3.04,equal
Reading,8,DC,p25,2024,2019,-1.24,equal
Reading,8,DC,p25,2024,2022,0,equal
Reading,8,DC,p50,2024,2019,0.42,equal
Reading,8,DC,p50,2024,2022,1.99,equal
Reading,8,DC,p75,2024,2019,2.34,equal
Reading,8,DC,p75,2024,2022,3.38,equal
Reading,8,DC,p90,2024,2019,4.33,equal
Reading,8,DC,p90,2024,2022,5.7,higher
Reading,8,DE,mean,2024,2003,-15.08,lower
Reading,8,DE,mean,2024,2005,-16.56,lower
Reading,8,DE,mean,2024,2007,-15.09,lower
Reading,8,DE,mean,2024,2009,-15.55,lower
Reading,8,DE,mean,2024,2011,-16.39,lower
Reading,8,DE,mean,2024,2013,-16.53,lower
Reading,8,DE,mean,2024,2015,-13.16,lower
Reading,8,DE,mean,2024,2017,-13.64,lower
Reading,8,DE,mean,2024,2019,-10.23,lower
Reading,8,DE,mean,2024,2022,-3.56,lower
Reading,8,DE,p10,2024,2019,-13.71,lower
Reading,8,DE,p10,2024,2022,-8.16,lower
Reading,8,DE,p25,2024,2019,-12.4,lower
Reading,8,DE,p25,2024,2022,-5.01,equal
Reading,8,DE,p50,2024,2019,-9.39,lower
Reading,8,DE,p50,2024,2022,-1.86,equal
Reading,8,DE,p75,2024,2019,-7.79,lower
Reading,8,DE,p75,2024,2022,-0.41,equal
Reading,8,DE,p90,2024,2019,-8.19,lower
Reading,8,DE,p90,2024,2022,-1.06,equal
Reading,8,DS,mean,2024,2003,10.33,higher
Reading,8,DS,mean,2024,2005,11.61,higher
Reading,8,DS,mean,2024,2007,9.43,higher
Reading,8,DS,mean,2024,2009,9.66,higher
Reading,8,DS,mean,2024,2011,9.77,higher
Reading,8,DS,mean,2024,2013,5.13,higher
Reading,8,DS,mean,2024,2015,4.93,higher
Reading,8,DS,mean,2024,2017,1.62,equal
Reading,8,DS,mean,2024,2019,1.84,equal
Reading,8,DS,mean,2024,2022,-0.19,equal
Reading,8,DS,p10,2024,2019,-1.13,equal
Reading,8,DS,p10,2024,2022,-0.89,equal
Reading,8,DS,p25,2024,2019,-0.29,equal
Reading,8,DS,p25,2024,2022,-1.17,equal
Reading,8,DS,p50,2024,2019,1.05,equal
Reading,8,DS,p50,2024,2022,-0.41,equal
Reading,8,DS,p75,2024,2019,3.38,higher
Reading,8,DS,p75,2024,2022,0.41,equal
Reading,8,DS,p90,2024,2019,5.67,higher
Reading,8,DS,p90,2024,2022,1.26,equal
Reading,8,FL,mean,2024,2003,-4.44,lower
Reading,8,FL,mean,2024,2005,-2.92,equal
Reading,8,FL,mean,2024,2007,-6.93,lower
Reading,8,FL,mean,2024,2009,-11.5,lower
Reading,8,FL,mean,2024,2011,-9.26,lower
Reading,8,FL,mean,2024,2013,-12.97,lower
Reading,8,FL,mean,2024,2015,-10.53,lower
Reading,8,FL,mean,2024,2017,-13.7,lower
Reading,8,FL,mean,2024,2019,-10.49,lower
Reading,8,FL,mean,2024,2022,-6.77,lower
Reading,8,FL,p10,2024,2019,-14.78,lower
Reading,8,FL,p10,2024,2022,-11.59,lower
Reading,8,FL,p25,2024,2019,-11.72,lower
Reading,8,FL,p25,2024,2022,-7.72,lower
Reading,8,FL,p50,2024,2019,-9.37,lower
Reading,8,FL,p50,2024,2022,-5.5,lower
Reading,8,FL,p75,2024,2019,-8.66,lower
Reading,8,FL,p75,2024,2022,-4.24,equal
Reading,8,FL,p90,2024,2019,-8.53,lower
Reading,8,FL,p90,2024,2022,-4.09,equal
Reading,8,GA,mean,2024,2003,1.61,equal
Reading,8,GA,mean,2024,2005,2.45,equal
Reading,8,GA,mean,2024,2007,0.62,equal
Reading,8,GA,mean,2024,2009,-0.92,equal
Reading,8,GA,mean,2024,2011,-3.03,equal
Reading,8,GA,mean,2024,2013,-5.29,lower
Reading,8,GA,mean,2024,2015,-2.94,equal
Reading,8,GA,mean,2024,2017,-7,lower
Reading,8,GA,mean,2024,2019,-3.06,equal
Reading,8,GA,mean,2024,2022,-0.66,equal
Reading,8,GA,p10,2024,2019,-7.63,lower
Reading,8,GA,p10,2024,2022,-0.83,equal
Reading,8,GA,p25,2024,2019,-5.31,equal
Reading,8,GA,p25,2024,2022,-1.1,equal
Reading,8,GA,p50,2024,2019,-2.54,equal
Reading,8,GA,p50,2024,2022,-0.33,equal
Reading,8,GA,p75,2024,2019,-0.68,equal
Reading,8,GA,p75,2024,2022,0.23,equal
Reading,8,GA,p90,2024,2019,0.82,equal
Reading,8,GA,p90,2024,2022,-0.79,equal
Reading,8,HI,mean,2024,2003,6,higher
Reading,8,HI,mean,2024,2005,8.78,higher
Reading,8,HI,mean,2024,2007,5.95,higher
Reading,8,HI,mean,2024,2009,2.54,higher
Reading,8,HI,mean,2024,2011,0.1,equal
Reading,8,HI,mean,2024,2013,-2.68,lower
Reading,8,HI,mean,2024,2015,-0.07,equal
Reading,8,HI,mean,2024,2017,-3.7,lower
Reading,8,HI,mean,2024,2019,-0.88,equal
Reading,8,HI,mean,2024,2022,-1.7,equal
Reading,8,HI,p10,2024,2019,-3.31,equal
Reading,8,HI,p10,2024,2022,-1.57,equal
Reading,8,HI,p25,2024,2019,-1.48,equal
Reading,8,HI,p25,2024,2022,-1.59,equal
Reading,8,HI,p50,2024,2019,0.17,equal
Reading,8,HI,p50,2024,2022,-1.49,equal
Reading,8,HI,p75,2024,2019,-0.32,equal
Reading,8,HI,p75,2024,2022,-1.7,equal
Reading,8,HI,p90,2024,2019,-1.28,equal
Reading,8,HI,p90,2024,2022,-2.23,equal
Reading,8,IA,mean,2024,2003,-6.8,lower
Reading,8,IA,mean,2024,2005,-6.3,lower
Reading,8,IA,mean,2024,2007,-6.75,lower
Reading,8,IA,mean,2024,2009,-4.19,lower
Reading,8,IA,mean,2024,2011,-3.85,lower
Reading,8,IA,mean,2024,2013,-8.3,lower
Reading,8,IA,mean,2024,2015,-7.5,lower
Reading,8,IA,mean,2024,2017,-6.97,lower
Reading,8,IA,mean,2024,2019,-1.63,equal
Reading,8,IA,mean,2024,2022,0.93,equal
Reading,8,IA,p10,2024,2019,-3.52,equal
Reading,8,IA,p10,2024,2022,-1.19,equal
Reading,8,IA,p25,2024,2019,-1.82,equal
Reading,8,IA,p25,2024,2022,0.74,equal
Reading,8,IA,p50,2024,2019,-1.85,equal
Reading,8,IA,p50,2024,2022,1.57,equal
Reading,8,IA,p75,2024,2019,-1.16,equal
Reading,8,IA,p75,2024,2022,2.1,equal
Reading,8,IA,p90,2024,2019,-0.41,equal
Reading,8,IA,p90,2024,2022,2.28,equal
Reading,8,ID,mean,2024,2003,-3.71,lower
Reading,8,ID,mean,2024,2005,-3.57,lower
Reading,8,ID,mean,2024,2007,-4.16,lower
Reading,8,ID,mean,2024,2009,-4.11,lower
Reading,8,ID,mean,2024,2011,-7.29,lower
Reading,8,ID,mean,2024,2013,-9.5,lower
Reading,8,ID,mean,2024,2015,-7.82,lower
Reading,8,ID,mean,2024,2017,-8.94,lower
Reading,8,ID,mean,2024,2019,-5.75,lower
Reading,8,ID,mean,2024,2022,-2.81,equal
Reading,8,ID,p10,2024,2019,-8.87,lower
Reading,8,ID,p10,2024,2022,-8.35,lower
Reading,8,ID,p25,2024,2019,-8.32,lower
Reading,8,ID,p25,2024,2022,-3.99,equal
Reading,8,ID,p50,2024,2019,-5.15,lower
Reading,8,ID,p50,2024,2022,-0.67,equal
Reading,8,ID,p75,2024,2019,-3.8,lower
Reading,8,ID,p75,2024,2022,-0.19,equal
Reading,8,ID,p90,2024,2019,-3.52,equal
Reading,8,ID,p90,2024,2022,-0.75,equal
Reading,8,IL,mean,2024,2003,-4.79,lower
Reading,8,IL,mean,2024,2005,-1.9,equal
Reading,8,IL,mean,2024,2007,-1.21,equal
Reading,8,IL,mean,2024,2009,-2.89,equal
Reading,8,IL,mean,2024,2011,-4.02,lower
Reading,8,IL,mean,2024,2013,-5.28,lower
Reading,8,IL,mean,2024,2015,-5.19,lower
Reading,8,IL,mean,2024,2017,-5.31,lower
Reading,8,IL,mean,2024,2019,-3.08,equal
Reading,8,IL,mean,2024,2022,-0.27,equal
Reading,8,IL,p10,2024,2019,-6.73,lower
Reading,8,IL,p10,2024,2022,-3.09,equal
Reading,8,IL,p25,2024,2019,-5.05,lower
Reading,8,IL,p25,2024,2022,-2.14,equal
Reading,8,IL,p50,2024,2019,-3.16,equal
Reading,8,IL,p50,2024,2022,0.29,equal
Reading,8,IL,p75,2024,2019,-2.13,equal
Reading,8,IL,p75,2024,2022,0.69,equal
Reading,8,IL,p90,2024,2019,-1.09,equal
Reading,8,IL,p90,2024,2022,1.35,equal
Reading,8,IN,mean,2024,2003,-3.17,equal
Reading,8,IN,mean,2024,2005,0.64,equal
Reading,8,IN,mean,2024,2007,-2.44,equal
Reading,8,IN,mean,2024,2009,-4.03,lower
Reading,8,IN,mean,2024,2011,-3.07,equal
Reading,8,IN,mean,2024,2013,-5.62,lower
Reading,8,IN,mean,2024,2015,-6.6,lower
Reading,8,IN,mean,2024,2017,-10.37,lower
Reading,8,IN,mean,2024,2019,-4.3,lower
Reading,8,IN,mean,2024,2022,1.15,equal
Reading,8,IN,p10,2024,2019,-6.81,equal
Reading,8,IN,p10,2024,2022,-0.97,equal
Reading,8,IN,p25,2024,2019,-7.54,lower
Reading,8,IN,p25,2024,2022,-1.61,equal
Reading,8,IN,p50,2024,2019,-5.03,equal
Reading,8,IN,p50,2024,2022,1.44,equal
Reading,8,IN,p75,2024,2019,-2.27,equal
Reading,8,IN,p75,2024,2022,3.37,equal
Reading,8,IN,p90,2024,2019,-0.87,equal
Reading,8,IN,p90,2024,2022,2.95,equal
Reading,8,KS,mean,2024,2003,-10.52,lower
Reading,8,KS,mean,2024,2005,-11.34,lower
Reading,8,KS,mean,2024,2007,-11.92,lower
Reading,8,KS,mean,2024,2009,-11.31,lower
Reading,8,KS,mean,2024,2011,-11.85,lower
Reading,8,KS,mean,2024,2013,-11.4,lower
Reading,8,KS,mean,2024,2015,-11.28,lower
Reading,8,KS,mean,2024,2017,-12,lower
Reading,8,KS,mean,2024,2019,-7.33,lower
Reading,8,KS,mean,2024,2022,-0.69,equal
Reading,8,KS,p10,2024,2019,-9.45,lower
Reading,8,KS,p10,2024,2022,-0.17,equal
Reading,8,KS,p25,2024,2019,-9.45,lower
Reading,8,KS,p25,2024,2022,-0.79,equal
Reading,8,KS,p50,2024,2019,-7.45,lower
Reading,8,KS,p50,2024,2022,-0.68,equal
Reading,8,KS,p75,2024,2019,-6.3,lower
Reading,8,KS,p75,2024,2022,-0.73,equal
Reading,8,KS,p90,2024,2019,-5.34,lower
Reading,8,KS,p90,2024,2022,-0.77,equal
Reading,8,KY,mean,2024,2003,-8.19,lower
Reading,8,KY,mean,2024,2005,-5.94,lower
Reading,8,KY,mean,2024,2007,-3.97,lower
Reading,8,KY,mean,2024,2009,-8.85,lower
Reading,8,KY,mean,2024,2011,-10.83,lower
Reading,8,KY,mean,2024,2013,-11.62,lower
Reading,8,KY,mean,2024,2015,-9.77,lower
Reading,8,KY,mean,2024,2017,-7.13,lower
Reading,8,KY,mean,2024,2019,-4.96,lower
Reading,8,KY,mean,2024,2022,-0.49,equal
Reading,8,KY,p10,2024,2019,-6.84,lower
Reading,8,KY,p10,2024,2022,-0.59,equal
Reading,8,KY,p25,2024,2019,-6.69,lower
Reading,8,KY,p25,2024,2022,-1.52,equal
Reading,8,KY,p50,2024,2019,-5.42,lower
Reading,8,KY,p50,2024,2022,-0.56,equal
Reading,8,KY,p75,2024,2019,-4.34,lower
Reading,8,KY,p75,2024,2022,-0.41,equal
Reading,8,KY,p90,2024,2019,-2.94,equal
Reading,8,KY,p90,2024,2022,0.57,equal
Reading,8,LA,mean,2024,2003,3.09,equal
Reading,8,LA,mean,2024,2005,3.84,equal
Reading,8,LA,mean,2024,2007,3.3,equal
Reading,8,LA,mean,2024,2009,3.21,equal
Reading,8,LA,mean,2024,2011,1.85,equal
Reading,8,LA,mean,2024,2013,-0.82,equal
Reading,8,LA,mean,2024,2015,1.06,equal
Reading,8,LA,mean,2024,2017,-0.22,equal
Reading,8,LA,mean,2024,2019,-0.89,equal
Reading,8,LA,mean,2024,2022,-0.11,equal
Reading,8,LA,p10,2024,2019,-3.56,equal
Reading,8,LA,p10,2024,2022,-0.11,equal
Reading,8,LA,p25,2024,2019,-2.71,equal
Reading,8,LA,p25,2024,2022,-0.61,equal
Reading,8,LA,p50,2024,2019,-0.58,equal
Reading,8,LA,p50,2024,2022,0.01,equal
Reading,8,LA,p75,2024,2019,0.22,equal
Reading,8,LA,p75,2024,2022,0.46,equal
Reading,8,LA,p90,2024,2019,0.89,equal
Reading,8,LA,p90,2024,2022,0.34,equal
Reading,8,MA,mean,2024,2003,-4.9,lower
Reading,8,MA,mean,2024,2005,-5.7,lower
Reading,8,MA,mean,2024,2007,-5.27,lower
Reading,8,MA,mean,2024,2009,-5.58,lower
Reading,8,MA,mean,2024,2011,-7.36,lower
Reading,8,MA,mean,2024,2013,-9,lower
Reading,8,MA,mean,2024,2015,-6.49,lower
Reading,8,MA,mean,2024,2017,-9.77,lower
Reading,8,MA,mean,2024,2019,-5.1,lower
Reading,8,MA,mean,2024,2022,-0.74,equal
Reading,8,MA,p10,2024,2019,-10.01,lower
Reading,8,MA,p10,2024,2022,-4.06,equal
Reading,8,MA,p25,2024,2019,-8.18,lower
Reading,8,MA,p25,2024,2022,-2.64,equal
Reading,8,MA,p50,2024,2019,-5.05,lower
Reading,8,MA,p50,2024,2022,-0.7,equal
Reading,8,MA,p75,2024,2019,-3.13,equal
Reading,8,MA,p75,2024,2022,1.06,equal
Reading,8,MA,p90,2024,2019,-1.73,equal
Reading,8,MA,p90,2024,2022,2.53,equal
Reading,8,MD,mean,2024,2003,-3.27,equal
Reading,8,MD,mean,2024,2005,-2.46,equal
Reading,8,MD,mean,2024,2007,-6.92,lower
Reading,8,MD,mean,2024,2009,-8.97,lower
Reading,8,MD,mean,2024,2011,-12.9,lower
Reading,8,MD,mean,2024,2013,-15.48,lower
Reading,8,MD,mean,2024,2015,-9.58,lower
Reading,8,MD,mean,2024,2017,-8.93,lower
Reading,8,MD,mean,2024,2019,-6.07,lower
Reading,8,MD,mean,2024,2022,-0.97,equal
Reading,8,MD,p10,2024,2019,-13.01,lower
Reading,8,MD,p10,2024,2022,-2.97,equal
Reading,8,MD,p25,2024,2019,-9.06,lower
Reading,8,MD,p25,2024,2022,-0.67,equal
Reading,8,MD,p50,2024,2019,-4.86,equal
Reading,8,MD,p50,2024,2022,-0.24,equal
Reading,8,MD,p75,2024,2019,-2.26,equal
Reading,8,MD,p75,2024,2022,0.17,equal
Reading,8,MD,p90,2024,2019,-1.18,equal
Reading,8,MD,p90,2024,2022,-0.62,equal
Reading,8,ME,mean,2024,2003,-13.28,lower
Reading,8,ME,mean,2024,2005,-14.94,lower
Reading,8,ME,mean,2024,2007,-14.88,lower
Reading,8,ME,mean,2024,2009,-12.66,lower
Reading,8,ME,mean,2024,2011,-14.83,lower
Reading,8,ME,mean,2024,2013,-14.15,lower
Reading,8,ME,mean,2024,2015,-13.35,lower
Reading,8,ME,mean,2024,2017,-13.89,lower
Reading,8,ME,mean,2024,2019,-10.13,lower
Reading,8,ME,mean,2024,2022,-1.67,equal
Reading,8,ME,p10,2024,2019,-13.05,lower
Reading,8,ME,p10,2024,2022,2.79,equal
Reading,8,ME,p25,2024,2019,-12.72,lower
Reading,8,ME,p25,2024,2022,-0.89,equal
Reading,8,ME,p50,2024,2019,-10.44,lower
Reading,8,ME,p50,2024,2022,-2.61,equal
Reading,8,ME,p75,2024,2019,-8.73,lower
Reading,8,ME,p75,2024,2022,-3.35,equal
Reading,8,ME,p90,2024,2019,-7.84,lower
Reading,8,ME,p90,2024,2022,-4.62,equal
Reading,8,MI,mean,2024,2003,-9.32,lower
Reading,8,MI,mean,2024,2005,-6.08,lower
Reading,8,MI,mean,2024,2007,-5.26,lower
Reading,8,MI,mean,2024,2009,-6.84,lower
Reading,8,MI,mean,2024,2011,-10.13,lower
Reading,8,MI,mean,2024,2013,-10.88,lower
Reading,8,MI,mean,2024,2015,-9.43,lower
Reading,8,MI,mean,2024,2017,-10.41,lower
Reading,8,MI,mean,2024,2019,-7.52,lower
Reading,8,MI,mean,2024,2022,-3.45,equal
Reading,8,MI,p10,2024,2019,-10.43,lower
Reading,8,MI,p10,2024,2022,-2.32,equal
Reading,8,MI,p25,2024,2019,-8.99,lower
Reading,8,MI,p25,2024,2022,-1.71,equal
Reading,8,MI,p50,2024,2019,-7.46,lower
Reading,8,MI,p50,2024,2022,-3.15,equal
Reading,8,MI,p75,2024,2019,-6.57,lower
Reading,8,MI,p75,2024,2022,-4.06,equal
Reading,8,MI,p90,2024,2019,-5.46,equal
Reading,8,MI,p90,2024,2022,-5.3,equal
Reading,8,MN,mean,2024,2003,-7.65,lower
Reading,8,MN,mean,2024,2005,-8.29,lower
Reading,8,MN,mean,2024,2007,-8.13,lower
Reading,8,MN,mean,2024,2009,-9.67,lower
Reading,8,MN,mean,2024,2011,-10.08,lower
Reading,8,MN,mean,2024,2013,-10.95,lower
Reading,8,MN,mean,2024,2015,-10.17,lower
Reading,8,MN,mean,2024,2017,-8.55,lower
Reading,8,MN,mean,2024,2019,-3.75,lower
Reading,8,MN,mean,2024,2022,-0.4,equal
Reading,8,MN,p10,2024,2019,1.16,equal
Reading,8,MN,p10,2024,2022,3.59,equal
Reading,8,MN,p25,2024,2019,-2.81,equal
Reading,8,MN,p25,2024,2022,0.01,equal
Reading,8,MN,p50,2024,2019,-4.3,lower
Reading,8,MN,p50,2024,2022,-0.75,equal
Reading,8,MN,p75,2024,2019,-6.19,lower
Reading,8,MN,p75,2024,2022,-1.83,equal
Reading,8,MN,p90,2024,2019,-6.95,lower
Reading,8,MN,p90,2024,2022,-2.97,equal
Reading,8,MO,mean,2024,2003,-12.08,lower
Reading,8,MO,mean,2024,2005,-9.38,lower
Reading,8,MO,mean,2024,2007,-8.16,lower
Reading,8,MO,mean,2024,2009,-11.6,lower
Reading,8,MO,mean,2024,2011,-11.48,lower
Reading,8,MO,mean,2024,2013,-11.93,lower
Reading,8,MO,mean,2024,2015,-11.6,lower
Reading,8,MO,mean,2024,2017,-10.75,lower
Reading,8,MO,mean,2024,2019,-8.01,lower
Reading,8,MO,mean,2024,2022,-2.34,equal
Reading,8,MO,p10,2024,2019,-10.42,lower
Reading,8,MO,p10,2024,2022,-2.62,equal
Reading,8,MO,p25,2024,2019,-10.8,lower
Reading,8,MO,p25,2024,2022,-3.09,equal
Reading,8,MO,p50,2024,2019,-8.07,lower
Reading,8,MO,p50,2024,2022,-1.94,equal
Reading,8,MO,p75,2024,2019,-6.02,lower
Reading,8,MO,p75,2024,2022,-1.79,equal
Reading,8,MO,p90,2024,2019,-4.69,equal
Reading,8,MO,p90,2024,2022,-1.29,equal
Reading,8,MS,mean,2024,2003,-1.54,equal
Reading,8,MS,mean,2024,2005,2.94,equal
Reading,8,MS,mean,2024,2007,3.4,higher
Reading,8,MS,mean,2024,2009,2.16,equal
Reading,8,MS,mean,2024,2011,-0.37,equal
Reading,8,MS,mean,2024,2013,0.32,equal
Reading,8,MS,mean,2024,2015,1.49,equal
Reading,8,MS,mean,2024,2017,-2.88,lower
Reading,8,MS,mean,2024,2019,-2.91,equal
Reading,8,MS,mean,2024,2022,0.54,equal
Reading,8,MS,p10,2024,2019,-4.12,equal
Reading,8,MS,p10,2024,2022,0.37,equal
Reading,8,MS,p25,2024,2019,-3.68,lower
Reading,8,MS,p25,2024,2022,0.59,equal
Reading,8,MS,p50,2024,2019,-3.14,equal
Reading,8,MS,p50,2024,2022,0.72,equal
Reading,8,MS,p75,2024,2019,-2.41,equal
Reading,8,MS,p75,2024,2022,0.87,equal
Reading,8,MS,p90,2024,2019,-1.07,equal
Reading,8,MS,p90,2024,2022,1.16,equal
Reading,8,MT,mean,2024,2003,-9.3,lower
Reading,8,MT,mean,2024,2005,-8.69,lower
Reading,8,MT,mean,2024,2007,-10.41,lower
Reading,8,MT,mean,2024,2009,-9.86,lower
Reading,8,MT,mean,2024,2011,-12.34,lower
Reading,8,MT,mean,2024,2013,-11.23,lower
Reading,8,MT,mean,2024,2015,-9.42,lower
Reading,8,MT,mean,2024,2017,-6.68,lower
Reading,8,MT,mean,2024,2019,-4.3,lower
Reading,8,MT,mean,2024,2022,-0.65,equal
Reading,8,MT,p10,2024,2019,-7.3,equal
Reading,8,MT,p10,2024,2022,-4.85,equal
Reading,8,MT,p25,2024,2019,-7.47,lower
Reading,8,MT,p25,2024,2022,-3.08,equal
Reading,8,MT,p50,2024,2019,-4.6,lower
Reading,8,MT,p50,2024,2022,0.6,equal
Reading,8,MT,p75,2024,2019,-2.4,equal
Reading,8,MT,p75,2024,2022,1.84,equal
Reading,8,MT,p90,2024,2019,-0.69,equal
Reading,8,MT,p90,2024,2022,2.15,equal
Reading,8,NC,mean,2024,2003,-6.81,lower
Reading,8,NC,mean,2024,2005,-3.26,equal
Reading,8,NC,mean,2024,2007,-4.23,lower
Reading,8,NC,mean,2024,2009,-4.63,lower
Reading,8,NC,mean,2024,2011,-8.03,lower
Reading,8,NC,mean,2024,2013,-9.64,lower
Reading,8,NC,mean,2024,2015,-5.69,lower
Reading,8,NC,mean,2024,2017,-7.82,lower
Reading,8,NC,mean,2024,2019,-7.63,lower
Reading,8,NC,mean,2024,2022,-1.25,equal
Reading,8,NC,p10,2024,2019,-11.67,lower
Reading,8,NC,p10,2024,2022,-6.55,equal
Reading,8,NC,p25,2024,2019,-9.49,lower
Reading,8,NC,p25,2024,2022,-2.38,equal
Reading,8,NC,p50,2024,2019,-6.9,lower
Reading,8,NC,p50,2024,2022,0.21,equal
Reading,8,NC,p75,2024,2019,-5.75,lower
Reading,8,NC,p75,2024,2022,1.36,equal
Reading,8,NC,p90,2024,2019,-5.25,equal
Reading,8,NC,p90,2024,2022,1.21,equal
Reading,8,ND,mean,2024,2003,-12.34,lower
Reading,8,ND,mean,2024,2005,-12.85,lower
Reading,8,ND,mean,2024,2007,-10.63,lower
Reading,8,ND,mean,2024,2009,-11.85,lower
Reading,8,ND,mean,2024,2011,-11.3,lower
Reading,8,ND,mean,2024,2013,-10.39,lower
Reading,8,ND,mean,2024,2015,-9.56,lower
Reading,8,ND,mean,2024,2017,-7.69,lower
Reading,8,ND,mean,2024,2019,-5.84,lower
Reading,8,ND,mean,2024,2022,-0.69,equal
Reading,8,ND,p10,2024,2019,-6.44,lower
Reading,8,ND,p10,2024,2022,1.54,equal
Reading,8,ND,p25,2024,2019,-6.84,lower
Reading,8,ND,p25,2024,2022,-0.17,equal
Reading,8,ND,p50,2024,2019,-6.51,lower
Reading,8,ND,p50,2024,2022,-0.41,equal
Reading,8,ND,p75,2024,2019,-5.29,lower
Reading,8,ND,p75,2024,2022,-1.95,equal
Reading,8,ND,p90,2024,2019,-3.98,equal
Reading,8,ND,p90,2024,2022,-3.02,equal
Reading,8,NE,mean,2024,2003,-10.18,lower
Reading,8,NE,mean,2024,2005,-11.32,lower
Reading,8,NE,mean,2024,2007,-10.9,lower
Reading,8,NE,mean,2024,2009,-10.94,lower
Reading,8,NE,mean,2024,2011,-11.57,lower
Reading,8,NE,mean,2024,2013,-13.09,lower
Reading,8,NE,mean,2024,2015,-13.29,lower
Reading,8,NE,mean,2024,2017,-12.4,lower
Reading,8,NE,mean,2024,2019,-7.86,lower
Reading,8,NE,mean,2024,2022,-3.18,lower
Reading,8,NE,p10,2024,2019,-12.59,lower
Reading,8,NE,p10,2024,2022,-5.95,equal
Reading,8,NE,p25,2024,2019,-9.69,lower
Reading,8,NE,p25,2024,2022,-4.18,equal
Reading,8,NE,p50,2024,2019,-7.24,lower
Reading,8,NE,p50,2024,2022,-2.45,equal
Reading,8,NE,p75,2024,2019,-5.71,lower
Reading,8,NE,p75,2024,2022,-1.24,equal
Reading,8,NE,p90,2024,2019,-4.35,lower
Reading,8,NE,p90,2024,2022,-0.99,equal
Reading,8,NH,mean,2024,2003,-6.82,lower
Reading,8,NH,mean,2024,2005,-5.74,lower
Reading,8,NH,mean,2024,2007,-5.82,lower
Reading,8,NH,mean,2024,2009,-6.84,lower
Reading,8,NH,mean,2024,2011,-8.17,lower
Reading,8,NH,mean,2024,2013,-10.39,lower
Reading,8,NH,mean,2024,2015,-10.89,lower
Reading,8,NH,mean,2024,2017,-10.87,lower
Reading,8,NH,mean,2024,2019,-4.04,lower
Reading,8,NH,mean,2024,2022,0.73,equal
Reading,8,NH,p10,2024,2019,-7.36,lower
Reading,8,NH,p10,2024,2022,0.42,equal
Reading,8,NH,p25,2024,2019,-5.48,lower
Reading,8,NH,p25,2024,2022,1.06,equal
Reading,8,NH,p50,2024,2019,-3.87,equal
Reading,8,NH,p50,2024,2022,1.41,equal
Reading,8,NH,p75,2024,2019,-3.14,equal
Reading,8,NH,p75,2024,2022,0.51,equal
Reading,8,NH,p90,2024,2019,-2.4,equal
Reading,8,NH,p90,2024,2022,-0.15,equal
Reading,8,NJ,mean,2024,2003,-1.82,equal
Reading,8,NJ,mean,2024,2005,-3.46,equal
Reading,8,NJ,mean,2024,2007,-4.18,lower
Reading,8,NJ,mean,2024,2009,-6.84,lower
Reading,8,NJ,mean,2024,2011,-9.22,lower
Reading,8,NJ,mean,2024,2013,-10.42,lower
Reading,8,NJ,mean,2024,2015,-4.89,lower
Reading,8,NJ,mean,2024,2017,-9.08,lower
Reading,8,NJ,mean,2024,2019,-4.4,lower
Reading,8,NJ,mean,2024,2022,-3.82,equal
Reading,8,NJ,p10,2024,2019,-6.01,equal
Reading,8,NJ,p10,2024,2022,-9.55,lower
Reading,8,NJ,p25,2024,2019,-5.48,lower
Reading,8,NJ,p25,2024,2022,-5.54,lower
Reading,8,NJ,p50,2024,2019,-4.45,lower
Reading,8,NJ,p50,2024,2022,-3.36,equal
Reading,8,NJ,p75,2024,2019,-4.02,equal
Reading,8,NJ,p75,2024,2022,-1.39,equal
Reading,8,NJ,p90,2024,2019,-4,equal
Reading,8,NJ,p90,2024,2022,0.15,equal
Reading,8,NM,mean,2024,2003,-6.54,lower
Reading,8,NM,mean,2024,2005,-5.98,lower
Reading,8,NM,mean,2024,2007,-5.7,lower
Reading,8,NM,mean,2024,2009,-9.07,lower
Reading,8,NM,mean,2024,2011,-10.81,lower
Reading,8,NM,mean,2024,2013,-10.81,lower
Reading,8,NM,mean,2024,2015,-8.17,lower
Reading,8,NM,mean,2024,2017,-10.52,lower
Reading,8,NM,mean,2024,2019,-6.64,lower
Reading,8,NM,mean,2024,2022,-2.74,equal
Reading,8,NM,p10,2024,2019,-6.57,lower
Reading,8,NM,p10,2024,2022,-5.84,equal
Reading,8,NM,p25,2024,2019,-6.69,lower
Reading,8,NM,p25,2024,2022,-4.26,equal
Reading,8,NM,p50,2024,2019,-7.28,lower
Reading,8,NM,p50,2024,2022,-3.14,equal
Reading,8,NM,p75,2024,2019,-6.01,lower
Reading,8,NM,p75,2024,2022,-0.35,equal
Reading,8,NM,p90,2024,2019,-5.77,equal
Reading,8,NM,p90,2024,2022,1.01,equal
Reading,8,NP,mean,2024,2003,-4.67,lower
Reading,8,NP,mean,2024,2005,-3.74,lower
Reading,8,NP,mean,2024,2007,-4.35,lower
Reading,8,NP,mean,2024,2009,-5.63,lower
Reading,8,NP,mean,2024,2011,-6.93,lower
Reading,8,NP,mean,2024,2013,-9.36,lower
Reading,8,NP,mean,2024,2015,-7.33,lower
Reading,8,NP,mean,2024,2017,-8.67,lower
Reading,8,NP,mean,2024,2019,-5.34,lower
Reading,8,NP,mean,2024,2022,-2.44,lower
Reading,8,NP,p10,2024,2019,-9.24,lower
Reading,8,NP,p10,2024,2022,-5.7,lower
Reading,8,NP,p25,2024,2019,-7.48,lower
Reading,8,NP,p25,2024,2022,-3.69,lower
Reading,8,NP,p50,2024,2019,-5.08,lower
Reading,8,NP,p50,2024,2022,-1.82,lower
Reading,8,NP,p75,2024,2019,-3.38,lower
Reading,8,NP,p75,2024,2022,-0.6,equal
Reading,8,NP,p90,2024,2019,-2.11,lower
Reading,8,NP,p90,2024,2022,-0,equal
Reading,8,NV,mean,2024,2003,0.98,equal
Reading,8,NV,mean,2024,2005,0.42,equal
Reading,8,NV,mean,2024,2007,0.94,equal
Reading,8,NV,mean,2024,2009,-0.55,equal
Reading,8,NV,mean,2024,2011,-4.91,lower
Reading,8,NV,mean,2024,2013,-8.41,lower
Reading,8,NV,mean,2024,2015,-6.13,lower
Reading,8,NV,mean,2024,2017,-6.52,lower
Reading,8,NV,mean,2024,2019,-4.79,lower
Reading,8,NV,mean,2024,2022,-5.6,lower
Reading,8,NV,p10,2024,2019,-8.29,lower
Reading,8,NV,p10,2024,2022,-10.26,lower
Reading,8,NV,p25,2024,2019,-8.14,lower
Reading,8,NV,p25,2024,2022,-8.15,lower
Reading,8,NV,p50,2024,2019,-6.13,lower
Reading,8,NV,p50,2024,2022,-6.33,lower
Reading,8,NV,p75,2024,2019,-2.44,equal
Reading,8,NV,p75,2024,2022,-2.89,equal
Reading,8,NV,p90,2024,2019,0.43,equal
Reading,8,NV,p90,2024,2022,-1.62,equal
Reading,8,NY,mean,2024,2003,-8.46,lower
Reading,8,NY,mean,2024,2005,-8.27,lower
Reading,8,NY,mean,2024,2007,-6.68,lower
Reading,8,NY,mean,2024,2009,-7.42,lower
Reading,8,NY,mean,2024,2011,-8.83,lower
Reading,8,NY,mean,2024,2013,-9.48,lower
Reading,8,NY,mean,2024,2015,-6.38,lower
Reading,8,NY,mean,2024,2017,-7.29,lower
Reading,8,NY,mean,2024,2019,-4.88,equal
Reading,8,NY,mean,2024,2022,-4.79,equal
Reading,8,NY,p10,2024,2019,-13.56,lower
Reading,8,NY,p10,2024,2022,-12.83,lower
Reading,8,NY,p25,2024,2019,-8.55,lower
Reading,8,NY,p25,2024,2022,-7.97,lower
Reading,8,NY,p50,2024,2019,-3.93,equal
Reading,8,NY,p50,2024,2022,-3.07,equal
Reading,8,NY,p75,2024,2019,-0.84,equal
Reading,8,NY,p75,2024,2022,-1.27,equal
Reading,8,NY,p90,2024,2019,1.9,equal
Reading,8,NY,p90,2024,2022,0.24,equal
Reading,8,OH,mean,2024,2003,-6.15,lower
Reading,8,OH,mean,2024,2005,-6.35,lower
Reading,8,OH,mean,2024,2007,-7.56,lower
Reading,8,OH,mean,2024,2009,-8.26,lower
Reading,8,OH,mean,2024,2011,-7.86,lower
Reading,8,OH,mean,2024,2013,-8.67,lower
Reading,8,OH,mean,2024,2015,-5.46,lower
Reading,8,OH,mean,2024,2017,-8.03,lower
Reading,8,OH,mean,2024,2019,-6.63,lower
Reading,8,OH,mean,2024,2022,-1.58,equal
Reading,8,OH,p10,2024,2019,-8.16,lower
Reading,8,OH,p10,2024,2022,-1.21,equal
Reading,8,OH,p25,2024,2019,-7.1,lower
Reading,8,OH,p25,2024,2022,-1.64,equal
Reading,8,OH,p50,2024,2019,-6.77,lower
Reading,8,OH,p50,2024,2022,-1.79,equal
Reading,8,OH,p75,2024,2019,-5.89,lower
Reading,8,OH,p75,2024,2022,-1.18,equal
Reading,8,OH,p90,2024,2019,-4.49,equal
Reading,8,OH,p90,2024,2022,-0.44,equal
Reading,8,OK,mean,2024,2003,-12.93,lower
Reading,8,OK,mean,2024,2005,-10.84,lower
Reading,8,OK,mean,2024,2007,-10.76,lower
Reading,8,OK,mean,2024,2009,-10.71,lower
Reading,8,OK,mean,2024,2011,-11.33,lower
Reading,8,OK,mean,2024,2013,-13.14,lower
Reading,8,OK,mean,2024,2015,-13.89,lower
Reading,8,OK,mean,2024,2017,-12.45,lower
Reading,8,OK,mean,2024,2019,-9.41,lower
Reading,8,OK,mean,2024,2022,-2.51,equal
Reading,8,OK,p10,2024,2019,-16.71,lower
Reading,8,OK,p10,2024,2022,-5.37,equal
Reading,8,OK,p25,2024,2019,-14.88,lower
Reading,8,OK,p25,2024,2022,-3.79,equal
Reading,8,OK,p50,2024,2019,-9.71,lower
Reading,8,OK,p50,2024,2022,-2.66,equal
Reading,8,OK,p75,2024,2019,-5.46,lower
Reading,8,OK,p75,2024,2022,-0.85,equal
Reading,8,OK,p90,2024,2019,-2.89,equal
Reading,8,OK,p90,2024,2022,-0.83,equal
Reading,8,OR,mean,2024,2003,-9.2,lower
Reading,8,OR,mean,2024,2005,-8.33,lower
Reading,8,OR,mean,2024,2007,-10.88,lower
Reading,8,OR,mean,2024,2009,-10.26,lower
Reading,8,OR,mean,2024,2011,-9.4,lower
Reading,8,OR,mean,2024,2013,-13.45,lower
Reading,8,OR,mean,2024,2015,-12.84,lower
Reading,8,OR,mean,2024,2017,-11.39,lower
Reading,8,OR,mean,2024,2019,-8.89,lower
Reading,8,OR,mean,2024,2022,-2.22,equal
Reading,8,OR,p10,2024,2019,-13.45,lower
Reading,8,OR,p10,2024,2022,-6.09,equal
Reading,8,OR,p25,2024,2019,-10.08,lower
Reading,8,OR,p25,2024,2022,-3.21,equal
Reading,8,OR,p50,2024,2019,-7.87,lower
Reading,8,OR,p50,2024,2022,-1.64,equal
Reading,8,OR,p75,2024,2019,-6.98,lower
Reading,8,OR,p75,2024,2022,-0.44,equal
Reading,8,OR,p90,2024,2019,-7.09,lower
Reading,8,OR,p90,2024,2022,0.98,equal
Reading,8,PA,mean,2024,2003,-5.12,lower
Reading,8,PA,mean,2024,2005,-7.67,lower
Reading,8,PA,mean,2024,2007,-8.52,lower
Reading,8,PA,mean,2024,2009,-11.55,lower
Reading,8,PA,mean,2024,2011,-8.6,lower
Reading,8,PA,mean,2024,2013,-12.94,lower
Reading,8,PA,mean,2024,2015,-9.6,lower
Reading,8,PA,mean,2024,2017,-10.41,lower
Reading,8,PA,mean,2024,2019,-5.03,lower
Reading,8,PA,mean,2024,2022,0.05,equal
Reading,8,PA,p10,2024,2019,-9.24,lower
Reading,8,PA,p10,2024,2022,-1.32,equal
Reading,8,PA,p25,2024,2019,-5.36,equal
Reading,8,PA,p25,2024,2022,1.11,equal
Reading,8,PA,p50,2024,2019,-3.83,equal
Reading,8,PA,p50,2024,2022,1.19,equal
Reading,8,PA,p75,2024,2019,-4.37,lower
Reading,8,PA,p75,2024,2022,0.14,equal
Reading,8,PA,p90,2024,2019,-3.88,equal
Reading,8,PA,p90,2024,2022,-0.84,equal
Reading,8,RI,mean,2024,2003,-3.11,lower
Reading,8,RI,mean,2024,2005,-3.2,lower
Reading,8,RI,mean,2024,2007,-0.55,equal
Reading,8,RI,mean,2024,2009,-2.12,lower
Reading,8,RI,mean,2024,2011,-7.35,lower
Reading,8,RI,mean,2024,2013,-8.91,lower
Reading,8,RI,mean,2024,2015,-7.28,lower
Reading,8,RI,mean,2024,2017,-8,lower
Reading,8,RI,mean,2024,2019,-4.38,lower
Reading,8,RI,mean,2024,2022,-1.62,equal
Reading,8,RI,p10,2024,2019,-5.75,equal
Reading,8,RI,p10,2024,2022,-3,equal
Reading,8,RI,p25,2024,2019,-6.89,lower
Reading,8,RI,p25,2024,2022,-2.65,equal
Reading,8,RI,p50,2024,2019,-5.74,lower
Reading,8,RI,p50,2024,2022,-1.49,equal
Reading,8,RI,p75,2024,2019,-3.92,equal
Reading,8,RI,p75,2024,2022,-1.02,equal
Reading,8,RI,p90,2024,2019,-1.47,equal
Reading,8,RI,p90,2024,2022,-0.36,equal
Reading,8,SC,mean,2024,2003,-4.4,lower
Reading,8,SC,mean,2024,2005,-3.48,lower
Reading,8,SC,mean,2024,2007,-3.73,lower
Reading,8,SC,mean,2024,2009,-3.59,lower
Reading,8,SC,mean,2024,2011,-6.62,lower
Reading,8,SC,mean,2024,2013,-7.76,lower
Reading,8,SC,mean,2024,2015,-6.64,lower
Reading,8,SC,mean,2024,2017,-6.07,lower
Reading,8,SC,mean,2024,2019,-5.29,lower
Reading,8,SC,mean,2024,2022,-0.18,equal
Reading,8,SC,p10,2024,2019,-10.24,lower
Reading,8,SC,p10,2024,2022,0.04,equal
Reading,8,SC,p25,2024,2019,-7.45,lower
Reading,8,SC,p25,2024,2022,0.34,equal
Reading,8,SC,p50,2024,2019,-4.43,lower
Reading,8,SC,p50,2024,2022,0.94,equal
Reading,8,SC,p75,2024,2019,-3.28,equal
Reading,8,SC,p75,2024,2022,-0.89,equal
Reading,8,SC,p90,2024,2019,-2.65,equal
Reading,8,SC,p90,2024,2022,-1.2,equal
Reading,8,SD,mean,2024,2003,-10.08,lower
Reading,8,SD,mean,2024,2005,-8.65,lower
Reading,8,SD,mean,2024,2007,-9.71,lower
Reading,8,SD,mean,2024,2009,-10.17,lower
Reading,8,SD,mean,2024,2011,-9.06,lower
Reading,8,SD,mean,2024,2013,-8.21,lower
Reading,8,SD,mean,2024,2015,-7.19,lower
Reading,8,SD,mean,2024,2017,-7.47,lower
Reading,8,SD,mean,2024,2019,-2.88,lower
Reading,8,SD,mean,2024,2022,-1.95,equal
Reading,8,SD,p10,2024,2019,-4.66,equal
Reading,8,SD,p10,2024,2022,-1.19,equal
Reading,8,SD,p25,2024,2019,-4.18,equal
Reading,8,SD,p25,2024,2022,-3.13,equal
Reading,8,SD,p50,2024,2019,-3.51,equal
Reading,8,SD,p50,2024,2022,-2.93,equal
Reading,8,SD,p75,2024,2019,-2.61,equal
Reading,8,SD,p75,2024,2022,-2.05,equal
Reading,8,SD,p90,2024,2019,-2.26,equal
Reading,8,SD,p90,2024,2022,-1.77,equal
Reading,8,TN,mean,2024,2003,0.86,equal
Reading,8,TN,mean,2024,2005,-0.11,equal
Reading,8,TN,mean,2024,2007,-0.2,equal
Reading,8,TN,mean,2024,2009,-1.98,equal
Reading,8,TN,mean,2024,2011,-0.24,equal
Reading,8,TN,mean,2024,2013,-6.39,lower
Reading,8,TN,mean,2024,2015,-5.81,lower
Reading,8,TN,mean,2024,2017,-3.08,equal
Reading,8,TN,mean,2024,2019,-3.5,equal
Reading,8,TN,mean,2024,2022,1.41,equal
Reading,8,TN,p10,2024,2019,-9.65,lower
Reading,8,TN,p10,2024,2022,0.01,equal
Reading,8,TN,p25,2024,2019,-5.92,lower
Reading,8,TN,p25,2024,2022,1.39,equal
Reading,8,TN,p50,2024,2019,-2.55,equal
Reading,8,TN,p50,2024,2022,2.08,equal
Reading,8,TN,p75,2024,2019,-0.19,equal
Reading,8,TN,p75,2024,2022,3.12,equal
Reading,8,TN,p90,2024,2019,0.11,equal
Reading,8,TN,p90,2024,2022,1.89,equal
Reading,8,TX,mean,2024,2003,-6.51,lower
Reading,8,TX,mean,2024,2005,-5.92,lower
Reading,8,TX,mean,2024,2007,-8.55,lower
Reading,8,TX,mean,2024,2009,-8.1,lower
Reading,8,TX,mean,2024,2011,-9.16,lower
Reading,8,TX,mean,2024,2013,-11.42,lower
Reading,8,TX,mean,2024,2015,-8.39,lower
Reading,8,TX,mean,2024,2017,-8.08,lower
Reading,8,TX,mean,2024,2019,-3.48,equal
Reading,8,TX,mean,2024,2022,-2.91,equal
Reading,8,TX,p10,2024,2019,-9.46,lower
Reading,8,TX,p10,2024,2022,-10.19,lower
Reading,8,TX,p25,2024,2019,-7.61,lower
Reading,8,TX,p25,2024,2022,-6.55,equal
Reading,8,TX,p50,2024,2019,-4.53,equal
Reading,8,TX,p50,2024,2022,-3,equal
Reading,8,TX,p75,2024,2019,-0.14,equal
Reading,8,TX,p75,2024,2022,1.69,equal
Reading,8,TX,p90,2024,2019,3.88,equal
Reading,8,TX,p90,2024,2022,4.75,higher
Reading,8,UT,mean,2024,2003,-3.11,lower
Reading,8,UT,mean,2024,2005,-0.68,equal
Reading,8,UT,mean,2024,2007,-1.03,equal
Reading,8,UT,mean,2024,2009,-4.4,lower
Reading,8,UT,mean,2024,2011,-5.89,lower
Reading,8,UT,mean,2024,2013,-8.85,lower
Reading,8,UT,mean,2024,2015,-8.24,lower
Reading,8,UT,mean,2024,2017,-7.56,lower
Reading,8,UT,mean,2024,2019,-6.22,lower
Reading,8,UT,mean,2024,2022,-4.02,lower
Reading,8,UT,p10,2024,2019,-8.16,lower
Reading,8,UT,p10,2024,2022,-4.31,equal
Reading,8,UT,p25,2024,2019,-7.31,lower
Reading,8,UT,p25,2024,2022,-3.81,equal
Reading,8,UT,p50,2024,2019,-6.06,lower
Reading,8,UT,p50,2024,2022,-3.88,lower
Reading,8,UT,p75,2024,2019,-4.94,lower
Reading,8,UT,p75,2024,2022,-3.86,equal
Reading,8,UT,p90,2024,2019,-5.07,equal
Reading,8,UT,p90,2024,2022,-3.11,equal
Reading,8,VA,mean,2024,2003,-11.75,lower
Reading,8,VA,mean,2024,2005,-11.55,lower
Reading,8,VA,mean,2024,2007,-10.62,lower
Reading,8,VA,mean,2024,2009,-9.38,lower
Reading,8,VA,mean,2024,2011,-11.02,lower
Reading,8,VA,mean,2024,2013,-11.33,lower
Reading,8,VA,mean,2024,2015,-10.58,lower
Reading,8,VA,mean,2024,2017,-11.49,lower
Reading,8,VA,mean,2024,2019,-5.54,lower
Reading,8,VA,mean,2024,2022,-3.29,equal
Reading,8,VA,p10,2024,2019,-10.65,lower
Reading,8,VA,p10,2024,2022,-8.3,equal
Reading,8,VA,p25,2024,2019,-6.94,lower
Reading,8,VA,p25,2024,2022,-3.47,equal
Reading,8,VA,p50,2024,2019,-5.47,lower
Reading,8,VA,p50,2024,2022,-2.28,equal
Reading,8,VA,p75,2024,2019,-3.8,equal
Reading,8,VA,p75,2024,2022,-1.82,equal
Reading,8,VA,p90,2024,2019,-1.67,equal
Reading,8,VA,p90,2024,2022,-0.2,equal
Reading,8,VT,mean,2024,2003,-13.24,lower
Reading,8,VT,mean,2024,2005,-11.49,lower
Reading,8,VT,mean,2024,2007,-15.76,lower
Reading,8,VT,mean,2024,2009,-15.02,lower
Reading,8,VT,mean,2024,2011,-16.56,lower
Reading,8,VT,mean,2024,2013,-17.09,lower
Reading,8,VT,mean,2024,2015,-16.68,lower
Reading,8,VT,mean,2024,2017,-16.12,lower
Reading,8,VT,mean,2024,2019,-11.2,lower
Reading,8,VT,mean,2024,2022,-6.5,lower
Reading,8,VT,p10,2024,2019,-12.94,lower
Reading,8,VT,p10,2024,2022,-9.45,lower
Reading,8,VT,p25,2024,2019,-13.32,lower
Reading,8,VT,p25,2024,2022,-8.06,lower
Reading,8,VT,p50,2024,2019,-11.25,lower
Reading,8,VT,p50,2024,2022,-5.64,lower
Reading,8,VT,p75,2024,2019,-9.49,lower
Reading,8,VT,p75,2024,2022,-5.06,lower
Reading,8,VT,p90,2024,2019,-9.59,lower
Reading,8,VT,p90,2024,2022,-5.73,lower
Reading,8,WA,mean,2024,2003,-5.22,lower
Reading,8,WA,mean,2024,2005,-5.39,lower
Reading,8,WA,mean,2024,2007,-5.68,lower
Reading,8,WA,mean,2024,2009,-7.65,lower
Reading,8,WA,mean,2024,2011,-8.31,lower
Reading,8,WA,mean,2024,2013,-12.77,lower
Reading,8,WA,mean,2024,2015,-7.98,lower
Reading,8,WA,mean,2024,2017,-12.35,lower
Reading,8,WA,mean,2024,2019,-7.01,lower
Reading,8,WA,mean,2024,2022,-2.27,equal
Reading,8,WA,p10,2024,2019,-7.13,equal
Reading,8,WA,p10,2024,2022,-4.63,equal
Reading,8,WA,p25,2024,2019,-7.62,lower
Reading,8,WA,p25,2024,2022,-3.68,equal
Reading,8,WA,p50,2024,2019,-8.35,lower
Reading,8,WA,p50,2024,2022,-2.78,equal
Reading,8,WA,p75,2024,2019,-7.4,lower
Reading,8,WA,p75,2024,2022,-0.92,equal
Reading,8,WA,p90,2024,2019,-5.94,equal
Reading,8,WA,p90,2024,2022,1.24,equal
Reading,8,WI,mean,2024,2003,-6.38,lower
Reading,8,WI,mean,2024,2005,-6.14,lower
Reading,8,WI,mean,2024,2007,-4.09,lower
Reading,8,WI,mean,2024,2009,-5.72,lower
Reading,8,WI,mean,2024,2011,-7.08,lower
Reading,8,WI,mean,2024,2013,-7.45,lower
Reading,8,WI,mean,2024,2015,-9.44,lower
Reading,8,WI,mean,2024,2017,-9.28,lower
Reading,8,WI,mean,2024,2019,-7.29,lower
Reading,8,WI,mean,2024,2022,-2.14,equal
Reading,8,WI,p10,2024,2019,-10.3,lower
Reading,8,WI,p10,2024,2022,-4.77,equal
Reading,8,WI,p25,2024,2019,-7.98,lower
Reading,8,WI,p25,2024,2022,-1.99,equal
Reading,8,WI,p50,2024,2019,-6.99,lower
Reading,8,WI,p50,2024,2022,-1.1,equal
Reading,8,WI,p75,2024,2019,-6.34,lower
Reading,8,WI,p75,2024,2022,-0.94,equal
Reading,8,WI,p90,2024,2019,-5.29,lower
Reading,8,WI,p90,2024,2022,-1.76,equal
Reading,8,WV,mean,2024,2003,-12.2,lower
Reading,8,WV,mean,2024,2005,-7.71,lower
Reading,8,WV,mean,2024,2007,-7.64,lower
Reading,8,WV,mean,2024,2009,-7.44,lower
Reading,8,WV,mean,2024,2011,-8.75,lower
Reading,8,WV,mean,2024,2013,-10.02,lower
Reading,8,WV,mean,2024,2015,-12.82,lower
Reading,8,WV,mean,2024,2017,-11.34,lower
Reading,8,WV,mean,2024,2019,-8.26,lower
Reading,8,WV,mean,2024,2022,-2.04,equal
Reading,8,WV,p10,2024,2019,-13.32,lower
Reading,8,WV,p10,2024,2022,-2.66,equal
Reading,8,WV,p25,2024,2019,-12.64,lower
Reading,8,WV,p25,2024,2022,-3.48,equal
Reading,8,WV,p50,2024,2019,-8.32,lower
Reading,8,WV,p50,2024,2022,-1.88,equal
Reading,8,WV,p75,2024,2019,-5.04,lower
Reading,8,WV,p75,2024,2022,-1.05,equal
Reading,8,WV,p90,2024,2019,-2.82,equal
Reading,8,WV,p90,2024,2022,-1.07,equal
Reading,8,WY,mean,2024,2003,-7.03,lower
Reading,8,WY,mean,2024,2005,-8.16,lower
Reading,8,WY,mean,2024,2007,-6.26,lower
Reading,8,WY,mean,2024,2009,-8.19,lower
Reading,8,WY,mean,2024,2011,-9.6,lower
Reading,8,WY,mean,2024,2013,-11,lower
Reading,8,WY,mean,2024,2015,-8.84,lower
Reading,8,WY,mean,2024,2017,-9.05,lower
Reading,8,WY,mean,2024,2019,-4.67,lower
Reading,8,WY,mean,2024,2022,-0.8,equal
Reading,8,WY,p10,2024,2019,-8.05,equal
Reading,8,WY,p10,2024,2022,-1.64,equal
Reading,8,WY,p25,2024,2019,-6.35,lower
Reading,8,WY,p25,2024,2022,-1.93,equal
Reading,8,WY,p50,2024,2019,-4.03,lower
Reading,8,WY,p50,2024,2022,-0.65,equal
Reading,8,WY,p75,2024,2019,-3.86,lower
Reading,8,WY,p75,2024,2022,-0.32,equal
Reading,8,WY,p90,2024,2019,-2.93,equal
Reading,8,WY,p90,2024,2022,-0.45,equal
